Workbook

Sheet Capa Tabela
A1: 2024/5
G3: 14 de Agosto 2024
A4: ACABAMENTOS:
A5: VIDROS:
A7: * Para colocar VIDRO EXTRA CLEAR, ESPELHO PRATA OU ESPELHO BRONZE, acrescentar ao móvel valor descrito na ultima página. * O vidro utilizado nos móveis é comum, pode haver diferença de tonalidade;
A8: * Vidros comum 4mm e extra clear 4mm medida maxima de 3,20x1,30 ou redondos e quadrados de 2,00x2,00
A9: * Vidros comum 6mm medida maxima de 3,59x1,50 ou redondos e quadrados de 2,00x2,00(sob consulta) esta espessura é mais esverdeado que o vidro comum 4mm
A10: OBS: A Nogueira o Carvalho e o Louro Freijó somente são fornecidos em laminados, as bases de madeira maciça serão produzidas em madeira tingida em cor semelhante.
A11: OBS: Os metais presentes nas peças podem ser feitos em qualquer cor de LACA PADRÃO BRILHO OU FOSCO (Informar no pedido)

Sheet Cores Capa
A1: LACAS LISAS BRAZIL | C1: LACAS METALIZADAS BRAZIL | E1: MADEIRAS TINGIDAS | G1: CARVALHOS TINGIDOS | I1: OUTRAS CORES
A2: Areia H109 Brilho / Fosco Branco Brilho / Fosco Cinza Claro H155 Brilho / Fosco Crômo Fosco Fendi N109 Brilho / Fosco Preto Fosco LACA CONCRETO BRAZIL Concreto (Somente s/ Vidro) | C2: Bronze Chumbo N109 Ônix METAIS Aço Cortein New Golden Preto Fosco Ônix Metalizado N109 Metalizado | E2: Imbuia Clara LÂMINAS Carvalho Louro Freijó Nogueira Pau Ferro | G2: Carvalho Claro Carvalho Ebanizado Carvalho Lavado Carvalho Natural CARVALHOS LAQUEADO Albanizado Cinza Claro (H155 Fosco) CARVALHOS METALIZADOS N109 Metalizado Ônix Metalizado | I2: Lacas Especiais Sayerlack
A4: OBS: Lacas especiais Sayerlack Brilho ou Fosca acrescentar 15% sobre a terceira coluna da tabela, se for laca especial metalizada ou perolizada consultar a empresa.

Sheet Garantia

Sheet Mark Up 
A1: Local onde faz a multiplicação nas colunas da tabelas, se precisar dobrar o valor mudar o numero 1 para 2, se precisar triplicar o valor trocar numero 1 para 3 e por assim adiante.
A2: MARK UP | C2: 4.62

Sheet Origem 
A1: 9464-1 | B1: Aparador Alabama (canto garrafa) | C1: 1,40 x 0,45 x 0,76 | D1: 1795 | E1: 1847 | F1: 2025 | G1: X | H1: 0
A2: 9464-2 | B2: Aparador Alabama (canto garrafa) | C2: 1,60 x 0,45 x 0,76 | D2: 1842 | E2: 1916 | F2: 2107 | G2: X | H2: 0
A3: 9464-3 | B3: Aparador Alabama (canto garrafa) | C3: 1,80 x 0,45 x 0,76 | D3: 2017 | E3: 2117 | F3: 2366 | G3: X | H3: 0
A4: 9464-4 | B4: Aparador Alabama (canto garrafa) | C4: 2,00 x 0,45 x 0,76 | D4: 2133 | E4: 2221 | F4: 2433 | G4: X | H4: 0
A5: 9464-5 | B5: Aparador Alabama (canto garrafa) | C5: 2,20 x 0,45 x 0,76 | D5: 2243 | E5: 2342 | F5: 2557 | G5: X | H5: 0
A6: 4064-2 | B6: Aparador Aurora (3 gavetas marchetadas); pés metal | C6: 1,66 x 0,45 x 0,80 | D6: 3206 | E6: 3833 | F6: 4251 | G6: 4476 | H6: 0
A7: 4064-3 | B7: Aparador Aurora (3 gaveta marchetadas) pés metal | C7: 1,86 x 0,45 x 0,80 | D7: 3526 | E7: 3992 | F7: 4555 | G7: 4813 | H7: 0
A8: 4064-4 | B8: Aparador Aurora (3 gavetas marchetadas) pés metal | C8: 2,06 x 0,45 x 0,80 | D8: 3673 | E8: 4311 | F8: 5150 | G8: 5260 | H8: 0
A9: 4065-2 | B9: Aparador Aurora (c/ bandeja), pés metal | C9: 1,66 x 0,45 x 0,76 | D9: 2494 | E9: 2873 | F9: 3204 | G9: 3413 | H9: 0
A10: 4065-3 | B10: Aparador Aurora (c/ bandeja), pés metal | C10: 1,86 x 0,45 x 0,76 | D10: 2718 | E10: 3083 | F10: 3519 | G10: 3760 | H10: 0
A11: 4065-4 | B11: Aparador Aurora (c/ bandeja), pés metal | C11: 2,06 x 0,45 x 0,76 | D11: 2966 | E11: 3377 | F11: 3866 | G11: 4136 | H11: 0
A12: 10984-1 | B12: Aparador Baden ,tp e bandeja canto garrafa, pés metal (se laca brilho somente c/ VD) | C12: 1,40 x 0,39 x 0,75 | D12: 2067 | E12: 2273 | F12: 2583 | G12: 2726 | H12: 0
A13: 10984-2 | B13: Aparador Baden ,tp e bandeja canto garrafa, pés metal (se laca brilho somente c/ VD) | C13: 1,60 x 0,39 x 0,75 | D13: 2219 | E13: 2356 | F13: 2708 | G13: 2888 | H13: 0
A14: 10984-3 | B14: Aparador Baden ,tp e bandeja canto garrafa, pés metal (se laca brilho somente c/ VD) | C14: 1,80 x 0,39 x 0,75 | D14: 2300 | E14: 2515 | F14: 2962 | G14: 3118 | H14: 0
A15: 10984-4 | B15: Aparador Baden ,tp e bandeja canto garrafa, pés metal (se laca brilho somente c/ VD) | C15: 2,00 x 0,39 x 0,75 | D15: 2391 | E15: 2695 | F15: 3148 | G15: 3370 | H15: 0
A16: 11620-1 | B16: Aparador Bari TP.(Garrafal) | C16: 1,40 x 0,45 x 0,76 | D16: 1844 | E16: 1887 | F16: 1979 | G16: X | H16: 0
A17: 11620-2 | B17: Aparador Bari TP.(Garrafal) | C17: 1,60 x 0,45 x 0,76 | D17: 1953 | E17: 2015 | F17: 2221 | G17: X | H17: 0
A18: 11620-3 | B18: Aparador Bari TP.(Garrafal) | C18: 1,80 x 0,45 x 0,76 | D18: 2128 | E18: 2188 | F18: 2406 | G18: X | H18: 0
A19: 11640-2 | B19: Aparador Bogotá ,TP.Canto Garrafa; C/ MARCHETARIA | C19: 1,60 x 0,45 x 0,76 | D19: X | E19: 2139 | F19: 2364 | G19: 2722 | H19: 0
A20: 11640-3 | B20: Aparador Bogotá ,TP.Canto Garrafa; C/ MARCHETARIA | C20: 1,80 x 0,45 x 0,76 | D20: X | E20: 2244 | F20: 2479 | G20: 2937 | H20: 0
A21: 11640-4 | B21: Aparador Bogotá ,TP.Canto Garrafa; C/ MARCHETARIA | C21: 2,00 x 0,45 x 0,76 | D21: X | E21: 2333 | F21: 2581 | G21: 3061 | H21: 0
A22: 11641-2 | B22: Aparador Bogotá ,TP.Canto Garrafa; S/ MARCHETARIA | C22: 1,60 x 0,45 x 0,76 | D22: 1822 | E22: 2035 | F22: 2226 | G22: 2636 | H22: 0
A23: 11641-3 | B23: Aparador Bogotá ,TP.Canto Garrafa; S/ MARCHETARIA | C23: 1,80 x 0,45 x 0,76 | D23: 1933 | E23: 2129 | F23: 2335 | G23: 2767 | H23: 0
A24: 11641-4 | B24: Aparador Bogotá ,TP.Canto Garrafa; S/ MARCHETARIA | C24: 2,00 x 0,45 x 0,76 | D24: 2020 | E24: 2210 | F24: 2421 | G24: 2875 | H24: 0
A25: 9554-1 | B25: Aparador Copenhague (tmp oblongo) (se laca brilho somente c/ VD) | C25: 1,41 x 0,46 x 0,76 | D25: 2540 | E25: 2913 | F25: 3285 | G25: 3595 | H25: 0
A26: 9554-2 | B26: Aparador Copenhague (tmp oblongo) (se laca brilho somente c/ VD) | C26: 1,61 x 0,46 x 0,76 | D26: 2719 | E26: 3237 | F26: 3445 | G26: 3799 | H26: 0
A27: 9554-3 | B27: Aparador Copenhague (tmp oblongo) (se laca brilho somente c/ VD) | C27: 1,81 x 0,46 x 0,76 | D27: 2873 | E27: 3407 | F27: 3621 | G27: 3987 | H27: 0
A28: 4594-2 | B28: Aparador Ellos (canto garrafa), pés metal | C28: 1,35 x 0,35 x 0,76 | D28: 1642 | E28: 1780 | F28: 1980 | G28: 2028 | H28: 0
A29: 4594-3 | B29: Aparador Ellos (canto garrafa), pés metal | C29: 1,60 x 0,35 x 0,76 | D29: 1805 | E29: 1915 | F29: 2146 | G29: 2228 | H29: 0
A30: 4594-4 | B30: Aparador Ellos (canto garrafa), pés metal | C30: 1,80 x 0,35 x 0,76 | D30: 2067 | E30: 2177 | F30: 2384 | G30: 2488 | H30: 0
A31: 11034-1 | B31: Aparador Granada (tp oblongo), pés mad. (se laca brilho somente c/ VD) | C31: 1,46 x 0,45 x 0,76 | D31: 1518 | E31: 1587 | F31: 1914 | G31: 2021 | H31: 0
A32: 11034-2 | B32: Aparador Granada (tp oblongo), pés mad. (se laca brilho somente c/ VD) | C32: 1,66 x 0,45 x 0,76 | D32: 1667 | E32: 1716 | F32: 2037 | G32: 2171 | H32: 0
A33: 11034-3 | B33: Aparador Granada (tp oblongo), pés mad. (se laca brilho somente c/ VD) | C33: 1,86 x 0,45 x 0,76 | D33: 1750 | E33: 1798 | F33: 2152 | G33: 2315 | H33: 0
... A38: 10484-4 | B38: Aparador Madagascar (tp oblongo), pés metal; (com tampo sobreposto) | C38: 1,96 x 0,39 x 0,76 | D38: 2107 | E38: 2307 | F38: 2583 | G38: 2727 | H38: 0
A39: 11294-1 | B39: Aparador Maracatu, c/ 2 gavetas (se laca brilho somente c/ VD) | C39: 1,51 x 0,46 x 0,78 | D39: 2784 | E39: 3015 | F39: 3689 | G39: X | H39: 0
A40: 11294-2 | B40: Aparador Maracatu, c/ 2 gavetas (se laca brilho somente c/ VD) | C40: 1,71 x 0,46 x 0,78 | D40: 3092 | E40: 3331 | F40: 4061 | G40: X | H40: 0
A41: 11294-3 | B41: Aparador Maracatu, c/ 2 gavetas (se laca brilho somente c/ VD) | C41: 1,91 x 0,46 x 0,78 | D41: 3465 | E41: 3699 | F41: 4506 | G41: X | H41: 0
A42: 11294-4 | B42: Aparador Maracatu, c/ 2 gavetas (se laca brilho somente c/ VD) | C42: 2,11 x 0,46 x 0,78 | D42: 3615 | E42: 3912 | F42: 4846 | G42: X | H42: 0
A43: 11740-15 | B43: Aparador Maro, Pés metal,TP Superior c/ VIDRO INCOLOR (8mm) | C43: 2,10 x 0,45 x 0,76 | D43: 3257 | E43: 3360 | F43: 3683 | G43: 4077 | H43: 0
A44: 11740-16 | B44: Aparador Maro, Pés metal,TP Superior c/ VIDRO INCOLOR (8mm) | C44: 2,40 x 0,45 x 0,76 | D44: 3675 | E44: 3821 | F44: 4206 | G44: 4683 | H44: 0
A45: 7804-3 | B45: Aparador Oslo, tampo bandeja, pés mad. | C45: 1,75 x 0,45 x 0,76 | D45: 2238 | E45: 2436 | F45: 2835 | G45: X | H45: 0
A46: 7804-4 | B46: Aparador Oslo, tampo bandeja, pés mad. | C46: 1,95 x 0,45 x 0,76 | D46: 2447 | E46: 2652 | F46: 3068 | G46: X | H46: 0
A47: 7804-5 | B47: Aparador Oslo, tampo bandeja, pés mad. | C47: 2,15 x 0,45 x 0,76 | D47: 2632 | E47: 2816 | F47: 3164 | G47: X | H47: 0
A48: 11984-2 | B48: Aparador Rene TP. Canto Garrafa | C48: 1,60 x 0,45 x 0,76 | D48: 1906 | E48: 1862 | F48: 2177 | G48: 2424 | H48: 0
A49: 11984-3 | B49: Aparador Rene TP. Canto Garrafa | C49: 1,80 x 0,45 x 0,76 | D49: 2067 | E49: 2009 | F49: 2332 | G49: 2593 | H49: 0
A50: 10634-1 | B50: Aparador Palermo (tp oblongo, c/ 3 gav.) pés metal (se laca brilho somente c/ VD) | C50: 1,41 x 0,46 x 0,77 | D50: 2626 | E50: 2923 | F50: 3295 | G50: 3381 | H50: 0
A51: 10634-2 | B51: Aparador Palermo (tp oblongo, c/ 3 gav.) pés metal (se laca brilho somente c/ VD) | C51: 1,61 x 0,46 x 0,77 | D51: 2757 | E51: 3045 | F51: 3523 | G51: 3633 | H51: 0
A52: 10634-3 | B52: Aparador Palermo (tp oblongo, c/ 3 gav.) pés metal (se laca brilho somente c/ VD) | C52: 1,81 x 0,46 x 0,77 | D52: 2911 | E52: 3247 | F52: 3670 | G52: 3835 | H52: 0
A53: 10634-4 | B53: Aparador Palermo (tp oblongo, c/ 3 gav.) pés metal (se laca brilho somente c/ VD) | C53: 2,01 x 0,46 x 0,77 | D53: 3030 | E53: 3358 | F53: 3961 | G53: 4130 | H53: 0
A54: 8990-3 | B54: Buffet Aurora Marchetado (4 portas;1 gav. Int.; 1 prat.), tpo bandeja (se laca somente c/ VD), pés metal | C54: 1,84 x 0,48 x 0,76 | D54: 4590 | E54: 5556 | F54: 6405 | G54: 6857 | H54: 0
A55: 8990-4 | B55: Buffet Aurora Marchetado (4 portas;1 gav. Int.; 1 prat.), tpo bandeja (se laca somente c/ VD), pés metal | C55: 2,04 x 0,48 x 0,76 | D55: 4755 | E55: 5871 | F55: 6693 | G55: 7276 | H55: 0
A56: 8990-5 | B56: Buffet Aurora Marchetado (5 portas;1 gav. Int.; 2 prat.), tpo bandeja (se laca somente c/ VD), pés metal | C56: 2,29 x 0,48 x 0,76 | D56: 5100 | E56: 6334 | F56: 7198 | G56: 7845 | H56: 0
A57: 8990-7 | B57: Buffet Aurora Marchetado (5 portas;1 gav. Int.; 2 prat.), tpo bandeja (se laca somente c/ VD), pés metal | C57: 2,54 x 0,48 x 0,76 | D57: 5467 | E57: 6864 | F57: 7752 | G57: 8474 | H57: 0
A58: 11800-10 | B58: Buffet Aurora B Marchetado""INTERNO PRETO OU CINZA"" (4 portas;1 gav. Int.; 1 prat.), tpo bandeja (se laca brilho somente c/ VD), pés metal | C58: 1,86 x 0,48 x 0,75 | D58: #VALUE! | E58: 4851 | F58: 5447 | G58: 6369 | H58: 0
A59: 11800-12 | B59: Buffet Aurora B Marchetado""INTERNO PRETO OU CINZA"" (4 portas;1 gav. Int.; 1 prat.), tpo bandeja (se laca brilho somente c/ VD), pés metal | C59: 2,06 x 0,48 x 0,75 | D59: #VALUE! | E59: 5143 | F59: 5695 | G59: 6649 | H59: 0
A60: 11800-14 | B60: Buffet Aurora B Marchetado""INTERNO PRETO OU CINZA"" (5 portas;1 gav. Int.; 1 prat.), tpo bandeja (se laca brilho somente c/ VD), pés metal | C60: 2,31 x 0,48 x 0,75 | D60: #VALUE! | E60: 5555 | F60: 6231 | G60: 7299 | H60: 0
A61: 11800-18 | B61: Buffet Aurora B Marchetado""INTERNO PRETO OU CINZA"" (5 portas;1 gav. Int.; 1 prat.), tpo bandeja (se laca brilho somente c/ VD), pés metal | C61: 2,56 x 0,48 x 0,75 | D61: #VALUE! | E61: 5929 | F61: 6671 | G61: 7673 | H61: 0
A62: 10670-10 | B62: Buffet Baden (4 P, 1 Prat Pq, 1 Gav.),pés de metal (se laca brilho somente c/ VD) | C62: 1,80 x 0,48 x 0,76 | D62: 4039 | E62: 4955 | F62: 5717 | G62: 6349 | H62: 0
A63: 10670-12 | B63: Buffet Baden (4 P, 1 Prat Pq, 1 Gav.),pés de metal (se laca brilho somente c/ VD) | C63: 2,00 x 0,48 x 0,76 | D63: 4156 | E63: 5326 | F63: 6020 | G63: 6656 | H63: 0
A64: 10670-14 | B64: Buffet Baden (5 P, 2 Prat Pq, 1 Gav.),pés de metal (se laca brilho somente c/ VD) | C64: 2,25 x 0,48 x 0,76 | D64: 4427 | E64: 5636 | F64: 6412 | G64: 7115 | H64: 0
A65: 10670-18 | B65: Buffet Baden (5 P, 2 Prat Pq, 1 Gav.),pés de metal (se laca brilho somente c/ VD) | C65: 2,50 x 0,48 x 0,76 | D65: 4723 | E65: 5784 | F65: 6596 | G65: 7471 | H65: 0
A66: 8417-0 | B66: Buffet Casablanca (1 gav.int.;1 prat; 4 portas),pés mad. | C66: 1,80 x 0,47 x 0,80 | D66: 3933 | E66: 4730 | F66: 5328 | G66: 5474 | H66: 0
A67: 8417-1 | B67: Buffet Casablanca (1 gav.int.;1 prat; 4 portas),pés mad. | C67: 2,00 x 0,47 x 0,80 | D67: 4127 | E67: 5195 | F67: 5746 | G67: 5922 | H67: 0
A68: 11820-10 | B68: Buffet Chaplin B ""INTERNO PRETO OU CINZA"" (4 portas;1 gav. Int.; 1 prat.), tpo bandeja (se laca brilho somente c/ VD), pés metal | C68: 1,86 x 0,48 x 0,75 | D68: #VALUE! | E68: 4772 | F68: 5359 | G68: 6267 | H68: 0
A69: 11820-12 | B69: Buffet Chaplin B ""INTERNO PRETO OU CINZA"" (4 portas;1 gav. Int.; 1 prat.), tpo bandeja (se laca brilho somente c/ VD), pés metal | C69: 2,06 x 0,48 x 0,75 | D69: #VALUE! | E69: 5048 | F69: 5589 | G69: 6529 | H69: 0
A70: 11820-14 | B70: Buffet Chaplin B ""INTERNO PRETO OU CINZA"" (5 portas;1 gav. Int.; 1 prat.), tpo bandeja (se laca brilho somente c/ VD), pés metal | C70: 2,31 x 0,48 x 0,75 | D70: #VALUE! | E70: 5458 | F70: 6119 | G70: 7170 | H70: 0
A71: 11820-18 | B71: Buffet Chaplin B ""INTERNO PRETO OU CINZA"" (5 portas;1 gav. Int.; 1 prat.), tpo bandeja (se laca brilho somente c/ VD), pés metal | C71: 2,56 x 0,48 x 0,75 | D71: #VALUE! | E71: 6040 | F71: 6572 | G71: 7543 | H71: 0
A72: 7980-3 | B72: Buffet Dinamo (4 portas, 2 gav.), pés metal | C72: 1,80 x 0,47 x 0,76 | D72: 5486 | E72: 5891 | F72: 6699 | G72: 6952 | H72: 0
A73: 7980-4 | B73: Buffet Dinamo (4 portas, 2 gav.), pés metal | C73: 2,00 x 0,47 x 0,76 | D73: 5671 | E73: 6171 | F73: 6992 | G73: 7277 | H73: 0
A74: 7980-7 | B74: Buffet Dinamo (5 portas, 3 gav.), pés metal | C74: 2,50 x 0,47 x 0,76 | D74: 6373 | E74: 7115 | F74: 8141 | G74: 8278 | H74: 0
A75: 10111-10 | B75: Buffet Genova ,Nicho, Pés de Metal (4 portas, 2 Prat., 1 Gav.) | C75: 1,80 x 0,47 x 0,80 | D75: 5070 | E75: 5952 | F75: 6606 | G75: 6873 | H75: 0
A76: 10111-12 | B76: Buffet Genova ,Nicho, Pés de Metal (4 portas, 2 Prat., 1 Gav.) | C76: 2,00 x 0,47 x 0,80 | D76: 5237 | E76: 6196 | F76: 6858 | G76: 7063 | H76: 0
A77: 10111-14 | B77: Buffet Genova ,Nicho, Pés de Metal (5 portas, 3 Prat., 1 Gav.) | C77: 2,25 x 0,47 x 0,80 | D77: 6052 | E77: 6691 | F77: 7750 | G77: 7891 | H77: 0
A78: 10111-18 | B78: Buffet Genova ,Nicho, Pés de Metal (5 portas, 3 Prat., 1 Gav.) | C78: 2,50 x 0,47 x 0,80 | D78: 6379 | E78: 7324 | F78: 8231 | G78: 8265 | H78: 0
A79: 11940-10 | B79: Buffet Genova B ""INTERNO PRETO OU CINZA"" , Nicho, Pés de Metal (4 portas, 2 Prat., 1 Gav.) | C79: 1,82 x 0,47 x 0,80 | D79: #VALUE! | E79: 5595 | F79: 5919 | G79: 6119 | H79: 0
A80: 11940-12 | B80: Buffet Genova B ""INTERNO PRETO OU CINZA"" , Nicho, Pés de Metal (4 portas, 2 Prat., 1 Gav.) | C80: 2,02 x 0,47 x 0,80 | D80: #VALUE! | E80: 5912 | F80: 6267 | G80: 6493 | H80: 0
A81: 11940-14 | B81: Buffet Genova B ""INTERNO PRETO OU CINZA"" , Nicho, Pés de Metal (5 portas, 3 Prat., 1 Gav.) | C81: 2,27 x 0,47 x 0,80 | D81: #VALUE! | E81: 6406 | F81: 6780 | G81: 7017 | H81: 0
A82: 11940-18 | B82: Buffet Genova B ""INTERNO PRETO OU CINZA"" , Nicho, Pés de Metal (5 portas, 3 Prat., 1 Gav.) | C82: 2,52 x 0,47 x 0,80 | D82: #VALUE! | E82: 6664 | F82: 6956 | G82: 7304 | H82: 0
A83: 10141-10 | B83: Buffet Kyoto Porta Marchetada(4 portas) Pux Cava Tp Arredondado Pés de Metal (Somente SEM VD) | C83: 1,88 x 0,45 x 0,76 | D83: 5006 | E83: 5986 | F83: 6696 | G83: 7041 | H83: 0
A84: 10141-12 | B84: Buffet Kyoto Porta Marchetada(4 portas) Pux Cava Tp Arredondado Pés de Metal (Somente SEM VD) | C84: 2,08 x 0,45 x 0,76 | D84: 5258 | E84: 6440 | F84: 7067 | G84: 7789 | H84: 0
A85: 10141-15 | B85: Buffet Kyoto Porta Marchetada(5 portas) Pux Cava Tp Arredondado Pés de Metal (Somente SEM VD) | C85: 2,32 x 0,45 x 0,76 | D85: 5551 | E85: 6765 | F85: 7523 | G85: 7951 | H85: 0
A86: 10141-18 | B86: Buffet Kyoto Porta Marchetada(5 portas) Pux Cava Tp Arredondado Pés de Metal (Somente SEM VD) | C86: 2,58 x 0,45 x 0,76 | D86: 6018 | E86: 7151 | F86: 7896 | G86: 8492 | H86: 0
A87: 12010-10 | B87: Buffet Kyoto "B" Porta Marchetada "INTERNO PRETO OU CINZA" (4 portas) Pux Cava Tp Arredondado Pés Metal (Somente SEM VD) | C87: 1,88 x 0,45 x 0,76 | D87: X | E87: 5672 | F87: 5863 | G87: 6497 | H87: 0
A88: 12010-12 | B88: Buffet Kyoto "B" Porta Marchetada "INTERNO PRETO OU CINZA" (4 portas) Pux Cava Tp Arredondado Pés Metal (Somente SEM VD) | C88: 2,08 x 0,45 x 0,76 | D88: X | E88: 5971 | F88: 6187 | G88: 6873 | H88: 0
A89: 12010-14 | B89: Buffet Kyoto "B" Porta Marchetada "INTERNO PRETO OU CINZA" (5 portas) Pux Cava Tp Arredondado Pés Metal (Somente SEM VD) | C89: 2,32 x 0,45 x 0,76 | D89: X | E89: 6374 | F89: 6677 | G89: 7345 | H89: 0
A90: 12010-18 | B90: Buffet Kyoto "B" Porta Marchetada "INTERNO PRETO OU CINZA" (5 portas) Pux Cava Tp Arredondado Pés Metal (Somente SEM VD) | C90: 2,58 x 0,45 x 0,76 | D90: X | E90: 6704 | F90: 7084 | G90: 7626 | H90: 0
A91: 11155-2 | B91: Balcão Rhone (1 prateleira), pés metal (se laca brilho somente c/ VD) | C91: 1,25 x 0,36 x 0,89 | D91: 2708 | E91: 3327 | F91: 3943 | G91: 4171 | H91: 0
A92: 11760-10 | B92: Buffet Wave Marchetado (4 portas;1 gav. Int.; 1 prat.), pés madeira | C92: 1,82 x 0,47 x 0,76 | D92: 4246 | E92: 5518 | F92: 6407 | G92: 7512 | H92: 0
A93: 11760-12 | B93: Buffet Wave Marchetado (4 portas;1 gav. Int.; 1 prat.), pés madeira | C93: 2,02 x 0,47 x 0,76 | D93: 4432 | E93: 5782 | F93: 6731 | G93: 7683 | H93: 0
A94: 11760-14 | B94: Buffet Wave Marchetado (5 portas;1 gav. Int.; 1 prat.), pés madeira | C94: 2,27 x 0,47 x 0,76 | D94: 5048 | E94: 6395 | F94: 7404 | G94: 8637 | H94: 0
A95: 11760-18 | B95: Buffet Wave Marchetado (5 portas;1 gav. Int.; 1 prat.), pés madeira | C95: 2,52 x 0,47 x 0,76 | D95: 5459 | E95: 7259 | F95: 8491 | G95: 10236 | H95: 0
A96: 11761-10 | B96: Buffet Wave B Marchetaria""INTERNO PRETO OU CINZA"" (4 portas;1 gav. Int.; 1 prat.),pés de madeira | C96: 1,85 x 0,47 x 0,76 | D96: X | E96: 4799 | F96: 5783 | G96: 6406 | H96: 0
A97: 11761-12 | B97: Buffet Wave B Marchetaria""INTERNO PRETO OU CINZA"" (4 portas;1 gav. Int.; 1 prat.),pés de madeira | C97: 2,05 x 0,47 x 0,76 | D97: X | E97: 5327 | F97: 6029 | G97: 6676 | H97: 0
A98: 11761-14 | B98: Buffet Wave B Marchetaria""INTERNO PRETO OU CINZA"" (5 portas;1 gav. Int.; 2 prat.),pés de madeira | C98: 2,30 x 0,47 x 0,76 | D98: X | E98: 5923 | F98: 6685 | G98: 7366 | H98: 0
A99: 11761-18 | B99: Buffet Wave B Marchetaria""INTERNO PRETO OU CINZA"" (5 portas;1 gav. Int.; 2 prat.),pés de madeira | C99: 2,55 x 0,47 x 0,76 | D99: X | E99: 6626 | F99: 7644 | G99: 8650 | H99: 0
A100: 4829-0 | B100: Carrinho de Chá Gold (se laca brilho somente c/ VD) | C100: 1,16 x 0,46 x 0,80 | D100: 2305 | E100: 2632 | F100: 2926 | G100: 3146 | H100: 0
A101: 10249-4 | B101: Carrinho de Chá Macau (se laca brilho, somente c/ VD) | C101: 0,80 x 0,36 x 0,82 | D101: 1687 | E101: 1899 | F101: 2139 | G101: 2299 | H101: 0
A102: 11760-4 | B102: Carrinho de Chá QUIOS (se laca brilho, somente c/ VD) | C102: 0,80 x 0,36 x 0,82 | D102: 1545 | E102: 1712 | F102: 1805 | G102: 1908 | H102: 0
A103: 10019-18 | B103: Carrinho de Chá Vancouver (se laca brilho somente c/ VD) - (Vidro somente no tampo superior) | C103: 2,12 x 0,56 x 0,80 | D103: 4115 | E103: 4438 | F103: 5057 | G103: 5383 | H103: 0
A104: 11880-0 | B104: Gaveteiro Cairo (2 gav.;c/ corrediça toque), pés metal | C104: 0,50 x 0,45 x 0,60 | D104: 1751 | E104: 2211 | F104: 2394 | G104: 2566 | H104: 0
...

Sheet Aparadores
C1: APARADORES | I1: AMBIENTADAS
A2: COLEÇÃO | B2: REF | C2: DESCRIÇÃO | D2: COMP X PROF X ALT | E2: Em caso de cores diferentes Base ou Tampo, utilizar preço de maior valor
E3: COLUNA 1 | F3: COLUNA 2 | G3: COLUNA 3 | H3: COLUNA 4
E4: LACA LISA BRAZIL ( COM OU SEM VIDRO PINTADO) | F4: - CARVALHO CLARO - CARVALHO NATURAL - CARVALHO LAVADO - CARV. EBANIZADO - IMBUIA CLARA * ACRESCENTAR 12% SE COM VIDRO PINTADO | G4: - NOGUEIRA - NOGUEIRA NATURAL - LOURO FREIJÓ - LOURO FREIJÓ NATURAL - LACA METALIZADA BRAZIL - CARV. ÔNIX METALIZADO - CARV. N109 METALIZADO - CARV. ALBANIZADO - CARV. H155 FOSCO - CONCRETO (SOMENTE SEM VIDRO) | H4: - PAU FERRO
E5: OBS. O ACABAMENTO DO METAL NÃO INFLUENCIARÁ NO VALOR DO APARADOR
A6: ALABAMA | B6: 9464-1 | C6: Aparador Alabama (canto garrafa) | D6: 1,40 x 0,45 x 0,76 | E6: =IFERROR(((VLOOKUP(B6,'Origem '!$A$1:$H$1655,4,0)*'Mark Up '!$C$2)),"X") -> 8292.9 | F6: =IFERROR(((VLOOKUP(B6,'Origem '!$A$1:$E$1655,5,0)*'Mark Up '!$C$2)),"X") -> 8533.14 | G6: =IFERROR(((VLOOKUP(B6,'Origem '!$A$1:$F$1655,6,0)*'Mark Up '!$C$2)),"X") -> 9355.5 | H6: =IFERROR(((VLOOKUP(B6,'Origem '!$A$1:$H$1655,7,0)*'Mark Up '!$C$2)),"X") -> X
B7: 9464-2 | C7: Aparador Alabama (canto garrafa) | D7: 1,60 x 0,45 x 0,76 | E7: =IFERROR(((VLOOKUP(B7,'Origem '!$A$1:$H$1655,4,0)*'Mark Up '!$C$2)),"X") -> 8510.04 | F7: =IFERROR(((VLOOKUP(B7,'Origem '!$A$1:$E$1655,5,0)*'Mark Up '!$C$2)),"X") -> 8851.92 | G7: =IFERROR(((VLOOKUP(B7,'Origem '!$A$1:$F$1655,6,0)*'Mark Up '!$C$2)),"X") -> 9734.34 | H7: =IFERROR(((VLOOKUP(B7,'Origem '!$A$1:$H$1655,7,0)*'Mark Up '!$C$2)),"X") -> X
B8: 9464-3 | C8: Aparador Alabama (canto garrafa) | D8: 1,80 x 0,45 x 0,76 | E8: =IFERROR(((VLOOKUP(B8,'Origem '!$A$1:$H$1655,4,0)*'Mark Up '!$C$2)),"X") -> 9318.54 | F8: =IFERROR(((VLOOKUP(B8,'Origem '!$A$1:$E$1655,5,0)*'Mark Up '!$C$2)),"X") -> 9780.54 | G8: =IFERROR(((VLOOKUP(B8,'Origem '!$A$1:$F$1655,6,0)*'Mark Up '!$C$2)),"X") -> 10930.92 | H8: =IFERROR(((VLOOKUP(B8,'Origem '!$A$1:$H$1655,7,0)*'Mark Up '!$C$2)),"X") -> X
B9: 9464-4 | C9: Aparador Alabama (canto garrafa) | D9: 2,00 x 0,45 x 0,76 | E9: =IFERROR(((VLOOKUP(B9,'Origem '!$A$1:$H$1655,4,0)*'Mark Up '!$C$2)),"X") -> 9854.46 | F9: =IFERROR(((VLOOKUP(B9,'Origem '!$A$1:$E$1655,5,0)*'Mark Up '!$C$2)),"X") -> 10261.02 | G9: =IFERROR(((VLOOKUP(B9,'Origem '!$A$1:$F$1655,6,0)*'Mark Up '!$C$2)),"X") -> 11240.46 | H9: =IFERROR(((VLOOKUP(B9,'Origem '!$A$1:$H$1655,7,0)*'Mark Up '!$C$2)),"X") -> X
B10: 9464-5 | C10: Aparador Alabama (canto garrafa) | D10: 2,20 x 0,45 x 0,76 | E10: =IFERROR(((VLOOKUP(B10,'Origem '!$A$1:$H$1655,4,0)*'Mark Up '!$C$2)),"X") -> 10362.66 | F10: =IFERROR(((VLOOKUP(B10,'Origem '!$A$1:$E$1655,5,0)*'Mark Up '!$C$2)),"X") -> 10820.04 | G10: =IFERROR(((VLOOKUP(B10,'Origem '!$A$1:$F$1655,6,0)*'Mark Up '!$C$2)),"X") -> 11813.34 | H10: =IFERROR(((VLOOKUP(B10,'Origem '!$A$1:$H$1655,7,0)*'Mark Up '!$C$2)),"X") -> X
A11: AURORA | B11: 4064-2 | C11: Aparador Aurora (3 gavetas marchetadas); pés metal | D11: 1,66 x 0,45 x 0,80 | E11: =IFERROR(((VLOOKUP(B11,'Origem '!$A$1:$H$1655,4,0)*'Mark Up '!$C$2)),"X") -> 14811.72 | F11: =IFERROR(((VLOOKUP(B11,'Origem '!$A$1:$E$1655,5,0)*'Mark Up '!$C$2)),"X") -> 17708.46 | G11: =IFERROR(((VLOOKUP(B11,'Origem '!$A$1:$F$1655,6,0)*'Mark Up '!$C$2)),"X") -> 19639.62 | H11: =IFERROR(((VLOOKUP(B11,'Origem '!$A$1:$H$1655,7,0)*'Mark Up '!$C$2)),"X") -> 20679.12
B12: 4064-3 | C12: Aparador Aurora (3 gaveta marchetadas) pés metal | D12: 1,86 x 0,45 x 0,80 | E12: =IFERROR(((VLOOKUP(B12,'Origem '!$A$1:$H$1655,4,0)*'Mark Up '!$C$2)),"X") -> 16290.12 | F12: =IFERROR(((VLOOKUP(B12,'Origem '!$A$1:$E$1655,5,0)*'Mark Up '!$C$2)),"X") -> 18443.04 | G12: =IFERROR(((VLOOKUP(B12,'Origem '!$A$1:$F$1655,6,0)*'Mark Up '!$C$2)),"X") -> 21044.1 | H12: =IFERROR(((VLOOKUP(B12,'Origem '!$A$1:$H$1655,7,0)*'Mark Up '!$C$2)),"X") -> 22236.06
B13: 4064-4 | C13: Aparador Aurora (3 gavetas marchetadas) pés metal | D13: 2,06 x 0,45 x 0,80 | E13: =IFERROR(((VLOOKUP(B13,'Origem '!$A$1:$H$1655,4,0)*'Mark Up '!$C$2)),"X") -> 16969.26 | F13: =IFERROR(((VLOOKUP(B13,'Origem '!$A$1:$E$1655,5,0)*'Mark Up '!$C$2)),"X") -> 19916.82 | G13: =IFERROR(((VLOOKUP(B13,'Origem '!$A$1:$F$1655,6,0)*'Mark Up '!$C$2)),"X") -> 23793 | H13: =IFERROR(((VLOOKUP(B13,'Origem '!$A$1:$H$1655,7,0)*'Mark Up '!$C$2)),"X") -> 24301.2
B14: 4065-2 | C14: Aparador Aurora (c/ bandeja), pés metal | D14: 1,66 x 0,45 x 0,76 | E14: =IFERROR(((VLOOKUP(B14,'Origem '!$A$1:$H$1655,4,0)*'Mark Up '!$C$2)),"X") -> 11522.28 | F14: =IFERROR(((VLOOKUP(B14,'Origem '!$A$1:$E$1655,5,0)*'Mark Up '!$C$2)),"X") -> 13273.26 | G14: =IFERROR(((VLOOKUP(B14,'Origem '!$A$1:$F$1655,6,0)*'Mark Up '!$C$2)),"X") -> 14802.48 | H14: =IFERROR(((VLOOKUP(B14,'Origem '!$A$1:$H$1655,7,0)*'Mark Up '!$C$2)),"X") -> 15768.06
B15: 4065-3 | C15: Aparador Aurora (c/ bandeja), pés metal | D15: 1,86 x 0,45 x 0,76 | E15: =IFERROR(((VLOOKUP(B15,'Origem '!$A$1:$H$1655,4,0)*'Mark Up '!$C$2)),"X") -> 12557.16 | F15: =IFERROR(((VLOOKUP(B15,'Origem '!$A$1:$E$1655,5,0)*'Mark Up '!$C$2)),"X") -> 14243.46 | G15: =IFERROR(((VLOOKUP(B15,'Origem '!$A$1:$F$1655,6,0)*'Mark Up '!$C$2)),"X") -> 16257.78 | H15: =IFERROR(((VLOOKUP(B15,'Origem '!$A$1:$H$1655,7,0)*'Mark Up '!$C$2)),"X") -> 17371.2
B16: 4065-4 | C16: Aparador Aurora (c/ bandeja), pés metal | D16: 2,06 x 0,45 x 0,76 | E16: =IFERROR(((VLOOKUP(B16,'Origem '!$A$1:$H$1655,4,0)*'Mark Up '!$C$2)),"X") -> 13702.92 | F16: =IFERROR(((VLOOKUP(B16,'Origem '!$A$1:$E$1655,5,0)*'Mark Up '!$C$2)),"X") -> 15601.74 | G16: =IFERROR(((VLOOKUP(B16,'Origem '!$A$1:$F$1655,6,0)*'Mark Up '!$C$2)),"X") -> 17860.92 | H16: =IFERROR(((VLOOKUP(B16,'Origem '!$A$1:$H$1655,7,0)*'Mark Up '!$C$2)),"X") -> 19108.32
A17: BADEN | B17: 10984-1 | C17: Aparador Baden ,tp e bandeja canto garrafa, pés metal (se laca brilho somente c/ VD) | D17: 1,40 x 0,39 x 0,76 | E17: =IFERROR(((VLOOKUP(B17,'Origem '!$A$1:$H$1655,4,0)*'Mark Up '!$C$2)),"X") -> 9549.54 | F17: =IFERROR(((VLOOKUP(B17,'Origem '!$A$1:$E$1655,5,0)*'Mark Up '!$C$2)),"X") -> 10501.26 | G17: =IFERROR(((VLOOKUP(B17,'Origem '!$A$1:$F$1655,6,0)*'Mark Up '!$C$2)),"X") -> 11933.46 | H17: =IFERROR(((VLOOKUP(B17,'Origem '!$A$1:$H$1655,7,0)*'Mark Up '!$C$2)),"X") -> 12594.12
B18: 10984-2 | C18: Aparador Baden ,tp e bandeja canto garrafa, pés metal (se laca brilho somente c/ VD) | D18: 1,60 x 0,39 x 0,76 | E18: =IFERROR(((VLOOKUP(B18,'Origem '!$A$1:$H$1655,4,0)*'Mark Up '!$C$2)),"X") -> 10251.78 | F18: =IFERROR(((VLOOKUP(B18,'Origem '!$A$1:$E$1655,5,0)*'Mark Up '!$C$2)),"X") -> 10884.72 | G18: =IFERROR(((VLOOKUP(B18,'Origem '!$A$1:$F$1655,6,0)*'Mark Up '!$C$2)),"X") -> 12510.96 | H18: =IFERROR(((VLOOKUP(B18,'Origem '!$A$1:$H$1655,7,0)*'Mark Up '!$C$2)),"X") -> 13342.56
B19: 10984-3 | C19: Aparador Baden ,tp e bandeja canto garrafa, pés metal (se laca brilho somente c/ VD) | D19: 1,80 x 0,39 x 0,76 | E19: =IFERROR(((VLOOKUP(B19,'Origem '!$A$1:$H$1655,4,0)*'Mark Up '!$C$2)),"X") -> 10626 | F19: =IFERROR(((VLOOKUP(B19,'Origem '!$A$1:$E$1655,5,0)*'Mark Up '!$C$2)),"X") -> 11619.3 | G19: =IFERROR(((VLOOKUP(B19,'Origem '!$A$1:$F$1655,6,0)*'Mark Up '!$C$2)),"X") -> 13684.44 | H19: =IFERROR(((VLOOKUP(B19,'Origem '!$A$1:$H$1655,7,0)*'Mark Up '!$C$2)),"X") -> 14405.16
B20: 10984-4 | C20: Aparador Baden ,tp e bandeja canto garrafa, pés metal (se laca brilho somente c/ VD) | D20: 2,00 x 0,39 x 0,76 | E20: =IFERROR(((VLOOKUP(B20,'Origem '!$A$1:$H$1655,4,0)*'Mark Up '!$C$2)),"X") -> 11046.42 | F20: =IFERROR(((VLOOKUP(B20,'Origem '!$A$1:$E$1655,5,0)*'Mark Up '!$C$2)),"X") -> 12450.9 | G20: =IFERROR(((VLOOKUP(B20,'Origem '!$A$1:$F$1655,6,0)*'Mark Up '!$C$2)),"X") -> 14543.76 | H20: =IFERROR(((VLOOKUP(B20,'Origem '!$A$1:$H$1655,7,0)*'Mark Up '!$C$2)),"X") -> 15569.4
A21: BARI | B21: 11620-1 | C21: Aparador Bari pés Mad. | D21: 1,40 x 0,45 x 0,76 | E21: =IFERROR(((VLOOKUP(B21,'Origem '!$A$1:$H$1655,4,0)*'Mark Up '!$C$2)),"X") -> 8519.28 | F21: =IFERROR(((VLOOKUP(B21,'Origem '!$A$1:$E$1655,5,0)*'Mark Up '!$C$2)),"X") -> 8717.94 | G21: =IFERROR(((VLOOKUP(B21,'Origem '!$A$1:$F$1655,6,0)*'Mark Up '!$C$2)),"X") -> 9142.98 | H21: =IFERROR(((VLOOKUP(B21,'Origem '!$A$1:$H$1655,7,0)*'Mark Up '!$C$2)),"X") -> X
B22: 11620-2 | C22: Aparador Bari pés Mad. | D22: 1,60 x 0,45 x 0,76 | E22: =IFERROR(((VLOOKUP(B22,'Origem '!$A$1:$H$1655,4,0)*'Mark Up '!$C$2)),"X") -> 9022.86 | F22: =IFERROR(((VLOOKUP(B22,'Origem '!$A$1:$E$1655,5,0)*'Mark Up '!$C$2)),"X") -> 9309.3 | G22: =IFERROR(((VLOOKUP(B22,'Origem '!$A$1:$F$1655,6,0)*'Mark Up '!$C$2)),"X") -> 10261.02 | H22: =IFERROR(((VLOOKUP(B22,'Origem '!$A$1:$H$1655,7,0)*'Mark Up '!$C$2)),"X") -> X
B23: 11620-3 | C23: Aparador Bari pés Mad. | D23: 1,80 x 0,45 x 0,76 | E23: =IFERROR(((VLOOKUP(B23,'Origem '!$A$1:$H$1655,4,0)*'Mark Up '!$C$2)),"X") -> 9831.36 | F23: =IFERROR(((VLOOKUP(B23,'Origem '!$A$1:$E$1655,5,0)*'Mark Up '!$C$2)),"X") -> 10108.56 | G23: =IFERROR(((VLOOKUP(B23,'Origem '!$A$1:$F$1655,6,0)*'Mark Up '!$C$2)),"X") -> 11115.72 | H23: =IFERROR(((VLOOKUP(B23,'Origem '!$A$1:$H$1655,7,0)*'Mark Up '!$C$2)),"X") -> X
A24: BOGOTÁ | B24: 11640-2 | C24: Aparador Bogotá ,TP.Canto Garrafa; C/ MARCHETARIA | D24: 1,60 x 0,45 x 0,76 | E24: =IFERROR(((VLOOKUP(B24,'Origem '!$A$1:$H$1655,4,0)*'Mark Up '!$C$2)),"X") -> X | F24: =IFERROR(((VLOOKUP(B24,'Origem '!$A$1:$E$1655,5,0)*'Mark Up '!$C$2)),"X") -> 9882.18 | G24: =IFERROR(((VLOOKUP(B24,'Origem '!$A$1:$F$1655,6,0)*'Mark Up '!$C$2)),"X") -> 10921.68 | H24: =IFERROR(((VLOOKUP(B24,'Origem '!$A$1:$H$1655,7,0)*'Mark Up '!$C$2)),"X") -> 12575.64
B25: 11640-3 | C25: Aparador Bogotá ,TP.Canto Garrafa; C/ MARCHETARIA | D25: 1,80 x 0,45 x 0,76 | E25: =IFERROR(((VLOOKUP(B25,'Origem '!$A$1:$H$1655,4,0)*'Mark Up '!$C$2)),"X") -> X | F25: =IFERROR(((VLOOKUP(B25,'Origem '!$A$1:$E$1655,5,0)*'Mark Up '!$C$2)),"X") -> 10367.28 | G25: =IFERROR(((VLOOKUP(B25,'Origem '!$A$1:$F$1655,6,0)*'Mark Up '!$C$2)),"X") -> 11452.98 | H25: =IFERROR(((VLOOKUP(B25,'Origem '!$A$1:$H$1655,7,0)*'Mark Up '!$C$2)),"X") -> 13568.94
B26: 11640-4 | C26: Aparador Bogotá ,TP.Canto Garrafa; C/ MARCHETARIA | D26: 2,00 x 0,45 x 0,76 | E26: =IFERROR(((VLOOKUP(B26,'Origem '!$A$1:$H$1655,4,0)*'Mark Up '!$C$2)),"X") -> X | F26: =IFERROR(((VLOOKUP(B26,'Origem '!$A$1:$E$1655,5,0)*'Mark Up '!$C$2)),"X") -> 10778.46 | G26: =IFERROR(((VLOOKUP(B26,'Origem '!$A$1:$F$1655,6,0)*'Mark Up '!$C$2)),"X") -> 11924.22 | H26: =IFERROR(((VLOOKUP(B26,'Origem '!$A$1:$H$1655,7,0)*'Mark Up '!$C$2)),"X") -> 14141.82
B27: 11641-2 | C27: Aparador Bogotá ,TP.Canto Garrafa; S/ MARCHETARIA | D27: 1,60 x 0,45 x 0,76 | E27: =IFERROR(((VLOOKUP(B27,'Origem '!$A$1:$H$1655,4,0)*'Mark Up '!$C$2)),"X") -> 8417.64 | F27: =IFERROR(((VLOOKUP(B27,'Origem '!$A$1:$E$1655,5,0)*'Mark Up '!$C$2)),"X") -> 9401.7 | G27: =IFERROR(((VLOOKUP(B27,'Origem '!$A$1:$F$1655,6,0)*'Mark Up '!$C$2)),"X") -> 10284.12 | H27: =IFERROR(((VLOOKUP(B27,'Origem '!$A$1:$H$1655,7,0)*'Mark Up '!$C$2)),"X") -> 12178.32
B28: 11641-3 | C28: Aparador Bogotá ,TP.Canto Garrafa; S/ MARCHETARIA | D28: 1,80 x 0,45 x 0,76 | E28: =IFERROR(((VLOOKUP(B28,'Origem '!$A$1:$H$1655,4,0)*'Mark Up '!$C$2)),"X") -> 8930.46 | F28: =IFERROR(((VLOOKUP(B28,'Origem '!$A$1:$E$1655,5,0)*'Mark Up '!$C$2)),"X") -> 9835.98 | G28: =IFERROR(((VLOOKUP(B28,'Origem '!$A$1:$F$1655,6,0)*'Mark Up '!$C$2)),"X") -> 10787.7 | H28: =IFERROR(((VLOOKUP(B28,'Origem '!$A$1:$H$1655,7,0)*'Mark Up '!$C$2)),"X") -> 12783.54
B29: 11641-4 | C29: Aparador Bogotá ,TP.Canto Garrafa; S/ MARCHETARIA | D29: 2,00 x 0,45 x 0,76 | E29: =IFERROR(((VLOOKUP(B29,'Origem '!$A$1:$H$1655,4,0)*'Mark Up '!$C$2)),"X") -> 9332.4 | F29: =IFERROR(((VLOOKUP(B29,'Origem '!$A$1:$E$1655,5,0)*'Mark Up '!$C$2)),"X") -> 10210.2 | G29: =IFERROR(((VLOOKUP(B29,'Origem '!$A$1:$F$1655,6,0)*'Mark Up '!$C$2)),"X") -> 11185.02 | H29: =IFERROR(((VLOOKUP(B29,'Origem '!$A$1:$H$1655,7,0)*'Mark Up '!$C$2)),"X") -> 13282.5
A30: COPENHAGUE | B30: 9554-1 | C30: Aparador Copenhague (tmp oblongo) (se laca brilho somente c/ VD) | D30: 1,41 x 0,46 x 0,76 | E30: =IFERROR(((VLOOKUP(B30,'Origem '!$A$1:$H$1655,4,0)*'Mark Up '!$C$2)),"X") -> 11734.8 | F30: =IFERROR(((VLOOKUP(B30,'Origem '!$A$1:$E$1655,5,0)*'Mark Up '!$C$2)),"X") -> 13458.06 | G30: =IFERROR(((VLOOKUP(B30,'Origem '!$A$1:$F$1655,6,0)*'Mark Up '!$C$2)),"X") -> 15176.7 | H30: =IFERROR(((VLOOKUP(B30,'Origem '!$A$1:$H$1655,7,0)*'Mark Up '!$C$2)),"X") -> 16608.9
B31: 9554-2 | C31: Aparador Copenhague (tmp oblongo) (se laca brilho somente c/ VD) | D31: 1,61 x 0,46 x 0,76 | E31: =IFERROR(((VLOOKUP(B31,'Origem '!$A$1:$H$1655,4,0)*'Mark Up '!$C$2)),"X") -> 12561.78 | F31: =IFERROR(((VLOOKUP(B31,'Origem '!$A$1:$E$1655,5,0)*'Mark Up '!$C$2)),"X") -> 14954.94 | G31: =IFERROR(((VLOOKUP(B31,'Origem '!$A$1:$F$1655,6,0)*'Mark Up '!$C$2)),"X") -> 15915.9 | H31: =IFERROR(((VLOOKUP(B31,'Origem '!$A$1:$H$1655,7,0)*'Mark Up '!$C$2)),"X") -> 17551.38
B32: 9554-3 | C32: Aparador Copenhague (tmp oblongo) (se laca brilho somente c/ VD) | D32: 1,81 x 0,46 x 0,76 | E32: =IFERROR(((VLOOKUP(B32,'Origem '!$A$1:$H$1655,4,0)*'Mark Up '!$C$2)),"X") -> 13273.26 | F32: =IFERROR(((VLOOKUP(B32,'Origem '!$A$1:$E$1655,5,0)*'Mark Up '!$C$2)),"X") -> 15740.34 | G32: =IFERROR(((VLOOKUP(B32,'Origem '!$A$1:$F$1655,6,0)*'Mark Up '!$C$2)),"X") -> 16729.02 | H32: =IFERROR(((VLOOKUP(B32,'Origem '!$A$1:$H$1655,7,0)*'Mark Up '!$C$2)),"X") -> 18419.94
A33: ELLOS | B33: 4594-2 | C33: Aparador Ellos (canto garrafa), pés metal | D33: 1,35 x 0,35 x 0,76 | E33: =IFERROR(((VLOOKUP(B33,'Origem '!$A$1:$H$1655,4,0)*'Mark Up '!$C$2)),"X") -> 7586.04 | F33: =IFERROR(((VLOOKUP(B33,'Origem '!$A$1:$E$1655,5,0)*'Mark Up '!$C$2)),"X") -> 8223.6 | G33: =IFERROR(((VLOOKUP(B33,'Origem '!$A$1:$F$1655,6,0)*'Mark Up '!$C$2)),"X") -> 9147.6 | H33: =IFERROR(((VLOOKUP(B33,'Origem '!$A$1:$H$1655,7,0)*'Mark Up '!$C$2)),"X") -> 9369.36
B34: 4594-3 | C34: Aparador Ellos (canto garrafa), pés metal | D34: 1,60 x 0,35 x 0,76 | E34: =IFERROR(((VLOOKUP(B34,'Origem '!$A$1:$H$1655,4,0)*'Mark Up '!$C$2)),"X") -> 8339.1 | F34: =IFERROR(((VLOOKUP(B34,'Origem '!$A$1:$E$1655,5,0)*'Mark Up '!$C$2)),"X") -> 8847.3 | G34: =IFERROR(((VLOOKUP(B34,'Origem '!$A$1:$F$1655,6,0)*'Mark Up '!$C$2)),"X") -> 9914.52 | H34: =IFERROR(((VLOOKUP(B34,'Origem '!$A$1:$H$1655,7,0)*'Mark Up '!$C$2)),"X") -> 10293.36
B35: 4594-4 | C35: Aparador Ellos (canto garrafa), pés metal | D35: 1,80 x 0,35 x 0,76 | E35: =IFERROR(((VLOOKUP(B35,'Origem '!$A$1:$H$1655,4,0)*'Mark Up '!$C$2)),"X") -> 9549.54 | F35: =IFERROR(((VLOOKUP(B35,'Origem '!$A$1:$E$1655,5,0)*'Mark Up '!$C$2)),"X") -> 10057.74 | G35: =IFERROR(((VLOOKUP(B35,'Origem '!$A$1:$F$1655,6,0)*'Mark Up '!$C$2)),"X") -> 11014.08 | H35: =IFERROR(((VLOOKUP(B35,'Origem '!$A$1:$H$1655,7,0)*'Mark Up '!$C$2)),"X") -> 11494.56
A36: GRANADA | B36: 11034-1 | C36: Aparador Granada (tp oblongo), pés mad. (se laca brilho somente c/ VD) | D36: 1,46 x 0,45 x 0,76 | E36: =IFERROR(((VLOOKUP(B36,'Origem '!$A$1:$H$1655,4,0)*'Mark Up '!$C$2)),"X") -> 7013.16 | F36: =IFERROR(((VLOOKUP(B36,'Origem '!$A$1:$E$1655,5,0)*'Mark Up '!$C$2)),"X") -> 7331.94 | G36: =IFERROR(((VLOOKUP(B36,'Origem '!$A$1:$F$1655,6,0)*'Mark Up '!$C$2)),"X") -> 8842.68 | H36: =IFERROR(((VLOOKUP(B36,'Origem '!$A$1:$H$1655,7,0)*'Mark Up '!$C$2)),"X") -> 9337.02
B37: 11034-2 | C37: Aparador Granada (tp oblongo), pés mad. (se laca brilho somente c/ VD) | D37: 1,66 x 0,45 x 0,76 | E37: =IFERROR(((VLOOKUP(B37,'Origem '!$A$1:$H$1655,4,0)*'Mark Up '!$C$2)),"X") -> 7701.54 | F37: =IFERROR(((VLOOKUP(B37,'Origem '!$A$1:$E$1655,5,0)*'Mark Up '!$C$2)),"X") -> 7927.92 | G37: =IFERROR(((VLOOKUP(B37,'Origem '!$A$1:$F$1655,6,0)*'Mark Up '!$C$2)),"X") -> 9410.94 | H37: =IFERROR(((VLOOKUP(B37,'Origem '!$A$1:$H$1655,7,0)*'Mark Up '!$C$2)),"X") -> 10030.02
B38: 11034-3 | C38: Aparador Granada (tp oblongo), pés mad. (se laca brilho somente c/ VD) | D38: 1,86 x 0,45 x 0,76 | E38: =IFERROR(((VLOOKUP(B38,'Origem '!$A$1:$H$1655,4,0)*'Mark Up '!$C$2)),"X") -> 8085 | F38: =IFERROR(((VLOOKUP(B38,'Origem '!$A$1:$E$1655,5,0)*'Mark Up '!$C$2)),"X") -> 8306.76 | G38: =IFERROR(((VLOOKUP(B38,'Origem '!$A$1:$F$1655,6,0)*'Mark Up '!$C$2)),"X") -> 9942.24 | H38: =IFERROR(((VLOOKUP(B38,'Origem '!$A$1:$H$1655,7,0)*'Mark Up '!$C$2)),"X") -> 10695.3
B39: 11034-4 | C39: Aparador Granada (tp oblongo), pés mad. (se laca brilho somente c/ VD) | D39: 2,06 x 0,45 x 0,76 | E39: =IFERROR(((VLOOKUP(B39,'Origem '!$A$1:$H$1655,4,0)*'Mark Up '!$C$2)),"X") -> 8791.86 | F39: =IFERROR(((VLOOKUP(B39,'Origem '!$A$1:$E$1655,5,0)*'Mark Up '!$C$2)),"X") -> 9092.16 | G39: =IFERROR(((VLOOKUP(B39,'Origem '!$A$1:$F$1655,6,0)*'Mark Up '!$C$2)),"X") -> 10662.96 | H39: =IFERROR(((VLOOKUP(B39,'Origem '!$A$1:$H$1655,7,0)*'Mark Up '!$C$2)),"X") -> 11462.22
A40: MADAGASCAR | B40: 10484-1 | C40: Aparador Madagascar (tp oblongo), pés metal; (com tampo sobreposto) | D40: 1,36 x 0,39 x 0,76 | E40: =IFERROR(((VLOOKUP(B40,'Origem '!$A$1:$H$1655,4,0)*'Mark Up '!$C$2)),"X") -> 8399.16 | F40: =IFERROR(((VLOOKUP(B40,'Origem '!$A$1:$E$1655,5,0)*'Mark Up '!$C$2)),"X") -> 8879.64 | G40: =IFERROR(((VLOOKUP(B40,'Origem '!$A$1:$F$1655,6,0)*'Mark Up '!$C$2)),"X") -> 10076.22 | H40: =IFERROR(((VLOOKUP(B40,'Origem '!$A$1:$H$1655,7,0)*'Mark Up '!$C$2)),"X") -> 10662.96
B41: 10484-2 | C41: Aparador Madagascar (tp oblongo), pés metal; (com tampo sobreposto) | D41: 1,56 x 0,39 x 0,76 | E41: =IFERROR(((VLOOKUP(B41,'Origem '!$A$1:$H$1655,4,0)*'Mark Up '!$C$2)),"X") -> 8893.5 | F41: =IFERROR(((VLOOKUP(B41,'Origem '!$A$1:$E$1655,5,0)*'Mark Up '!$C$2)),"X") -> 9748.2 | G41: =IFERROR(((VLOOKUP(B41,'Origem '!$A$1:$F$1655,6,0)*'Mark Up '!$C$2)),"X") -> 10667.58 | H41: =IFERROR(((VLOOKUP(B41,'Origem '!$A$1:$H$1655,7,0)*'Mark Up '!$C$2)),"X") -> 11291.28
B42: 10484-3 | C42: Aparador Madagascar (tp oblongo), pés metal; (com tampo sobreposto) | D42: 1,76 x 0,39 x 0,76 | E42: =IFERROR(((VLOOKUP(B42,'Origem '!$A$1:$H$1655,4,0)*'Mark Up '!$C$2)),"X") -> 9378.6 | F42: =IFERROR(((VLOOKUP(B42,'Origem '!$A$1:$E$1655,5,0)*'Mark Up '!$C$2)),"X") -> 10113.18 | G42: =IFERROR(((VLOOKUP(B42,'Origem '!$A$1:$F$1655,6,0)*'Mark Up '!$C$2)),"X") -> 11272.8 | H42: =IFERROR(((VLOOKUP(B42,'Origem '!$A$1:$H$1655,7,0)*'Mark Up '!$C$2)),"X") -> 11841.06
B43: 10484-4 | C43: Aparador Madagascar (tp oblongo), pés metal; (com tampo sobreposto) | D43: 1,96 x 0,39 x 0,76 | E43: =IFERROR(((VLOOKUP(B43,'Origem '!$A$1:$H$1655,4,0)*'Mark Up '!$C$2)),"X") -> 9734.34 | F43: =IFERROR(((VLOOKUP(B43,'Origem '!$A$1:$E$1655,5,0)*'Mark Up '!$C$2)),"X") -> 10658.34 | G43: =IFERROR(((VLOOKUP(B43,'Origem '!$A$1:$F$1655,6,0)*'Mark Up '!$C$2)),"X") -> 11933.46 | H43: =IFERROR(((VLOOKUP(B43,'Origem '!$A$1:$H$1655,7,0)*'Mark Up '!$C$2)),"X") -> 12598.74
A44: MARACATU | B44: 11294-1 | C44: Aparador Maracatu, c/ 2 gavetas (se laca brilho somente c/ VD) | D44: 1,51 x 0,46 x 0,78 | E44: =IFERROR(((VLOOKUP(B44,'Origem '!$A$1:$H$1655,4,0)*'Mark Up '!$C$2)),"X") -> 12862.08 | F44: =IFERROR(((VLOOKUP(B44,'Origem '!$A$1:$E$1655,5,0)*'Mark Up '!$C$2)),"X") -> 13929.3 | G44: =IFERROR(((VLOOKUP(B44,'Origem '!$A$1:$F$1655,6,0)*'Mark Up '!$C$2)),"X") -> 17043.18 | H44: =IFERROR(((VLOOKUP(B44,'Origem '!$A$1:$H$1655,7,0)*'Mark Up '!$C$2)),"X") -> X
B45: 11294-2 | C45: Aparador Maracatu, c/ 2 gavetas (se laca brilho somente c/ VD) | D45: 1,71 x 0,46 x 0,78 | E45: =IFERROR(((VLOOKUP(B45,'Origem '!$A$1:$H$1655,4,0)*'Mark Up '!$C$2)),"X") -> 14285.04 | F45: =IFERROR(((VLOOKUP(B45,'Origem '!$A$1:$E$1655,5,0)*'Mark Up '!$C$2)),"X") -> 15389.22 | G45: =IFERROR(((VLOOKUP(B45,'Origem '!$A$1:$F$1655,6,0)*'Mark Up '!$C$2)),"X") -> 18761.82 | H45: =IFERROR(((VLOOKUP(B45,'Origem '!$A$1:$H$1655,7,0)*'Mark Up '!$C$2)),"X") -> X
B46: 11294-3 | C46: Aparador Maracatu, c/ 2 gavetas (se laca brilho somente c/ VD) | D46: 1,91 x 0,46 x 0,78 | E46: =IFERROR(((VLOOKUP(B46,'Origem '!$A$1:$H$1655,4,0)*'Mark Up '!$C$2)),"X") -> 16008.3 | F46: =IFERROR(((VLOOKUP(B46,'Origem '!$A$1:$E$1655,5,0)*'Mark Up '!$C$2)),"X") -> 17089.38 | G46: =IFERROR(((VLOOKUP(B46,'Origem '!$A$1:$F$1655,6,0)*'Mark Up '!$C$2)),"X") -> 20817.72 | H46: =IFERROR(((VLOOKUP(B46,'Origem '!$A$1:$H$1655,7,0)*'Mark Up '!$C$2)),"X") -> X
B47: 11294-4 | C47: Aparador Maracatu, c/ 2 gavetas (se laca brilho somente c/ VD) | D47: 2,11 x 0,46 x 0,78 | E47: =IFERROR(((VLOOKUP(B47,'Origem '!$A$1:$H$1655,4,0)*'Mark Up '!$C$2)),"X") -> 16701.3 | F47: =IFERROR(((VLOOKUP(B47,'Origem '!$A$1:$E$1655,5,0)*'Mark Up '!$C$2)),"X") -> 18073.44 | G47: =IFERROR(((VLOOKUP(B47,'Origem '!$A$1:$F$1655,6,0)*'Mark Up '!$C$2)),"X") -> 22388.52 | H47: =IFERROR(((VLOOKUP(B47,'Origem '!$A$1:$H$1655,7,0)*'Mark Up '!$C$2)),"X") -> X
A48: MARO | B48: 11740-15 | C48: Aparador Maro, Pés metal,TP Superior c/ VIDRO INCOLOR (8mm) | D48: 2,10 x 0,45 x 0,76 | E48: =IFERROR(((VLOOKUP(B48,'Origem '!$A$1:$H$1655,4,0)*'Mark Up '!$C$2)),"X") -> 15047.34 | F48: =IFERROR(((VLOOKUP(B48,'Origem '!$A$1:$E$1655,5,0)*'Mark Up '!$C$2)),"X") -> 15523.2 | G48: =IFERROR(((VLOOKUP(B48,'Origem '!$A$1:$F$1655,6,0)*'Mark Up '!$C$2)),"X") -> 17015.46 | H48: =IFERROR(((VLOOKUP(B48,'Origem '!$A$1:$H$1655,7,0)*'Mark Up '!$C$2)),"X") -> 18835.74
B49: 11740-16 | C49: Aparador Maro, Pés metal,TP Superior c/ VIDRO INCOLOR (8mm) | D49: 2,40 x 0,45 x 0,76 | E49: =IFERROR(((VLOOKUP(B49,'Origem '!$A$1:$H$1655,4,0)*'Mark Up '!$C$2)),"X") -> 16978.5 | F49: =IFERROR(((VLOOKUP(B49,'Origem '!$A$1:$E$1655,5,0)*'Mark Up '!$C$2)),"X") -> 17653.02 | G49: =IFERROR(((VLOOKUP(B49,'Origem '!$A$1:$F$1655,6,0)*'Mark Up '!$C$2)),"X") -> 19431.72 | H49: =IFERROR(((VLOOKUP(B49,'Origem '!$A$1:$H$1655,7,0)*'Mark Up '!$C$2)),"X") -> 21635.46
A50: OSLO | B50: 7804-3 | C50: Aparador Oslo, tampo bandeja, pés mad. | D50: 1,75 x 0,45 x 0,76 | E50: =IFERROR(((VLOOKUP(B50,'Origem '!$A$1:$H$1655,4,0)*'Mark Up '!$C$2)),"X") -> 10339.56 | F50: =IFERROR(((VLOOKUP(B50,'Origem '!$A$1:$E$1655,5,0)*'Mark Up '!$C$2)),"X") -> 11254.32 | G50: =IFERROR(((VLOOKUP(B50,'Origem '!$A$1:$F$1655,6,0)*'Mark Up '!$C$2)),"X") -> 13097.7 | H50: =IFERROR(((VLOOKUP(B50,'Origem '!$A$1:$H$1655,7,0)*'Mark Up '!$C$2)),"X") -> X
B51: 7804-4 | C51: Aparador Oslo, tampo bandeja, pés mad. | D51: 1,95 x 0,45 x 0,76 | E51: =IFERROR(((VLOOKUP(B51,'Origem '!$A$1:$H$1655,4,0)*'Mark Up '!$C$2)),"X") -> 11305.14 | F51: =IFERROR(((VLOOKUP(B51,'Origem '!$A$1:$E$1655,5,0)*'Mark Up '!$C$2)),"X") -> 12252.24 | G51: =IFERROR(((VLOOKUP(B51,'Origem '!$A$1:$F$1655,6,0)*'Mark Up '!$C$2)),"X") -> 14174.16 | H51: =IFERROR(((VLOOKUP(B51,'Origem '!$A$1:$H$1655,7,0)*'Mark Up '!$C$2)),"X") -> X
B52: 7804-5 | C52: Aparador Oslo, tampo bandeja, pés mad. | D52: 2,15 x 0,45 x 0,76 | E52: =IFERROR(((VLOOKUP(B52,'Origem '!$A$1:$H$1655,4,0)*'Mark Up '!$C$2)),"X") -> 12159.84 | F52: =IFERROR(((VLOOKUP(B52,'Origem '!$A$1:$E$1655,5,0)*'Mark Up '!$C$2)),"X") -> 13009.92 | G52: =IFERROR(((VLOOKUP(B52,'Origem '!$A$1:$F$1655,6,0)*'Mark Up '!$C$2)),"X") -> 14617.68 | H52: =IFERROR(((VLOOKUP(B52,'Origem '!$A$1:$H$1655,7,0)*'Mark Up '!$C$2)),"X") -> X
A53: PALERMO | B53: 10634-1 | C53: Aparador Palermo (tp oblongo, c/ 3 gav.) pés metal (se laca brilho somente c/ VD) | D53: 1,41 x 0,46 x 0,77 | E53: =IFERROR(((VLOOKUP(B53,'Origem '!$A$1:$H$1655,4,0)*'Mark Up '!$C$2)),"X") -> 12132.12 | F53: =IFERROR(((VLOOKUP(B53,'Origem '!$A$1:$E$1655,5,0)*'Mark Up '!$C$2)),"X") -> 13504.26 | G53: =IFERROR(((VLOOKUP(B53,'Origem '!$A$1:$F$1655,6,0)*'Mark Up '!$C$2)),"X") -> 15222.9 | H53: =IFERROR(((VLOOKUP(B53,'Origem '!$A$1:$H$1655,7,0)*'Mark Up '!$C$2)),"X") -> 15620.22
B54: 10634-2 | C54: Aparador Palermo (tp oblongo, c/ 3 gav.) pés metal (se laca brilho somente c/ VD) | D54: 1,61 x 0,46 x 0,77 | E54: =IFERROR(((VLOOKUP(B54,'Origem '!$A$1:$H$1655,4,0)*'Mark Up '!$C$2)),"X") -> 12737.34 | F54: =IFERROR(((VLOOKUP(B54,'Origem '!$A$1:$E$1655,5,0)*'Mark Up '!$C$2)),"X") -> 14067.9 | G54: =IFERROR(((VLOOKUP(B54,'Origem '!$A$1:$F$1655,6,0)*'Mark Up '!$C$2)),"X") -> 16276.26 | H54: =IFERROR(((VLOOKUP(B54,'Origem '!$A$1:$H$1655,7,0)*'Mark Up '!$C$2)),"X") -> 16784.46
B55: 10634-3 | C55: Aparador Palermo (tp oblongo, c/ 3 gav.) pés metal (se laca brilho somente c/ VD) | D55: 1,81 x 0,46 x 0,77 | E55: =IFERROR(((VLOOKUP(B55,'Origem '!$A$1:$H$1655,4,0)*'Mark Up '!$C$2)),"X") -> 13448.82 | F55: =IFERROR(((VLOOKUP(B55,'Origem '!$A$1:$E$1655,5,0)*'Mark Up '!$C$2)),"X") -> 15001.14 | G55: =IFERROR(((VLOOKUP(B55,'Origem '!$A$1:$F$1655,6,0)*'Mark Up '!$C$2)),"X") -> 16955.4 | H55: =IFERROR(((VLOOKUP(B55,'Origem '!$A$1:$H$1655,7,0)*'Mark Up '!$C$2)),"X") -> 17717.7
B56: 10634-4 | C56: Aparador Palermo (tp oblongo, c/ 3 gav.) pés metal (se laca brilho somente c/ VD) | D56: 2,01 x 0,46 x 0,77 | E56: =IFERROR(((VLOOKUP(B56,'Origem '!$A$1:$H$1655,4,0)*'Mark Up '!$C$2)),"X") -> 13998.6 | F56: =IFERROR(((VLOOKUP(B56,'Origem '!$A$1:$E$1655,5,0)*'Mark Up '!$C$2)),"X") -> 15513.96 | G56: =IFERROR(((VLOOKUP(B56,'Origem '!$A$1:$F$1655,6,0)*'Mark Up '!$C$2)),"X") -> 18299.82 | H56: =IFERROR(((VLOOKUP(B56,'Origem '!$A$1:$H$1655,7,0)*'Mark Up '!$C$2)),"X") -> 19080.6
A57: RENE | B57: 11984-2 | C57: Aparador Rene TP. Canto Garrafa | D57: 1,60 x 0,45 x 0,76 | E57: =IFERROR(((VLOOKUP(B57,'Origem '!$A$1:$H$1655,4,0)*'Mark Up '!$C$2)),"X") -> 8805.72 | F57: =IFERROR(((VLOOKUP(B57,'Origem '!$A$1:$E$1655,5,0)*'Mark Up '!$C$2)),"X") -> 8602.44 | G57: =IFERROR(((VLOOKUP(B57,'Origem '!$A$1:$F$1655,6,0)*'Mark Up '!$C$2)),"X") -> 10057.74 | H57: =IFERROR(((VLOOKUP(B57,'Origem '!$A$1:$H$1655,7,0)*'Mark Up '!$C$2)),"X") -> 11198.88
B58: 11984-3 | C58: Aparador Rene TP. Canto Garrafa | D58: 1,80 x 0,45 x 0,76 | E58: =IFERROR(((VLOOKUP(B58,'Origem '!$A$1:$H$1655,4,0)*'Mark Up '!$C$2)),"X") -> 9549.54 | F58: =IFERROR(((VLOOKUP(B58,'Origem '!$A$1:$E$1655,5,0)*'Mark Up '!$C$2)),"X") -> 9281.58 | G58: =IFERROR(((VLOOKUP(B58,'Origem '!$A$1:$F$1655,6,0)*'Mark Up '!$C$2)),"X") -> 10773.84 | H58: =IFERROR(((VLOOKUP(B58,'Origem '!$A$1:$H$1655,7,0)*'Mark Up '!$C$2)),"X") -> 11979.66

Sheet Buffets
C1: BUFFETS | I1: AMBIENTADAS
A2: COLEÇÃO | B2: REF | C2: DESCRIÇÃO | D2: COMP X PROF X ALT | E2: Em caso de cores diferentes, utilizar preço de maior valor
E3: COLUNA 1 | F3: COLUNA 2 | G3: COLUNA 3 | H3: COLUNA 4
E4: LACA LISA BRAZIL ( COM OU SEM VIDRO PINTADO) | F4: - CARVALHO CLARO - CARVALHO NATURAL - CARVALHO LAVADO - CARV. EBANIZADO - IMBUIA CLARA * ACRESCENTAR 12% SE COM VIDRO PINTADO | G4: - NOGUEIRA - NOGUEIRA NATURAL - LOURO FREIJÓ - LOURO FREIJÓ NATURAL - LACA METALIZADA BRAZIL - CARV. ÔNIX METALIZADO - CARV. N109 METALIZADO - CARV. ALBANIZADO - CARV. H155 FOSCO - CONCRETO (SOMENTE SEM VIDRO) | H4: - PAU FERRO
E5: FUNDO DO BUFFET NO MESMO ACABAMENTO DO MOVEL ACRESCENTAR +5% E INFORMAR NO PEDIDO
E6: OBS. O ACABAMENTO DO METAL NÃO INFLUENCIARÁ NO VALOR DO BUFFET
A7: AURORA | B7: 8990-3 | C7: Buffet Aurora Marchetado (4 portas;1 gav. Int.; 1 prat.), tpo bandeja (se laca somente c/ VD), pés metal | D7: 1,84 x 0,48 x 0,76 | E7: =IFERROR(((VLOOKUP(B7,'Origem '!$A$1:$D$1675,4,0)*'Mark Up '!$C$2)),"X") -> 21205.8 | F7: =IFERROR(((VLOOKUP(B7,'Origem '!$A$1:$E$1675,5,0)*'Mark Up '!$C$2)),"X") -> 25668.72 | G7: =IFERROR(((VLOOKUP(B7,'Origem '!$A$1:$F$1675,6,0)*'Mark Up '!$C$2)),"X") -> 29591.1 | H7: =IFERROR(((VLOOKUP(B7,'Origem '!$A$1:$H$1675,7,0)*'Mark Up '!$C$2)),"X") -> 31679.34
B8: 8990-4 | C8: Buffet Aurora Marchetado (4 portas;1 gav. Int.; 1 prat.), tpo bandeja (se laca somente c/ VD), pés metal | D8: 2,04 x 0,48 x 0,76 | E8: =IFERROR(((VLOOKUP(B8,'Origem '!$A$1:$D$1675,4,0)*'Mark Up '!$C$2)),"X") -> 21968.1 | F8: =IFERROR(((VLOOKUP(B8,'Origem '!$A$1:$E$1675,5,0)*'Mark Up '!$C$2)),"X") -> 27124.02 | G8: =IFERROR(((VLOOKUP(B8,'Origem '!$A$1:$F$1675,6,0)*'Mark Up '!$C$2)),"X") -> 30921.66 | H8: =IFERROR(((VLOOKUP(B8,'Origem '!$A$1:$H$1675,7,0)*'Mark Up '!$C$2)),"X") -> 33615.12
B9: 8990-5 | C9: Buffet Aurora Marchetado (5 portas;1 gav. Int.; 2 prat.), tpo bandeja (se laca somente c/ VD), pés metal | D9: 2,29 x 0,48 x 0,76 | E9: =IFERROR(((VLOOKUP(B9,'Origem '!$A$1:$D$1675,4,0)*'Mark Up '!$C$2)),"X") -> 23562 | F9: =IFERROR(((VLOOKUP(B9,'Origem '!$A$1:$E$1675,5,0)*'Mark Up '!$C$2)),"X") -> 29263.08 | G9: =IFERROR(((VLOOKUP(B9,'Origem '!$A$1:$F$1675,6,0)*'Mark Up '!$C$2)),"X") -> 33254.76 | H9: =IFERROR(((VLOOKUP(B9,'Origem '!$A$1:$H$1675,7,0)*'Mark Up '!$C$2)),"X") -> 36243.9
B10: 8990-7 | C10: Buffet Aurora Marchetado (5 portas;1 gav. Int.; 2 prat.), tpo bandeja (se laca somente c/ VD), pés metal | D10: 2,54 x 0,48 x 0,76 | E10: =IFERROR(((VLOOKUP(B10,'Origem '!$A$1:$D$1675,4,0)*'Mark Up '!$C$2)),"X") -> 25257.54 | F10: =IFERROR(((VLOOKUP(B10,'Origem '!$A$1:$E$1675,5,0)*'Mark Up '!$C$2)),"X") -> 31711.68 | G10: =IFERROR(((VLOOKUP(B10,'Origem '!$A$1:$F$1675,6,0)*'Mark Up '!$C$2)),"X") -> 35814.24 | H10: =IFERROR(((VLOOKUP(B10,'Origem '!$A$1:$H$1675,7,0)*'Mark Up '!$C$2)),"X") -> 39149.88
A11: AURORA | B11: 11800-10 | C11: Buffet Aurora B Marchetado""INTERNO PRETO OU CINZA"" (4 portas;1 gav. Int.; 1 prat.), tpo bandeja (se laca brilho somente c/ VD), pés metal | D11: 1,86 x 0,48 x 0,75 | E11: =IFERROR(((VLOOKUP(B11,'Origem '!$A$1:$D$1675,4,0)*'Mark Up '!$C$2)),"X") -> X | F11: =IFERROR(((VLOOKUP(B11,'Origem '!$A$1:$E$1675,5,0)*'Mark Up '!$C$2)),"X") -> 22411.62 | G11: =IFERROR(((VLOOKUP(B11,'Origem '!$A$1:$F$1675,6,0)*'Mark Up '!$C$2)),"X") -> 25165.14 | H11: =IFERROR(((VLOOKUP(B11,'Origem '!$A$1:$H$1675,7,0)*'Mark Up '!$C$2)),"X") -> 29424.78
B12: 11800-12 | C12: Buffet Aurora B Marchetado""INTERNO PRETO OU CINZA"" (4 portas;1 gav. Int.; 1 prat.), tpo bandeja (se laca brilho somente c/ VD), pés metal | D12: 2,06 x 0,48 x 0,75 | E12: =IFERROR(((VLOOKUP(B12,'Origem '!$A$1:$D$1675,4,0)*'Mark Up '!$C$2)),"X") -> X | F12: =IFERROR(((VLOOKUP(B12,'Origem '!$A$1:$E$1675,5,0)*'Mark Up '!$C$2)),"X") -> 23760.66 | G12: =IFERROR(((VLOOKUP(B12,'Origem '!$A$1:$F$1675,6,0)*'Mark Up '!$C$2)),"X") -> 26310.9 | H12: =IFERROR(((VLOOKUP(B12,'Origem '!$A$1:$H$1675,7,0)*'Mark Up '!$C$2)),"X") -> 30718.38
B13: 11800-14 | C13: Buffet Aurora B Marchetado""INTERNO PRETO OU CINZA"" (5 portas;1 gav. Int.; 1 prat.), tpo bandeja (se laca brilho somente c/ VD), pés metal | D13: 2,31 x 0,48 x 0,75 | E13: =IFERROR(((VLOOKUP(B13,'Origem '!$A$1:$D$1675,4,0)*'Mark Up '!$C$2)),"X") -> X | F13: =IFERROR(((VLOOKUP(B13,'Origem '!$A$1:$E$1675,5,0)*'Mark Up '!$C$2)),"X") -> 25664.1 | G13: =IFERROR(((VLOOKUP(B13,'Origem '!$A$1:$F$1675,6,0)*'Mark Up '!$C$2)),"X") -> 28787.22 | H13: =IFERROR(((VLOOKUP(B13,'Origem '!$A$1:$H$1675,7,0)*'Mark Up '!$C$2)),"X") -> 33721.38
B14: 11800-18 | C14: Buffet Aurora B Marchetado""INTERNO PRETO OU CINZA"" (5 portas;1 gav. Int.; 1 prat.), tpo bandeja (se laca brilho somente c/ VD), pés metal | D14: 2,56 x 0,48 x 0,75 | E14: =IFERROR(((VLOOKUP(B14,'Origem '!$A$1:$D$1675,4,0)*'Mark Up '!$C$2)),"X") -> X | F14: =IFERROR(((VLOOKUP(B14,'Origem '!$A$1:$E$1675,5,0)*'Mark Up '!$C$2)),"X") -> 27391.98 | G14: =IFERROR(((VLOOKUP(B14,'Origem '!$A$1:$F$1675,6,0)*'Mark Up '!$C$2)),"X") -> 30820.02 | H14: =IFERROR(((VLOOKUP(B14,'Origem '!$A$1:$H$1675,7,0)*'Mark Up '!$C$2)),"X") -> 35449.26
A15: BADEN | B15: 10670-10 | C15: Buffet Baden (4 P, 1 Prat Pq, 1 Gav.),pés de metal (se laca brilho somente c/ VD) | D15: 1,80 x 0,48 x 0,76 | E15: =IFERROR(((VLOOKUP(B15,'Origem '!$A$1:$D$1675,4,0)*'Mark Up '!$C$2)),"X") -> 18660.18 | F15: =IFERROR(((VLOOKUP(B15,'Origem '!$A$1:$E$1675,5,0)*'Mark Up '!$C$2)),"X") -> 22892.1 | G15: =IFERROR(((VLOOKUP(B15,'Origem '!$A$1:$F$1675,6,0)*'Mark Up '!$C$2)),"X") -> 26412.54 | H15: =IFERROR(((VLOOKUP(B15,'Origem '!$A$1:$H$1675,7,0)*'Mark Up '!$C$2)),"X") -> 29332.38
B16: 10670-12 | C16: Buffet Baden (4 P, 1 Prat Pq, 1 Gav.),pés de metal (se laca brilho somente c/ VD) | D16: 2,00 x 0,48 x 0,76 | E16: =IFERROR(((VLOOKUP(B16,'Origem '!$A$1:$D$1675,4,0)*'Mark Up '!$C$2)),"X") -> 19200.72 | F16: =IFERROR(((VLOOKUP(B16,'Origem '!$A$1:$E$1675,5,0)*'Mark Up '!$C$2)),"X") -> 24606.12 | G16: =IFERROR(((VLOOKUP(B16,'Origem '!$A$1:$F$1675,6,0)*'Mark Up '!$C$2)),"X") -> 27812.4 | H16: =IFERROR(((VLOOKUP(B16,'Origem '!$A$1:$H$1675,7,0)*'Mark Up '!$C$2)),"X") -> 30750.72
B17: 10670-14 | C17: Buffet Baden (5 P, 2 Prat Pq, 1 Gav.),pés de metal (se laca brilho somente c/ VD) | D17: 2,25 x 0,48 x 0,76 | E17: =IFERROR(((VLOOKUP(B17,'Origem '!$A$1:$D$1675,4,0)*'Mark Up '!$C$2)),"X") -> 20452.74 | F17: =IFERROR(((VLOOKUP(B17,'Origem '!$A$1:$E$1675,5,0)*'Mark Up '!$C$2)),"X") -> 26038.32 | G17: =IFERROR(((VLOOKUP(B17,'Origem '!$A$1:$F$1675,6,0)*'Mark Up '!$C$2)),"X") -> 29623.44 | H17: =IFERROR(((VLOOKUP(B17,'Origem '!$A$1:$H$1675,7,0)*'Mark Up '!$C$2)),"X") -> 32871.3
B18: 10670-18 | C18: Buffet Baden (5 P, 2 Prat Pq, 1 Gav.),pés de metal (se laca brilho somente c/ VD) | D18: 2,50 x 0,48 x 0,76 | E18: =IFERROR(((VLOOKUP(B18,'Origem '!$A$1:$D$1675,4,0)*'Mark Up '!$C$2)),"X") -> 21820.26 | F18: =IFERROR(((VLOOKUP(B18,'Origem '!$A$1:$E$1675,5,0)*'Mark Up '!$C$2)),"X") -> 26722.08 | G18: =IFERROR(((VLOOKUP(B18,'Origem '!$A$1:$F$1675,6,0)*'Mark Up '!$C$2)),"X") -> 30473.52 | H18: =IFERROR(((VLOOKUP(B18,'Origem '!$A$1:$H$1675,7,0)*'Mark Up '!$C$2)),"X") -> 34516.02
A19: CASABLANCA | B19: 8417-0 | C19: Buffet Casablanca (1 gav.int.;1 prat; 4 portas),pés mad. | D19: 1,80 x 0,47 x 0,80 | E19: =IFERROR(((VLOOKUP(B19,'Origem '!$A$1:$D$1675,4,0)*'Mark Up '!$C$2)),"X") -> 18170.46 | F19: =IFERROR(((VLOOKUP(B19,'Origem '!$A$1:$E$1675,5,0)*'Mark Up '!$C$2)),"X") -> 21852.6 | G19: =IFERROR(((VLOOKUP(B19,'Origem '!$A$1:$F$1675,6,0)*'Mark Up '!$C$2)),"X") -> 24615.36 | H19: =IFERROR(((VLOOKUP(B19,'Origem '!$A$1:$H$1675,7,0)*'Mark Up '!$C$2)),"X") -> 25289.88
B20: 8417-1 | C20: Buffet Casablanca (1 gav.int.;1 prat; 4 portas),pés mad. | D20: 2,00 x 0,47 x 0,80 | E20: =IFERROR(((VLOOKUP(B20,'Origem '!$A$1:$D$1675,4,0)*'Mark Up '!$C$2)),"X") -> 19066.74 | F20: =IFERROR(((VLOOKUP(B20,'Origem '!$A$1:$E$1675,5,0)*'Mark Up '!$C$2)),"X") -> 24000.9 | G20: =IFERROR(((VLOOKUP(B20,'Origem '!$A$1:$F$1675,6,0)*'Mark Up '!$C$2)),"X") -> 26546.52 | H20: =IFERROR(((VLOOKUP(B20,'Origem '!$A$1:$H$1675,7,0)*'Mark Up '!$C$2)),"X") -> 27359.64
A21: CHAPLIN | B21: 11820-10 | C21: Buffet Chaplin B ""INTERNO PRETO OU CINZA"" (4 portas;1 gav. Int.; 1 prat.), tpo bandeja (se laca brilho somente c/ VD), pés metal | D21: 1,86 x 0,48 x 0,75 | E21: =IFERROR(((VLOOKUP(B21,'Origem '!$A$1:$D$1675,4,0)*'Mark Up '!$C$2)),"X") -> X | F21: =IFERROR(((VLOOKUP(B21,'Origem '!$A$1:$E$1675,5,0)*'Mark Up '!$C$2)),"X") -> 22046.64 | G21: =IFERROR(((VLOOKUP(B21,'Origem '!$A$1:$F$1675,6,0)*'Mark Up '!$C$2)),"X") -> 24758.58 | H21: =IFERROR(((VLOOKUP(B21,'Origem '!$A$1:$H$1675,7,0)*'Mark Up '!$C$2)),"X") -> 28953.54
B22: 11820-12 | C22: Buffet Chaplin B ""INTERNO PRETO OU CINZA"" (4 portas;1 gav. Int.; 1 prat.), tpo bandeja (se laca brilho somente c/ VD), pés metal | D22: 2,06 x 0,48 x 0,75 | E22: =IFERROR(((VLOOKUP(B22,'Origem '!$A$1:$D$1675,4,0)*'Mark Up '!$C$2)),"X") -> X | F22: =IFERROR(((VLOOKUP(B22,'Origem '!$A$1:$E$1675,5,0)*'Mark Up '!$C$2)),"X") -> 23321.76 | G22: =IFERROR(((VLOOKUP(B22,'Origem '!$A$1:$F$1675,6,0)*'Mark Up '!$C$2)),"X") -> 25821.18 | H22: =IFERROR(((VLOOKUP(B22,'Origem '!$A$1:$H$1675,7,0)*'Mark Up '!$C$2)),"X") -> 30163.98
B23: 11820-14 | C23: Buffet Chaplin B ""INTERNO PRETO OU CINZA"" (5 portas;1 gav. Int.; 1 prat.), tpo bandeja (se laca brilho somente c/ VD), pés metal | D23: 2,31 x 0,48 x 0,75 | E23: =IFERROR(((VLOOKUP(B23,'Origem '!$A$1:$D$1675,4,0)*'Mark Up '!$C$2)),"X") -> X | F23: =IFERROR(((VLOOKUP(B23,'Origem '!$A$1:$E$1675,5,0)*'Mark Up '!$C$2)),"X") -> 25215.96 | G23: =IFERROR(((VLOOKUP(B23,'Origem '!$A$1:$F$1675,6,0)*'Mark Up '!$C$2)),"X") -> 28269.78 | H23: =IFERROR(((VLOOKUP(B23,'Origem '!$A$1:$H$1675,7,0)*'Mark Up '!$C$2)),"X") -> 33125.4
B24: 11820-18 | C24: Buffet Chaplin B ""INTERNO PRETO OU CINZA"" (5 portas;1 gav. Int.; 1 prat.), tpo bandeja (se laca brilho somente c/ VD), pés metal | D24: 2,56 x 0,48 x 0,75 | E24: =IFERROR(((VLOOKUP(B24,'Origem '!$A$1:$D$1675,4,0)*'Mark Up '!$C$2)),"X") -> X | F24: =IFERROR(((VLOOKUP(B24,'Origem '!$A$1:$E$1675,5,0)*'Mark Up '!$C$2)),"X") -> 27904.8 | G24: =IFERROR(((VLOOKUP(B24,'Origem '!$A$1:$F$1675,6,0)*'Mark Up '!$C$2)),"X") -> 30362.64 | H24: =IFERROR(((VLOOKUP(B24,'Origem '!$A$1:$H$1675,7,0)*'Mark Up '!$C$2)),"X") -> 34848.66
A25: DINAMO | B25: 7980-3 | C25: Buffet Dinamo (4 portas, 2 gav.), pés metal | D25: 1,80 x 0,47 x 0,76 | E25: =IFERROR(((VLOOKUP(B25,'Origem '!$A$1:$D$1675,4,0)*'Mark Up '!$C$2)),"X") -> 25345.32 | F25: =IFERROR(((VLOOKUP(B25,'Origem '!$A$1:$E$1675,5,0)*'Mark Up '!$C$2)),"X") -> 27216.42 | G25: =IFERROR(((VLOOKUP(B25,'Origem '!$A$1:$F$1675,6,0)*'Mark Up '!$C$2)),"X") -> 30949.38 | H25: =IFERROR(((VLOOKUP(B25,'Origem '!$A$1:$H$1675,7,0)*'Mark Up '!$C$2)),"X") -> 32118.24
B26: 7980-4 | C26: Buffet Dinamo (4 portas, 2 gav.), pés metal | D26: 2,00 x 0,47 x 0,76 | E26: =IFERROR(((VLOOKUP(B26,'Origem '!$A$1:$D$1675,4,0)*'Mark Up '!$C$2)),"X") -> 26200.02 | F26: =IFERROR(((VLOOKUP(B26,'Origem '!$A$1:$E$1675,5,0)*'Mark Up '!$C$2)),"X") -> 28510.02 | G26: =IFERROR(((VLOOKUP(B26,'Origem '!$A$1:$F$1675,6,0)*'Mark Up '!$C$2)),"X") -> 32303.04 | H26: =IFERROR(((VLOOKUP(B26,'Origem '!$A$1:$H$1675,7,0)*'Mark Up '!$C$2)),"X") -> 33619.74
B27: 7980-7 | C27: Buffet Dinamo (5 portas, 3 gav.), pés metal | D27: 2,50 x 0,47 x 0,76 | E27: =IFERROR(((VLOOKUP(B27,'Origem '!$A$1:$D$1675,4,0)*'Mark Up '!$C$2)),"X") -> 29443.26 | F27: =IFERROR(((VLOOKUP(B27,'Origem '!$A$1:$E$1675,5,0)*'Mark Up '!$C$2)),"X") -> 32871.3 | G27: =IFERROR(((VLOOKUP(B27,'Origem '!$A$1:$F$1675,6,0)*'Mark Up '!$C$2)),"X") -> 37611.42 | H27: =IFERROR(((VLOOKUP(B27,'Origem '!$A$1:$H$1675,7,0)*'Mark Up '!$C$2)),"X") -> 38244.36
A28: GENOVA | B28: 10111-10 | C28: Buffet Genova ,Nicho, Pés de Metal (4 portas, 2 Prat., 1 Gav.) | D28: 1,80 x 0,47 x 0,80 | E28: =IFERROR(((VLOOKUP(B28,'Origem '!$A$1:$D$1675,4,0)*'Mark Up '!$C$2)),"X") -> 23423.4 | F28: =IFERROR(((VLOOKUP(B28,'Origem '!$A$1:$E$1675,5,0)*'Mark Up '!$C$2)),"X") -> 27498.24 | G28: =IFERROR(((VLOOKUP(B28,'Origem '!$A$1:$F$1675,6,0)*'Mark Up '!$C$2)),"X") -> 30519.72 | H28: =IFERROR(((VLOOKUP(B28,'Origem '!$A$1:$H$1675,7,0)*'Mark Up '!$C$2)),"X") -> 31753.26
B29: 10111-12 | C29: Buffet Genova ,Nicho, Pés de Metal (4 portas, 2 Prat., 1 Gav.) | D29: 2,00 x 0,47 x 0,80 | E29: =IFERROR(((VLOOKUP(B29,'Origem '!$A$1:$D$1675,4,0)*'Mark Up '!$C$2)),"X") -> 24194.94 | F29: =IFERROR(((VLOOKUP(B29,'Origem '!$A$1:$E$1675,5,0)*'Mark Up '!$C$2)),"X") -> 28625.52 | G29: =IFERROR(((VLOOKUP(B29,'Origem '!$A$1:$F$1675,6,0)*'Mark Up '!$C$2)),"X") -> 31683.96 | H29: =IFERROR(((VLOOKUP(B29,'Origem '!$A$1:$H$1675,7,0)*'Mark Up '!$C$2)),"X") -> 32631.06
B30: 10111-14 | C30: Buffet Genova ,Nicho, Pés de Metal (5 portas, 3 Prat., 1 Gav.) | D30: 2,25 x 0,47 x 0,80 | E30: =IFERROR(((VLOOKUP(B30,'Origem '!$A$1:$D$1675,4,0)*'Mark Up '!$C$2)),"X") -> 27960.24 | F30: =IFERROR(((VLOOKUP(B30,'Origem '!$A$1:$E$1675,5,0)*'Mark Up '!$C$2)),"X") -> 30912.42 | G30: =IFERROR(((VLOOKUP(B30,'Origem '!$A$1:$F$1675,6,0)*'Mark Up '!$C$2)),"X") -> 35805 | H30: =IFERROR(((VLOOKUP(B30,'Origem '!$A$1:$H$1675,7,0)*'Mark Up '!$C$2)),"X") -> 36456.42
B31: 10111-18 | C31: Buffet Genova ,Nicho, Pés de Metal (5 portas, 3 Prat., 1 Gav.) | D31: 2,50 x 0,47 x 0,80 | E31: =IFERROR(((VLOOKUP(B31,'Origem '!$A$1:$D$1675,4,0)*'Mark Up '!$C$2)),"X") -> 29470.98 | F31: =IFERROR(((VLOOKUP(B31,'Origem '!$A$1:$E$1675,5,0)*'Mark Up '!$C$2)),"X") -> 33836.88 | G31: =IFERROR(((VLOOKUP(B31,'Origem '!$A$1:$F$1675,6,0)*'Mark Up '!$C$2)),"X") -> 38027.22 | H31: =IFERROR(((VLOOKUP(B31,'Origem '!$A$1:$H$1675,7,0)*'Mark Up '!$C$2)),"X") -> 38184.3
B32: 11940-10 | C32: Buffet Genova B ""INTERNO PRETO OU CINZA"" , Nicho, Pés de Metal (4 portas, 2 Prat., 1 Gav.) | D32: 1,82 x 0,47 x 0,80 | E32: =IFERROR(((VLOOKUP(B32,'Origem '!$A$1:$D$1675,4,0)*'Mark Up '!$C$2)),"X") -> X | F32: =IFERROR(((VLOOKUP(B32,'Origem '!$A$1:$E$1675,5,0)*'Mark Up '!$C$2)),"X") -> 25848.9 | G32: =IFERROR(((VLOOKUP(B32,'Origem '!$A$1:$F$1675,6,0)*'Mark Up '!$C$2)),"X") -> 27345.78 | H32: =IFERROR(((VLOOKUP(B32,'Origem '!$A$1:$H$1675,7,0)*'Mark Up '!$C$2)),"X") -> 28269.78
B33: 11940-12 | C33: Buffet Genova B ""INTERNO PRETO OU CINZA"" , Nicho, Pés de Metal (4 portas, 2 Prat., 1 Gav.) | D33: 2,02 x 0,47 x 0,80 | E33: =IFERROR(((VLOOKUP(B33,'Origem '!$A$1:$D$1675,4,0)*'Mark Up '!$C$2)),"X") -> X | F33: =IFERROR(((VLOOKUP(B33,'Origem '!$A$1:$E$1675,5,0)*'Mark Up '!$C$2)),"X") -> 27313.44 | G33: =IFERROR(((VLOOKUP(B33,'Origem '!$A$1:$F$1675,6,0)*'Mark Up '!$C$2)),"X") -> 28953.54 | H33: =IFERROR(((VLOOKUP(B33,'Origem '!$A$1:$H$1675,7,0)*'Mark Up '!$C$2)),"X") -> 29997.66
B34: 11940-14 | C34: Buffet Genova B ""INTERNO PRETO OU CINZA"" , Nicho, Pés de Metal (5 portas, 3 Prat., 1 Gav.) | D34: 2,27 x 0,47 x 0,80 | E34: =IFERROR(((VLOOKUP(B34,'Origem '!$A$1:$D$1675,4,0)*'Mark Up '!$C$2)),"X") -> X | F34: =IFERROR(((VLOOKUP(B34,'Origem '!$A$1:$E$1675,5,0)*'Mark Up '!$C$2)),"X") -> 29595.72 | G34: =IFERROR(((VLOOKUP(B34,'Origem '!$A$1:$F$1675,6,0)*'Mark Up '!$C$2)),"X") -> 31323.6 | H34: =IFERROR(((VLOOKUP(B34,'Origem '!$A$1:$H$1675,7,0)*'Mark Up '!$C$2)),"X") -> 32418.54
B35: 11940-18 | C35: Buffet Genova B ""INTERNO PRETO OU CINZA"" , Nicho, Pés de Metal (5 portas, 3 Prat., 1 Gav.) | D35: 2,52 x 0,47 x 0,80 | E35: =IFERROR(((VLOOKUP(B35,'Origem '!$A$1:$D$1675,4,0)*'Mark Up '!$C$2)),"X") -> X | F35: =IFERROR(((VLOOKUP(B35,'Origem '!$A$1:$E$1675,5,0)*'Mark Up '!$C$2)),"X") -> 30787.68 | G35: =IFERROR(((VLOOKUP(B35,'Origem '!$A$1:$F$1675,6,0)*'Mark Up '!$C$2)),"X") -> 32136.72 | H35: =IFERROR(((VLOOKUP(B35,'Origem '!$A$1:$H$1675,7,0)*'Mark Up '!$C$2)),"X") -> 33744.48
A36: KYOTO | B36: 10141-10 | C36: Buffet Kyoto Porta Marchetada(4 portas) Pux Cava Tp Arredondado Pés de Metal (Somente SEM VD) | D36: 1,88 x 0,45 x 0,76 | E36: =IFERROR(((VLOOKUP(B36,'Origem '!$A$1:$D$1675,4,0)*'Mark Up '!$C$2)),"X") -> 23127.72 | F36: =IFERROR(((VLOOKUP(B36,'Origem '!$A$1:$E$1675,5,0)*'Mark Up '!$C$2)),"X") -> 27655.32 | G36: =IFERROR(((VLOOKUP(B36,'Origem '!$A$1:$F$1675,6,0)*'Mark Up '!$C$2)),"X") -> 30935.52 | H36: =IFERROR(((VLOOKUP(B36,'Origem '!$A$1:$H$1675,7,0)*'Mark Up '!$C$2)),"X") -> 32529.42
B37: 10141-12 | C37: Buffet Kyoto Porta Marchetada(4 portas) Pux Cava Tp Arredondado Pés de Metal (Somente SEM VD) | D37: 2,08 x 0,45 x 0,76 | E37: =IFERROR(((VLOOKUP(B37,'Origem '!$A$1:$D$1675,4,0)*'Mark Up '!$C$2)),"X") -> 24291.96 | F37: =IFERROR(((VLOOKUP(B37,'Origem '!$A$1:$E$1675,5,0)*'Mark Up '!$C$2)),"X") -> 29752.8 | G37: =IFERROR(((VLOOKUP(B37,'Origem '!$A$1:$F$1675,6,0)*'Mark Up '!$C$2)),"X") -> 32649.54 | H37: =IFERROR(((VLOOKUP(B37,'Origem '!$A$1:$H$1675,7,0)*'Mark Up '!$C$2)),"X") -> 35985.18
B38: 10141-15 | C38: Buffet Kyoto Porta Marchetada(5 portas) Pux Cava Tp Arredondado Pés de Metal (Somente SEM VD) | D38: 2,32 x 0,45 x 0,76 | E38: =IFERROR(((VLOOKUP(B38,'Origem '!$A$1:$D$1675,4,0)*'Mark Up '!$C$2)),"X") -> 25645.62 | F38: =IFERROR(((VLOOKUP(B38,'Origem '!$A$1:$E$1675,5,0)*'Mark Up '!$C$2)),"X") -> 31254.3 | G38: =IFERROR(((VLOOKUP(B38,'Origem '!$A$1:$F$1675,6,0)*'Mark Up '!$C$2)),"X") -> 34756.26 | H38: =IFERROR(((VLOOKUP(B38,'Origem '!$A$1:$H$1675,7,0)*'Mark Up '!$C$2)),"X") -> 36733.62
B39: 10141-18 | C39: Buffet Kyoto Porta Marchetada(5 portas) Pux Cava Tp Arredondado Pés de Metal (Somente SEM VD) | D39: 2,58 x 0,45 x 0,76 | E39: =IFERROR(((VLOOKUP(B39,'Origem '!$A$1:$D$1675,4,0)*'Mark Up '!$C$2)),"X") -> 27803.16 | F39: =IFERROR(((VLOOKUP(B39,'Origem '!$A$1:$E$1675,5,0)*'Mark Up '!$C$2)),"X") -> 33037.62 | G39: =IFERROR(((VLOOKUP(B39,'Origem '!$A$1:$F$1675,6,0)*'Mark Up '!$C$2)),"X") -> 36479.52 | H39: =IFERROR(((VLOOKUP(B39,'Origem '!$A$1:$H$1675,7,0)*'Mark Up '!$C$2)),"X") -> 39233.04
B40: 12010-10 | C40: Buffet Kyoto "B" Porta Marchetada "INTERNO PRETO OU CINZA" (4 portas) Pux Cava Tp Arredondado Pés Metal (Somente SEM VD) | D40: 1,88 x 0,45 x 0,76 | E40: =IFERROR(((VLOOKUP(B40,'Origem '!$A$1:$D$1675,4,0)*'Mark Up '!$C$2)),"X") -> X | F40: =IFERROR(((VLOOKUP(B40,'Origem '!$A$1:$E$1675,5,0)*'Mark Up '!$C$2)),"X") -> 26204.64 | G40: =IFERROR(((VLOOKUP(B40,'Origem '!$A$1:$F$1675,6,0)*'Mark Up '!$C$2)),"X") -> 27087.06 | H40: =IFERROR(((VLOOKUP(B40,'Origem '!$A$1:$H$1675,7,0)*'Mark Up '!$C$2)),"X") -> 30016.14
B41: 12010-12 | C41: Buffet Kyoto "B" Porta Marchetada "INTERNO PRETO OU CINZA" (4 portas) Pux Cava Tp Arredondado Pés Metal (Somente SEM VD) | D41: 2,08 x 0,45 x 0,76 | E41: =IFERROR(((VLOOKUP(B41,'Origem '!$A$1:$D$1675,4,0)*'Mark Up '!$C$2)),"X") -> X | F41: =IFERROR(((VLOOKUP(B41,'Origem '!$A$1:$E$1675,5,0)*'Mark Up '!$C$2)),"X") -> 27586.02 | G41: =IFERROR(((VLOOKUP(B41,'Origem '!$A$1:$F$1675,6,0)*'Mark Up '!$C$2)),"X") -> 28583.94 | H41: =IFERROR(((VLOOKUP(B41,'Origem '!$A$1:$H$1675,7,0)*'Mark Up '!$C$2)),"X") -> 31753.26
B42: 12010-14 | C42: Buffet Kyoto "B" Porta Marchetada "INTERNO PRETO OU CINZA" (5 portas) Pux Cava Tp Arredondado Pés Metal (Somente SEM VD) | D42: 2,32 x 0,45 x 0,76 | E42: =IFERROR(((VLOOKUP(B42,'Origem '!$A$1:$D$1675,4,0)*'Mark Up '!$C$2)),"X") -> X | F42: =IFERROR(((VLOOKUP(B42,'Origem '!$A$1:$E$1675,5,0)*'Mark Up '!$C$2)),"X") -> 29447.88 | G42: =IFERROR(((VLOOKUP(B42,'Origem '!$A$1:$F$1675,6,0)*'Mark Up '!$C$2)),"X") -> 30847.74 | H42: =IFERROR(((VLOOKUP(B42,'Origem '!$A$1:$H$1675,7,0)*'Mark Up '!$C$2)),"X") -> 33933.9
B43: 12010-18 | C43: Buffet Kyoto "B" Porta Marchetada "INTERNO PRETO OU CINZA" (5 portas) Pux Cava Tp Arredondado Pés Metal (Somente SEM VD) | D43: 2,58 x 0,45 x 0,76 | E43: =IFERROR(((VLOOKUP(B43,'Origem '!$A$1:$D$1675,4,0)*'Mark Up '!$C$2)),"X") -> X | F43: =IFERROR(((VLOOKUP(B43,'Origem '!$A$1:$E$1675,5,0)*'Mark Up '!$C$2)),"X") -> 30972.48 | G43: =IFERROR(((VLOOKUP(B43,'Origem '!$A$1:$F$1675,6,0)*'Mark Up '!$C$2)),"X") -> 32728.08 | H43: =IFERROR(((VLOOKUP(B43,'Origem '!$A$1:$H$1675,7,0)*'Mark Up '!$C$2)),"X") -> 35232.12
A44: RHONE | B44: 11155-2 | C44: Balcão Rhone (1 prateleira), pés metal (se laca brilho somente c/ VD) | D44: 1,25 x 0,36 x 0,89 | E44: =IFERROR(((VLOOKUP(B44,'Origem '!$A$1:$D$1675,4,0)*'Mark Up '!$C$2)),"X") -> 12510.96 | F44: =IFERROR(((VLOOKUP(B44,'Origem '!$A$1:$E$1675,5,0)*'Mark Up '!$C$2)),"X") -> 15370.74 | G44: =IFERROR(((VLOOKUP(B44,'Origem '!$A$1:$F$1675,6,0)*'Mark Up '!$C$2)),"X") -> 18216.66 | H44: =IFERROR(((VLOOKUP(B44,'Origem '!$A$1:$H$1675,7,0)*'Mark Up '!$C$2)),"X") -> 19270.02
A45: WAVE | B45: 11760-10 | C45: Buffet Wave Marchetado (4 portas;1 gav. Int.; 1 prat.), pés madeira | D45: 1,82 x 0,47 x 0,76 | E45: =IFERROR(((VLOOKUP(B45,'Origem '!$A$1:$D$1675,4,0)*'Mark Up '!$C$2)),"X") -> 19616.52 | F45: =IFERROR(((VLOOKUP(B45,'Origem '!$A$1:$E$1675,5,0)*'Mark Up '!$C$2)),"X") -> 25493.16 | G45: =IFERROR(((VLOOKUP(B45,'Origem '!$A$1:$F$1675,6,0)*'Mark Up '!$C$2)),"X") -> 29600.34 | H45: =IFERROR(((VLOOKUP(B45,'Origem '!$A$1:$H$1675,7,0)*'Mark Up '!$C$2)),"X") -> 34705.44
B46: 11760-12 | C46: Buffet Wave Marchetado (4 portas;1 gav. Int.; 1 prat.), pés madeira | D46: 2,02 x 0,47 x 0,76 | E46: =IFERROR(((VLOOKUP(B46,'Origem '!$A$1:$D$1675,4,0)*'Mark Up '!$C$2)),"X") -> 20475.84 | F46: =IFERROR(((VLOOKUP(B46,'Origem '!$A$1:$E$1675,5,0)*'Mark Up '!$C$2)),"X") -> 26712.84 | G46: =IFERROR(((VLOOKUP(B46,'Origem '!$A$1:$F$1675,6,0)*'Mark Up '!$C$2)),"X") -> 31097.22 | H46: =IFERROR(((VLOOKUP(B46,'Origem '!$A$1:$H$1675,7,0)*'Mark Up '!$C$2)),"X") -> 35495.46
B47: 11760-14 | C47: Buffet Wave Marchetado (5 portas;1 gav. Int.; 1 prat.), pés madeira | D47: 2,27 x 0,47 x 0,76 | E47: =IFERROR(((VLOOKUP(B47,'Origem '!$A$1:$D$1675,4,0)*'Mark Up '!$C$2)),"X") -> 23321.76 | F47: =IFERROR(((VLOOKUP(B47,'Origem '!$A$1:$E$1675,5,0)*'Mark Up '!$C$2)),"X") -> 29544.9 | G47: =IFERROR(((VLOOKUP(B47,'Origem '!$A$1:$F$1675,6,0)*'Mark Up '!$C$2)),"X") -> 34206.48 | H47: =IFERROR(((VLOOKUP(B47,'Origem '!$A$1:$H$1675,7,0)*'Mark Up '!$C$2)),"X") -> 39902.94
B48: 11760-18 | C48: Buffet Wave Marchetado (5 portas;1 gav. Int.; 1 prat.), pés madeira | D48: 2,52 x 0,47 x 0,76 | E48: =IFERROR(((VLOOKUP(B48,'Origem '!$A$1:$D$1675,4,0)*'Mark Up '!$C$2)),"X") -> 25220.58 | F48: =IFERROR(((VLOOKUP(B48,'Origem '!$A$1:$E$1675,5,0)*'Mark Up '!$C$2)),"X") -> 33536.58 | G48: =IFERROR(((VLOOKUP(B48,'Origem '!$A$1:$F$1675,6,0)*'Mark Up '!$C$2)),"X") -> 39228.42 | H48: =IFERROR(((VLOOKUP(B48,'Origem '!$A$1:$H$1675,7,0)*'Mark Up '!$C$2)),"X") -> 47290.32
B49: 11761-10 | C49: Buffet Wave B Marchetaria""INTERNO PRETO OU CINZA"" (4 portas;1 gav. Int.; 1 prat.),pés de madeira | D49: 1,85 x 0,47 x 0,76 | E49: =IFERROR(((VLOOKUP(B49,'Origem '!$A$1:$D$1675,4,0)*'Mark Up '!$C$2)),"X") -> X | F49: =IFERROR(((VLOOKUP(B49,'Origem '!$A$1:$E$1675,5,0)*'Mark Up '!$C$2)),"X") -> 22171.38 | G49: =IFERROR(((VLOOKUP(B49,'Origem '!$A$1:$F$1675,6,0)*'Mark Up '!$C$2)),"X") -> 26717.46 | H49: =IFERROR(((VLOOKUP(B49,'Origem '!$A$1:$H$1675,7,0)*'Mark Up '!$C$2)),"X") -> 29595.72
B50: 11761-12 | C50: Buffet Wave B Marchetaria""INTERNO PRETO OU CINZA"" (4 portas;1 gav. Int.; 1 prat.),pés de madeira | D50: 2,05 x 0,47 x 0,76 | E50: =IFERROR(((VLOOKUP(B50,'Origem '!$A$1:$D$1675,4,0)*'Mark Up '!$C$2)),"X") -> X | F50: =IFERROR(((VLOOKUP(B50,'Origem '!$A$1:$E$1675,5,0)*'Mark Up '!$C$2)),"X") -> 24610.74 | G50: =IFERROR(((VLOOKUP(B50,'Origem '!$A$1:$F$1675,6,0)*'Mark Up '!$C$2)),"X") -> 27853.98 | H50: =IFERROR(((VLOOKUP(B50,'Origem '!$A$1:$H$1675,7,0)*'Mark Up '!$C$2)),"X") -> 30843.12
B51: 11761-14 | C51: Buffet Wave B Marchetaria""INTERNO PRETO OU CINZA"" (5 portas;1 gav. Int.; 2 prat.),pés de madeira | D51: 2,30 x 0,47 x 0,76 | E51: =IFERROR(((VLOOKUP(B51,'Origem '!$A$1:$D$1675,4,0)*'Mark Up '!$C$2)),"X") -> X | F51: =IFERROR(((VLOOKUP(B51,'Origem '!$A$1:$E$1675,5,0)*'Mark Up '!$C$2)),"X") -> 27364.26 | G51: =IFERROR(((VLOOKUP(B51,'Origem '!$A$1:$F$1675,6,0)*'Mark Up '!$C$2)),"X") -> 30884.7 | H51: =IFERROR(((VLOOKUP(B51,'Origem '!$A$1:$H$1675,7,0)*'Mark Up '!$C$2)),"X") -> 34030.92
B52: 11761-18 | C52: Buffet Wave B Marchetaria""INTERNO PRETO OU CINZA"" (5 portas;1 gav. Int.; 2 prat.),pés de madeira | D52: 2,55 x 0,47 x 0,76 | E52: =IFERROR(((VLOOKUP(B52,'Origem '!$A$1:$D$1675,4,0)*'Mark Up '!$C$2)),"X") -> X | F52: =IFERROR(((VLOOKUP(B52,'Origem '!$A$1:$E$1675,5,0)*'Mark Up '!$C$2)),"X") -> 30612.12 | G52: =IFERROR(((VLOOKUP(B52,'Origem '!$A$1:$F$1675,6,0)*'Mark Up '!$C$2)),"X") -> 35315.28 | H52: =IFERROR(((VLOOKUP(B52,'Origem '!$A$1:$H$1675,7,0)*'Mark Up '!$C$2)),"X") -> 39963

Sheet Carrinhos de Chá 
C1: CARRINHOS DE CHÁ | I1: AMBIENTADAS
A2: COLEÇÃO | B2: REF | C2: DESCRIÇÃO | D2: COMP X PROF X ALT | E2: Em caso de cores diferentes Base ou Tampo, utilizar preço de maior valor
E3: COLUNA 1 | F3: COLUNA 2 | G3: COLUNA 3 | H3: COLUNA 4
E4: LACA LISA BRAZIL ( COM OU SEM VIDRO PINTADO) | F4: - CARVALHO CLARO - CARVALHO NATURAL - CARVALHO LAVADO - CARV. EBANIZADO - IMBUIA CLARA * ACRESCENTAR 12% SE COM VIDRO PINTADO | G4: - NOGUEIRA - NOGUEIRA NATURAL - LOURO FREIJÓ - LOURO FREIJÓ NATURAL - LACA METALIZADA BRAZIL - CARV. ÔNIX METALIZADO - CARV. N109 METALIZADO - CARV. ALBANIZADO - CARV. H155 FOSCO - CONCRETO (SOMENTE SEM VIDRO) | H4: - PAU FERRO
E5: OBS. O ACABAMENTO DO METAL NÃO INFLUENCIARÁ NO VALOR DO CARRINHO DE CHÁ
A6: GOLD | B6: 4829-0 | C6: Carrinho de Chá Gold (se laca brilho somente c/ VD) | D6: 1,16 x 0,46 x 0,80 | E6: =IFERROR(((VLOOKUP(B6,'Origem '!$A$1:$D$1665,4,0)*'Mark Up '!$C$2)),"X") -> 10649.1 | F6: =IFERROR(((VLOOKUP(B6,'Origem '!$A$1:$E$1665,5,0)*'Mark Up '!$C$2)),"X") -> 12159.84 | G6: =IFERROR(((VLOOKUP(B6,'Origem '!$A$1:$F$1665,6,0)*'Mark Up '!$C$2)),"X") -> 13518.12 | H6: =IFERROR(((VLOOKUP(B6,'Origem '!$A$1:$H$1665,7,0)*'Mark Up '!$C$2)),"X") -> 14534.52
A7: MACAU | B7: 10249-4 | C7: Carrinho de Chá Macau (se laca brilho, somente c/ VD) | D7: 0,82 x 0,36 x 0,82 | E7: =IFERROR(((VLOOKUP(B7,'Origem '!$A$1:$D$1665,4,0)*'Mark Up '!$C$2)),"X") -> 7793.94 | F7: =IFERROR(((VLOOKUP(B7,'Origem '!$A$1:$E$1665,5,0)*'Mark Up '!$C$2)),"X") -> 8773.38 | G7: =IFERROR(((VLOOKUP(B7,'Origem '!$A$1:$F$1665,6,0)*'Mark Up '!$C$2)),"X") -> 9882.18 | H7: =IFERROR(((VLOOKUP(B7,'Origem '!$A$1:$H$1665,7,0)*'Mark Up '!$C$2)),"X") -> 10621.38
A8: QUIOS | B8: 11760-4 | C8: Carrinho de Chá QUIOS (se laca brilho, somente c/ VD) | D8: 0,80 x 0,36 x 0,82 | E8: =IFERROR(((VLOOKUP(B8,'Origem '!$A$1:$D$1665,4,0)*'Mark Up '!$C$2)),"X") -> 7137.9 | F8: =IFERROR(((VLOOKUP(B8,'Origem '!$A$1:$E$1665,5,0)*'Mark Up '!$C$2)),"X") -> 7909.44 | G8: =IFERROR(((VLOOKUP(B8,'Origem '!$A$1:$F$1665,6,0)*'Mark Up '!$C$2)),"X") -> 8339.1 | H8: =IFERROR(((VLOOKUP(B8,'Origem '!$A$1:$H$1665,7,0)*'Mark Up '!$C$2)),"X") -> 8814.96
A9: VANCOUVER | B9: 10019-18 | C9: Carrinho de Chá Vancouver (se laca brilho somente c/ VD) - (Vidro somente no tampo superior) | D9: 2,12 x 0,56 x 0,80 | E9: =IFERROR(((VLOOKUP(B9,'Origem '!$A$1:$D$1665,4,0)*'Mark Up '!$C$2)),"X") -> 19011.3 | F9: =IFERROR(((VLOOKUP(B9,'Origem '!$A$1:$E$1665,5,0)*'Mark Up '!$C$2)),"X") -> 20503.56 | G9: =IFERROR(((VLOOKUP(B9,'Origem '!$A$1:$F$1665,6,0)*'Mark Up '!$C$2)),"X") -> 23363.34 | H9: =IFERROR(((VLOOKUP(B9,'Origem '!$A$1:$H$1665,7,0)*'Mark Up '!$C$2)),"X") -> 24869.46

Sheet Gaveteiros
C1: GAVETEIROS | I1: AMBIENTADAS
A2: COLEÇÃO | B2: REF | C2: DESCRIÇÃO | D2: COMP X PROF X ALT | E2: Em caso de cores diferentes, utilizar preço de maior valor
E3: COLUNA 1 | F3: COLUNA 2 | G3: COLUNA 3 | H3: COLUNA 4
E4: LACA LISA BRAZIL ( COM OU SEM VIDRO PINTADO) | F4: - CARVALHO CLARO - CARVALHO NATURAL - CARVALHO LAVADO - CARV. EBANIZADO - IMBUIA CLARA * ACRESCENTAR 12% SE COM VIDRO PINTADO | G4: - NOGUEIRA - NOGUEIRA NATURAL - LOURO FREIJÓ - LOURO FREIJÓ NATURAL - LACA METALIZADA BRAZIL - CARV. ÔNIX METALIZADO - CARV. N109 METALIZADO - CARV. ALBANIZADO - CARV. H155 FOSCO - CONCRETO (SOMENTE SEM VIDRO) | H4: - PAU FERRO
E5: OBS. O ACABAMENTO DO METAL NÃO INFLUENCIARÁ NO VALOR DOS GAVETEIROS
A6: CAIRO | B6: 11880-0 | C6: Gaveteiro Cairo (2 gav.;c/ corrediça toque), pés metal | D6: 0,50 x 0,45 x 0,60 | E6: =IFERROR(((VLOOKUP(B6,'Origem '!$A$1:$D$1665,4,0)*'Mark Up '!$C$2)),"X") -> 8089.62 | F6: =IFERROR(((VLOOKUP(B6,'Origem '!$A$1:$E$1665,5,0)*'Mark Up '!$C$2)),"X") -> 10214.82 | G6: =IFERROR(((VLOOKUP(B6,'Origem '!$A$1:$F$1665,6,0)*'Mark Up '!$C$2)),"X") -> 11060.28 | H6: =IFERROR(((VLOOKUP(B6,'Origem '!$A$1:$H$1665,7,0)*'Mark Up '!$C$2)),"X") -> 11854.92
B7: 11880-2 | C7: Gaveteiro Cairo (2 gav.;c/ corrediça toque), pés metal | D7: 0,70 x 0,45 x 0,60 | E7: =IFERROR(((VLOOKUP(B7,'Origem '!$A$1:$D$1665,4,0)*'Mark Up '!$C$2)),"X") -> 9702 | F7: =IFERROR(((VLOOKUP(B7,'Origem '!$A$1:$E$1665,5,0)*'Mark Up '!$C$2)),"X") -> 11425.26 | G7: =IFERROR(((VLOOKUP(B7,'Origem '!$A$1:$F$1665,6,0)*'Mark Up '!$C$2)),"X") -> 12510.96 | H7: =IFERROR(((VLOOKUP(B7,'Origem '!$A$1:$H$1665,7,0)*'Mark Up '!$C$2)),"X") -> 13490.4
A8: LOS ANGELES | B8: 11042-0 | C8: Gaveteiro Los Angeles (2 gav.;c/ pux.cava), pés metal | D8: 0,50 x 0,45 x 0,60 | E8: =IFERROR(((VLOOKUP(B8,'Origem '!$A$1:$D$1665,4,0)*'Mark Up '!$C$2)),"X") -> 6777.54 | F8: =IFERROR(((VLOOKUP(B8,'Origem '!$A$1:$E$1665,5,0)*'Mark Up '!$C$2)),"X") -> 8713.32 | G8: =IFERROR(((VLOOKUP(B8,'Origem '!$A$1:$F$1665,6,0)*'Mark Up '!$C$2)),"X") -> 9549.54 | H8: =IFERROR(((VLOOKUP(B8,'Origem '!$A$1:$H$1665,7,0)*'Mark Up '!$C$2)),"X") -> 9942.24
B9: 11042-2 | C9: Gaveteiro Los Angeles (2 gav.;c/ pux.cava), pés metal | D9: 0,70 x 0,45 x 0,60 | E9: =IFERROR(((VLOOKUP(B9,'Origem '!$A$1:$D$1665,4,0)*'Mark Up '!$C$2)),"X") -> 7701.54 | F9: =IFERROR(((VLOOKUP(B9,'Origem '!$A$1:$E$1665,5,0)*'Mark Up '!$C$2)),"X") -> 10039.26 | G9: =IFERROR(((VLOOKUP(B9,'Origem '!$A$1:$F$1665,6,0)*'Mark Up '!$C$2)),"X") -> 11004.84 | H9: =IFERROR(((VLOOKUP(B9,'Origem '!$A$1:$H$1665,7,0)*'Mark Up '!$C$2)),"X") -> 11531.52
A10: MILETO | B10: 11860-0 | C10: Gaveteiro Mileto C/ MARCHETARIA (2 gav.;c/ pux.cava), pés metal | D10: 0,50 x 0,47 x 0,60 | E10: =IFERROR(((VLOOKUP(B10,'Origem '!$A$1:$D$1665,4,0)*'Mark Up '!$C$2)),"X") -> 7752.36 | F10: =IFERROR(((VLOOKUP(B10,'Origem '!$A$1:$E$1665,5,0)*'Mark Up '!$C$2)),"X") -> 9383.22 | G10: =IFERROR(((VLOOKUP(B10,'Origem '!$A$1:$F$1665,6,0)*'Mark Up '!$C$2)),"X") -> 10173.24 | H10: =IFERROR(((VLOOKUP(B10,'Origem '!$A$1:$H$1665,7,0)*'Mark Up '!$C$2)),"X") -> 10408.86
B11: 11860-2 | C11: Gaveteiro Mileto C/ MARCHETARIA (2 gav.;c/ pux.cava), pés metal | D11: 0,70 x 0,47 x 0,60 | E11: =IFERROR(((VLOOKUP(B11,'Origem '!$A$1:$D$1665,4,0)*'Mark Up '!$C$2)),"X") -> 8911.98 | F11: =IFERROR(((VLOOKUP(B11,'Origem '!$A$1:$E$1665,5,0)*'Mark Up '!$C$2)),"X") -> 10898.58 | G11: =IFERROR(((VLOOKUP(B11,'Origem '!$A$1:$F$1665,6,0)*'Mark Up '!$C$2)),"X") -> 11873.4 | H11: =IFERROR(((VLOOKUP(B11,'Origem '!$A$1:$H$1665,7,0)*'Mark Up '!$C$2)),"X") -> 12192.18
A12: RHONE | B12: 11152-0 | C12: Gaveteiro Rhone (1 gav.;c/ pux.cava), pés metal (se laca brilho somente c/ VD) | D12: 0,54 x 0,47 x 0,60 | E12: =IFERROR(((VLOOKUP(B12,'Origem '!$A$1:$D$1665,4,0)*'Mark Up '!$C$2)),"X") -> 7576.8 | F12: =IFERROR(((VLOOKUP(B12,'Origem '!$A$1:$E$1665,5,0)*'Mark Up '!$C$2)),"X") -> 9064.44 | G12: =IFERROR(((VLOOKUP(B12,'Origem '!$A$1:$F$1665,6,0)*'Mark Up '!$C$2)),"X") -> 10057.74 | H12: =IFERROR(((VLOOKUP(B12,'Origem '!$A$1:$H$1665,7,0)*'Mark Up '!$C$2)),"X") -> 10704.54
B13: 11152-2 | C13: Gaveteiro Rhone (1 gav.;c/ pux.cava), pés metal (se laca brilho somente c/ VD) | D13: 0,74 x 0,47 x 0,60 | E13: =IFERROR(((VLOOKUP(B13,'Origem '!$A$1:$D$1665,4,0)*'Mark Up '!$C$2)),"X") -> 8228.22 | F13: =IFERROR(((VLOOKUP(B13,'Origem '!$A$1:$E$1665,5,0)*'Mark Up '!$C$2)),"X") -> 9868.32 | G13: =IFERROR(((VLOOKUP(B13,'Origem '!$A$1:$F$1665,6,0)*'Mark Up '!$C$2)),"X") -> 11138.82 | H13: =IFERROR(((VLOOKUP(B13,'Origem '!$A$1:$H$1665,7,0)*'Mark Up '!$C$2)),"X") -> 12109.02
A14: SICILIANO | B14: 7261-0 | C14: Gaveteiro Siciliano (1 gav.;c/ pux.cava), pés metal | D14: 0,50 x 0,45 x 0,60 | E14: =IFERROR(((VLOOKUP(B14,'Origem '!$A$1:$D$1665,4,0)*'Mark Up '!$C$2)),"X") -> 6879.18 | F14: =IFERROR(((VLOOKUP(B14,'Origem '!$A$1:$E$1665,5,0)*'Mark Up '!$C$2)),"X") -> 7706.16 | G14: =IFERROR(((VLOOKUP(B14,'Origem '!$A$1:$F$1665,6,0)*'Mark Up '!$C$2)),"X") -> 8413.02 | H14: =IFERROR(((VLOOKUP(B14,'Origem '!$A$1:$H$1665,7,0)*'Mark Up '!$C$2)),"X") -> 8925.84
B15: 7261-2 | C15: Gaveteiro Siciliano (1 gav.;c/ pux.cava), pés metal | D15: 0,70 x 0,45 x 0,60 | E15: =IFERROR(((VLOOKUP(B15,'Origem '!$A$1:$D$1665,4,0)*'Mark Up '!$C$2)),"X") -> 7461.3 | F15: =IFERROR(((VLOOKUP(B15,'Origem '!$A$1:$E$1665,5,0)*'Mark Up '!$C$2)),"X") -> 8500.8 | G15: =IFERROR(((VLOOKUP(B15,'Origem '!$A$1:$F$1665,6,0)*'Mark Up '!$C$2)),"X") -> 9290.82 | H15: =IFERROR(((VLOOKUP(B15,'Origem '!$A$1:$H$1665,7,0)*'Mark Up '!$C$2)),"X") -> 9928.38
A16: SICILIANO | B16: 7262-0 | C16: Gaveteiro Siciliano (2 gav.;c/ pux.cava), pés metal | D16: 0,50 x 0,45 x 0,59 | E16: =IFERROR(((VLOOKUP(B16,'Origem '!$A$1:$D$1665,4,0)*'Mark Up '!$C$2)),"X") -> 7659.96 | F16: =IFERROR(((VLOOKUP(B16,'Origem '!$A$1:$E$1665,5,0)*'Mark Up '!$C$2)),"X") -> 9674.28 | G16: =IFERROR(((VLOOKUP(B16,'Origem '!$A$1:$F$1665,6,0)*'Mark Up '!$C$2)),"X") -> 11046.42 | H16: =IFERROR(((VLOOKUP(B16,'Origem '!$A$1:$H$1665,7,0)*'Mark Up '!$C$2)),"X") -> 11522.28
B17: 7262-2 | C17: Gaveteiro Siciliano (2 gav.;c/ pux.cava), pés metal | D17: 0,70 x 0,45 x 0,59 | E17: =IFERROR(((VLOOKUP(B17,'Origem '!$A$1:$D$1665,4,0)*'Mark Up '!$C$2)),"X") -> 8805.72 | F17: =IFERROR(((VLOOKUP(B17,'Origem '!$A$1:$E$1665,5,0)*'Mark Up '!$C$2)),"X") -> 10852.38 | G17: =IFERROR(((VLOOKUP(B17,'Origem '!$A$1:$F$1665,6,0)*'Mark Up '!$C$2)),"X") -> 12936 | H17: =IFERROR(((VLOOKUP(B17,'Origem '!$A$1:$H$1665,7,0)*'Mark Up '!$C$2)),"X") -> 13416.48
A18: TÓQUIO | B18: 11032-0 | C18: Gaveteiro Tóquio (2 gav.;c/ puxador), pés metal | D18: 0,50 x 0,45 x 0,60 | E18: =IFERROR(((VLOOKUP(B18,'Origem '!$A$1:$D$1665,4,0)*'Mark Up '!$C$2)),"X") -> 6518.82 | F18: =IFERROR(((VLOOKUP(B18,'Origem '!$A$1:$E$1665,5,0)*'Mark Up '!$C$2)),"X") -> 8066.52 | G18: =IFERROR(((VLOOKUP(B18,'Origem '!$A$1:$F$1665,6,0)*'Mark Up '!$C$2)),"X") -> 8828.82 | H18: =IFERROR(((VLOOKUP(B18,'Origem '!$A$1:$H$1665,7,0)*'Mark Up '!$C$2)),"X") -> 9152.22
B19: 11032-2 | C19: Gaveteiro Tóquio (2 gav.;c/ puxador), pés metal | D19: 0,70 x 0,45 x 0,60 | E19: =IFERROR(((VLOOKUP(B19,'Origem '!$A$1:$D$1665,4,0)*'Mark Up '!$C$2)),"X") -> 7031.64 | F19: =IFERROR(((VLOOKUP(B19,'Origem '!$A$1:$E$1665,5,0)*'Mark Up '!$C$2)),"X") -> 9360.12 | G19: =IFERROR(((VLOOKUP(B19,'Origem '!$A$1:$F$1665,6,0)*'Mark Up '!$C$2)),"X") -> 10247.16 | H19: =IFERROR(((VLOOKUP(B19,'Origem '!$A$1:$H$1665,7,0)*'Mark Up '!$C$2)),"X") -> 10709.16
A20: TRENTO | B20: 10742-5 | C20: Gaveteiro Trento (1 gav. c/ pux.), pés mad. (se laca brilho somente c/ VD) | D20: 0,45 Ø 0,61 | E20: =IFERROR(((VLOOKUP(B20,'Origem '!$A$1:$D$1665,4,0)*'Mark Up '!$C$2)),"X") -> 6237 | F20: =IFERROR(((VLOOKUP(B20,'Origem '!$A$1:$E$1665,5,0)*'Mark Up '!$C$2)),"X") -> 7452.06 | G20: =IFERROR(((VLOOKUP(B20,'Origem '!$A$1:$F$1665,6,0)*'Mark Up '!$C$2)),"X") -> 8237.46 | H20: =IFERROR(((VLOOKUP(B20,'Origem '!$A$1:$H$1665,7,0)*'Mark Up '!$C$2)),"X") -> X
B21: 10742-6 | C21: Gaveteiro Trento (1 gav. c/ pux.), pés mad. (se laca brilho somente c/ VD) | D21: 0,54 Ø 0,61 | E21: =IFERROR(((VLOOKUP(B21,'Origem '!$A$1:$D$1665,4,0)*'Mark Up '!$C$2)),"X") -> 6352.5 | F21: =IFERROR(((VLOOKUP(B21,'Origem '!$A$1:$E$1665,5,0)*'Mark Up '!$C$2)),"X") -> 7586.04 | G21: =IFERROR(((VLOOKUP(B21,'Origem '!$A$1:$F$1665,6,0)*'Mark Up '!$C$2)),"X") -> 8473.08 | H21: =IFERROR(((VLOOKUP(B21,'Origem '!$A$1:$H$1665,7,0)*'Mark Up '!$C$2)),"X") -> X

Sheet Complementos
C1: COMPLEMENTOS | I1: AMBIENTADAS
A2: COLEÇÃO | B2: REF | C2: DESCRIÇÃO | D2: COMP X PROF X ALT | E2: Em caso de cores diferentes Base ou Tampo, utilizar preço de maior valor
E3: COLUNA 1 | F3: COLUNA 2 | G3: COLUNA 3 | H3: COLUNA 4
E4: LACA LISA BRAZIL ( COM OU SEM VIDRO PINTADO) | F4: - CARVALHO CLARO - CARVALHO NATURAL - CARVALHO LAVADO - CARV. EBANIZADO - IMBUIA CLARA * ACRESCENTAR 12% SE COM VIDRO PINTADO | G4: - NOGUEIRA - NOGUEIRA NATURAL - LOURO FREIJÓ - LOURO FREIJÓ NATURAL - LACA METALIZADA BRAZIL - CARV. ÔNIX METALIZADO - CARV. N109 METALIZADO - CARV. ALBANIZADO - CARV. H155 FOSCO - CONCRETO (SOMENTE SEM VIDRO) | H4: - PAU FERRO
E5: OBS. O ACABAMENTO DO METAL NÃO INFLUENCIARÁ NO VALOR DO MÓVEL
A6: CARTAGENA | B6: 1410-0 | C6: Cristaleira Cartagena (4 prat;2 luminárias) | D6: 0,82 x 0,37 x 1,82 | E6: =IFERROR(((VLOOKUP(B6,'Origem '!$A$1:$D$1665,4,0)*'Mark Up '!$C$2)),"X") -> 19930.68 | F6: =IFERROR(((VLOOKUP(B6,'Origem '!$A$1:$E$1665,5,0)*'Mark Up '!$C$2)),"X") -> 20674.5 | G6: =IFERROR(((VLOOKUP(B6,'Origem '!$A$1:$F$1665,6,0)*'Mark Up '!$C$2)),"X") -> 24181.08 | H6: =IFERROR(((VLOOKUP(B6,'Origem '!$A$1:$H$1665,7,0)*'Mark Up '!$C$2)),"X") -> 26865.3
B7: 1410-0Sl | C7: Cristaleira Cartagena (4 prat;s/iluminação) | D7: 0,82 x 0,37 x 1,82 | E7: =IFERROR(((VLOOKUP(B7,'Origem '!$A$1:$D$1665,4,0)*'Mark Up '!$C$2)),"X") -> 18775.68 | F7: =IFERROR(((VLOOKUP(B7,'Origem '!$A$1:$E$1665,5,0)*'Mark Up '!$C$2)),"X") -> 20508.18 | G7: =IFERROR(((VLOOKUP(B7,'Origem '!$A$1:$F$1665,6,0)*'Mark Up '!$C$2)),"X") -> 23381.82 | H7: =IFERROR(((VLOOKUP(B7,'Origem '!$A$1:$H$1665,7,0)*'Mark Up '!$C$2)),"X") -> 25982.88
B8: 1410-2SI | C8: Cristaleira Cartagena (2 prat;s/iluminação) | D8: 0,82 x 0,37 x 1,29 | E8: =IFERROR(((VLOOKUP(B8,'Origem '!$A$1:$D$1665,4,0)*'Mark Up '!$C$2)),"X") -> 13952.4 | F8: =IFERROR(((VLOOKUP(B8,'Origem '!$A$1:$E$1665,5,0)*'Mark Up '!$C$2)),"X") -> 15680.28 | G8: =IFERROR(((VLOOKUP(B8,'Origem '!$A$1:$F$1665,6,0)*'Mark Up '!$C$2)),"X") -> 17976.42 | H8: =IFERROR(((VLOOKUP(B8,'Origem '!$A$1:$H$1665,7,0)*'Mark Up '!$C$2)),"X") -> 19972.26
B9: 1411-0 | C9: Cristaleira Cartagena (1 porta/4 prat;1 luminária) | D9: 0,42 x 0,37 x 1,82 | E9: =IFERROR(((VLOOKUP(B9,'Origem '!$A$1:$D$1665,4,0)*'Mark Up '!$C$2)),"X") -> 14548.38 | F9: =IFERROR(((VLOOKUP(B9,'Origem '!$A$1:$E$1665,5,0)*'Mark Up '!$C$2)),"X") -> 15047.34 | G9: =IFERROR(((VLOOKUP(B9,'Origem '!$A$1:$F$1665,6,0)*'Mark Up '!$C$2)),"X") -> 17204.88 | H9: =IFERROR(((VLOOKUP(B9,'Origem '!$A$1:$H$1665,7,0)*'Mark Up '!$C$2)),"X") -> 19112.94
B10: 1411-0Sl | C10: Cristaleira Cartagena (1 porta/4 prat;s/iluminação) | D10: 0,42 x 0,37 x 1,82 | E10: =IFERROR(((VLOOKUP(B10,'Origem '!$A$1:$D$1665,4,0)*'Mark Up '!$C$2)),"X") -> 13781.46 | F10: =IFERROR(((VLOOKUP(B10,'Origem '!$A$1:$E$1665,5,0)*'Mark Up '!$C$2)),"X") -> 14285.04 | G10: =IFERROR(((VLOOKUP(B10,'Origem '!$A$1:$F$1665,6,0)*'Mark Up '!$C$2)),"X") -> 16410.24 | H10: =IFERROR(((VLOOKUP(B10,'Origem '!$A$1:$H$1665,7,0)*'Mark Up '!$C$2)),"X") -> 18230.52
A11: CLAUS | B11: 10440-2 | C11: Bandeja Café Claus, Tp Garrafa (se laca brilho somente c/ VD) | D11: 0,51 x 0,31 x 0,05 | E11: =IFERROR(((VLOOKUP(B11,'Origem '!$A$1:$D$1665,4,0)*'Mark Up '!$C$2)),"X") -> 2079 | F11: =IFERROR(((VLOOKUP(B11,'Origem '!$A$1:$E$1665,5,0)*'Mark Up '!$C$2)),"X") -> 2102.1 | G11: =IFERROR(((VLOOKUP(B11,'Origem '!$A$1:$F$1665,6,0)*'Mark Up '!$C$2)),"X") -> 2577.96 | H11: =IFERROR(((VLOOKUP(B11,'Origem '!$A$1:$H$1665,7,0)*'Mark Up '!$C$2)),"X") -> 2841.3
A12: ESPARTA | B12: 9705-0 | C12: Cabideiro Esparta | D12: 0,40 X 0,40 X 1,70 | E12: =IFERROR(((VLOOKUP(B12,'Origem '!$A$1:$D$1665,4,0)*'Mark Up '!$C$2)),"X") -> 4652.34 | F12: =IFERROR(((VLOOKUP(B12,'Origem '!$A$1:$E$1665,5,0)*'Mark Up '!$C$2)),"X") -> 4786.32 | G12: =IFERROR(((VLOOKUP(B12,'Origem '!$A$1:$F$1665,6,0)*'Mark Up '!$C$2)),"X") -> 5058.9 | H12: =IFERROR(((VLOOKUP(B12,'Origem '!$A$1:$H$1665,7,0)*'Mark Up '!$C$2)),"X") -> X
A13: PARLA | B13: 11070-3 | C13: Banco Parla (tp oblongo chanfrado), pés mad. (somente sem VD) | D13: 1,60 x 0,45 x 0,42 | E13: =IFERROR(((VLOOKUP(B13,'Origem '!$A$1:$D$1665,4,0)*'Mark Up '!$C$2)),"X") -> 5964.42 | F13: =IFERROR(((VLOOKUP(B13,'Origem '!$A$1:$E$1665,5,0)*'Mark Up '!$C$2)),"X") -> 7017.78 | G13: =IFERROR(((VLOOKUP(B13,'Origem '!$A$1:$F$1665,6,0)*'Mark Up '!$C$2)),"X") -> 8172.78 | H13: =IFERROR(((VLOOKUP(B13,'Origem '!$A$1:$H$1665,7,0)*'Mark Up '!$C$2)),"X") -> X
B14: 11070-4 | C14: Banco Parla (tp oblongo chanfrado), pés mad. (somente sem VD) | D14: 1,80 x 0,45 x 0,42 | E14: =IFERROR(((VLOOKUP(B14,'Origem '!$A$1:$D$1665,4,0)*'Mark Up '!$C$2)),"X") -> 6172.32 | F14: =IFERROR(((VLOOKUP(B14,'Origem '!$A$1:$E$1665,5,0)*'Mark Up '!$C$2)),"X") -> 7318.08 | G14: =IFERROR(((VLOOKUP(B14,'Origem '!$A$1:$F$1665,6,0)*'Mark Up '!$C$2)),"X") -> 8547 | H14: =IFERROR(((VLOOKUP(B14,'Origem '!$A$1:$H$1665,7,0)*'Mark Up '!$C$2)),"X") -> X
B15: 11070-5 | C15: Banco Parla (tp oblongo chanfrado), pés mad. (somente sem VD) | D15: 2,00 x 0,45 x 0,42 | E15: =IFERROR(((VLOOKUP(B15,'Origem '!$A$1:$D$1665,4,0)*'Mark Up '!$C$2)),"X") -> 6611.22 | F15: =IFERROR(((VLOOKUP(B15,'Origem '!$A$1:$E$1665,5,0)*'Mark Up '!$C$2)),"X") -> 7877.1 | G15: =IFERROR(((VLOOKUP(B15,'Origem '!$A$1:$F$1665,6,0)*'Mark Up '!$C$2)),"X") -> 8981.28 | H15: =IFERROR(((VLOOKUP(B15,'Origem '!$A$1:$H$1665,7,0)*'Mark Up '!$C$2)),"X") -> X
A16: MANHATTAN | B16: 9594-0 | C16: Escrivaninha Manhattan, 1 Gaveta (se laca somente c/ VD) | D16: 1,36 x 0,71 x 0,78 | E16: =IFERROR(((VLOOKUP(B16,'Origem '!$A$1:$D$1665,4,0)*'Mark Up '!$C$2)),"X") -> 11180.4 | F16: =IFERROR(((VLOOKUP(B16,'Origem '!$A$1:$E$1665,5,0)*'Mark Up '!$C$2)),"X") -> 11600.82 | G16: =IFERROR(((VLOOKUP(B16,'Origem '!$A$1:$F$1665,6,0)*'Mark Up '!$C$2)),"X") -> 14026.32 | H16: =IFERROR(((VLOOKUP(B16,'Origem '!$A$1:$H$1665,7,0)*'Mark Up '!$C$2)),"X") -> X
B17: 9594-2 | C17: Escrivaninha Manhattan, 1 Gaveta (se laca somente c/ VD) | D17: 1,61 x 0,71 x 0,78 | E17: =IFERROR(((VLOOKUP(B17,'Origem '!$A$1:$D$1665,4,0)*'Mark Up '!$C$2)),"X") -> 12510.96 | F17: =IFERROR(((VLOOKUP(B17,'Origem '!$A$1:$E$1665,5,0)*'Mark Up '!$C$2)),"X") -> 13143.9 | G17: =IFERROR(((VLOOKUP(B17,'Origem '!$A$1:$F$1665,6,0)*'Mark Up '!$C$2)),"X") -> 15440.04 | H17: =IFERROR(((VLOOKUP(B17,'Origem '!$A$1:$H$1665,7,0)*'Mark Up '!$C$2)),"X") -> X
B18: 9594-3 | C18: Escrivaninha Manhattan, 2 Gavetas (se laca somente c/ VD) | D18: 1,81 x 0,71 x 0,78 | E18: =IFERROR(((VLOOKUP(B18,'Origem '!$A$1:$D$1665,4,0)*'Mark Up '!$C$2)),"X") -> 12700.38 | F18: =IFERROR(((VLOOKUP(B18,'Origem '!$A$1:$E$1665,5,0)*'Mark Up '!$C$2)),"X") -> 13689.06 | G18: =IFERROR(((VLOOKUP(B18,'Origem '!$A$1:$F$1665,6,0)*'Mark Up '!$C$2)),"X") -> 16835.28 | H18: =IFERROR(((VLOOKUP(B18,'Origem '!$A$1:$H$1665,7,0)*'Mark Up '!$C$2)),"X") -> X

Sheet Mesa Centro e Laterais
C1: MESAS DE CENTRO E LATERAIS | J1: AMBIENTADAS
A2: COLEÇÃO | B2: REF | C2: DESCRIÇÃO | D2: COMP X PROF X ALT | E2: Em caso de cores diferentes Base ou Tampo, utilizar preço de maior valor
E3: COLUNA 1 | F3: COLUNA 2 | G3: COLUNA 3 | H3: COLUNA 4 | I3: COLUNA 5
E4: LACA LISA BRAZIL ( COM OU SEM VIDRO PINTADO) | F4: - CARVALHO CLARO - CARVALHO NATURAL - CARVALHO LAVADO - CARV. EBANIZADO - IMBUIA CLARA * ACRESCENTAR 12% SE COM VIDRO PINTADO | G4: MESA COM TAMPO LACA LISA (COM OU SEM VIDRO PINTADO) E BASE EM: - CARVALHO CLARO - CARVALHO NATURAL - CARVALHO LAVADO - CARV. EBANIZADO - IMBUIA CLARA | H4: - NOGUEIRA - NOGUEIRA NATURAL - LOURO FREIJÓ - LACA METALIZADA BRAZIL - CARVALHO ÔNIX METALIZADO - CARVALHO N109 METALIZADO - CARVALHO ALBANIZADO - CARVALHO H155 FOSCO (TAMPO COM OU SEM VIDRO) - CONCRETO (SOMENTE SEM VIDRO) | I4: - PAU FERRO
E5: OBS. O ACABAMENTO DO METAL NÃO INFLUENCIARÁ NO VALOR DA MESA CENTRO/LATERAL
A6: ALBA | B6: 11460-0 | C6: Mesa Lateral Alba TP.Redondo (Vidro Somente No Aplique) | D6: 0,40 Ø X 0,50 | E6: =IFERROR(((VLOOKUP(B6,'Origem '!$A$1:$D$1910,4,0)*'Mark Up '!$C$2)),"X") -> 4268.88 | F6: =IFERROR(((VLOOKUP(B6,'Origem '!$A$1:$E$1910,5,0)*'Mark Up '!$C$2)),"X") -> 4786.32 | G6: =IFERROR(((VLOOKUP(B6,'Origem '!$A$1:$H$1910,6,0)*'Mark Up '!$C$2)),"X") -> 5003.46 | H6: =IFERROR(((VLOOKUP(B6,'Origem '!$A$1:$H$1910,7,0)*'Mark Up '!$C$2)),"X") -> 5331.48 | I6: =IFERROR(((VLOOKUP(B6,'Origem '!$A$1:$H$1910,8,0)*'Mark Up '!$C$2)),"X") -> 5627.16
B7: 11460-1 | C7: Mesa Lateral Alba TP.Redondo (Vidro Somente No Aplique) | D7: 0,40 Ø X 0,55 | E7: =IFERROR(((VLOOKUP(B7,'Origem '!$A$1:$D$1910,4,0)*'Mark Up '!$C$2)),"X") -> 4310.46 | F7: =IFERROR(((VLOOKUP(B7,'Origem '!$A$1:$E$1910,5,0)*'Mark Up '!$C$2)),"X") -> 4758.6 | G7: =IFERROR(((VLOOKUP(B7,'Origem '!$A$1:$H$1910,6,0)*'Mark Up '!$C$2)),"X") -> 4984.98 | H7: =IFERROR(((VLOOKUP(B7,'Origem '!$A$1:$H$1910,7,0)*'Mark Up '!$C$2)),"X") -> 5206.74 | I7: =IFERROR(((VLOOKUP(B7,'Origem '!$A$1:$H$1910,8,0)*'Mark Up '!$C$2)),"X") -> 5525.52
B8: 11460-2 | C8: Mesa Lateral Alba TP.Redondo (Vidro Somente No Aplique) | D8: 0,60 Ø X 0,63 | E8: =IFERROR(((VLOOKUP(B8,'Origem '!$A$1:$D$1910,4,0)*'Mark Up '!$C$2)),"X") -> 4948.02 | F8: =IFERROR(((VLOOKUP(B8,'Origem '!$A$1:$E$1910,5,0)*'Mark Up '!$C$2)),"X") -> 5788.86 | G8: =IFERROR(((VLOOKUP(B8,'Origem '!$A$1:$H$1910,6,0)*'Mark Up '!$C$2)),"X") -> 6019.86 | H8: =IFERROR(((VLOOKUP(B8,'Origem '!$A$1:$H$1910,7,0)*'Mark Up '!$C$2)),"X") -> 6537.3 | I8: =IFERROR(((VLOOKUP(B8,'Origem '!$A$1:$H$1910,8,0)*'Mark Up '!$C$2)),"X") -> 7465.92
B9: 11460-3 | C9: Mesa Lateral Alba TP.Redondo (Vidro Somente No Aplique) | D9: 0,60 Ø X 0,50 | E9: =IFERROR(((VLOOKUP(B9,'Origem '!$A$1:$D$1910,4,0)*'Mark Up '!$C$2)),"X") -> 4864.86 | F9: =IFERROR(((VLOOKUP(B9,'Origem '!$A$1:$E$1910,5,0)*'Mark Up '!$C$2)),"X") -> 5567.1 | G9: =IFERROR(((VLOOKUP(B9,'Origem '!$A$1:$H$1910,6,0)*'Mark Up '!$C$2)),"X") -> 5802.72 | H9: =IFERROR(((VLOOKUP(B9,'Origem '!$A$1:$H$1910,7,0)*'Mark Up '!$C$2)),"X") -> 6237 | I9: =IFERROR(((VLOOKUP(B9,'Origem '!$A$1:$H$1910,8,0)*'Mark Up '!$C$2)),"X") -> 7031.64
B10: 11460-16 | C10: Mesa Centro Alba (Se com vidro, sem detalhe no Tampo) | D10: 1,20 X 0,60 X 0,33 | E10: =IFERROR(((VLOOKUP(B10,'Origem '!$A$1:$D$1910,4,0)*'Mark Up '!$C$2)),"X") -> 6375.6 | F10: =IFERROR(((VLOOKUP(B10,'Origem '!$A$1:$E$1910,5,0)*'Mark Up '!$C$2)),"X") -> 6772.92 | G10: =IFERROR(((VLOOKUP(B10,'Origem '!$A$1:$H$1910,6,0)*'Mark Up '!$C$2)),"X") -> 7401.24 | H10: =IFERROR(((VLOOKUP(B10,'Origem '!$A$1:$H$1910,7,0)*'Mark Up '!$C$2)),"X") -> 7641.48 | I10: =IFERROR(((VLOOKUP(B10,'Origem '!$A$1:$H$1910,8,0)*'Mark Up '!$C$2)),"X") -> 8644.02
B11: 11460-18 | C11: Mesa Centro Alba (Se com vidro, sem detalhe no Tampo) | D11: 1,40 X 0,70 X 0,33 | E11: =IFERROR(((VLOOKUP(B11,'Origem '!$A$1:$D$1910,4,0)*'Mark Up '!$C$2)),"X") -> 7544.46 | F11: =IFERROR(((VLOOKUP(B11,'Origem '!$A$1:$E$1910,5,0)*'Mark Up '!$C$2)),"X") -> 7863.24 | G11: =IFERROR(((VLOOKUP(B11,'Origem '!$A$1:$H$1910,6,0)*'Mark Up '!$C$2)),"X") -> 8630.16 | H11: =IFERROR(((VLOOKUP(B11,'Origem '!$A$1:$H$1910,7,0)*'Mark Up '!$C$2)),"X") -> 8898.12 | I11: =IFERROR(((VLOOKUP(B11,'Origem '!$A$1:$H$1910,8,0)*'Mark Up '!$C$2)),"X") -> 10205.58
B12: 11460-20 | C12: Mesa Centro Alba (Se com vidro, sem detalhe no Tampo) | D12: 1,60 X 0,70 X 0,33 | E12: =IFERROR(((VLOOKUP(B12,'Origem '!$A$1:$D$1910,4,0)*'Mark Up '!$C$2)),"X") -> 8242.08 | F12: =IFERROR(((VLOOKUP(B12,'Origem '!$A$1:$E$1910,5,0)*'Mark Up '!$C$2)),"X") -> 8547 | G12: =IFERROR(((VLOOKUP(B12,'Origem '!$A$1:$H$1910,6,0)*'Mark Up '!$C$2)),"X") -> 9383.22 | H12: =IFERROR(((VLOOKUP(B12,'Origem '!$A$1:$H$1910,7,0)*'Mark Up '!$C$2)),"X") -> 9563.4 | I12: =IFERROR(((VLOOKUP(B12,'Origem '!$A$1:$H$1910,8,0)*'Mark Up '!$C$2)),"X") -> 11120.34
B13: 11460-22 | C13: Mesa Centro Alba (Se com vidro, sem detalhe no Tampo) | D13: 1,80 X 0,70 X 0,33 | E13: =IFERROR(((VLOOKUP(B13,'Origem '!$A$1:$D$1910,4,0)*'Mark Up '!$C$2)),"X") -> 8948.94 | F13: =IFERROR(((VLOOKUP(B13,'Origem '!$A$1:$E$1910,5,0)*'Mark Up '!$C$2)),"X") -> 9184.56 | G13: =IFERROR(((VLOOKUP(B13,'Origem '!$A$1:$H$1910,6,0)*'Mark Up '!$C$2)),"X") -> 10039.26 | H13: =IFERROR(((VLOOKUP(B13,'Origem '!$A$1:$H$1910,7,0)*'Mark Up '!$C$2)),"X") -> 10284.12 | I13: =IFERROR(((VLOOKUP(B13,'Origem '!$A$1:$H$1910,8,0)*'Mark Up '!$C$2)),"X") -> 11891.88
A14: ANGRA | B14: 10808-1 | C14: Mesa Centro/Lateral Angra (tp orgânico) pés metal | D14: 0,56 x 0,38 x 0,30 | E14: =IFERROR(((VLOOKUP(B14,'Origem '!$A$1:$D$1910,4,0)*'Mark Up '!$C$2)),"X") -> 3187.8 | F14: =IFERROR(((VLOOKUP(B14,'Origem '!$A$1:$E$1910,5,0)*'Mark Up '!$C$2)),"X") -> 3428.04 | G14: =IFERROR(((VLOOKUP(B14,'Origem '!$A$1:$H$1910,6,0)*'Mark Up '!$C$2)),"X") -> 3802.26 | H14: =IFERROR(((VLOOKUP(B14,'Origem '!$A$1:$H$1910,7,0)*'Mark Up '!$C$2)),"X") -> 3917.76 | I14: =IFERROR(((VLOOKUP(B14,'Origem '!$A$1:$H$1910,8,0)*'Mark Up '!$C$2)),"X") -> 3991.68
B15: 10808-2 | C15: Mesa Centro/Lateral Angra (tp orgânico) pés metal | D15: 0,56 x 0,38 x 0,35 | E15: =IFERROR(((VLOOKUP(B15,'Origem '!$A$1:$D$1910,4,0)*'Mark Up '!$C$2)),"X") -> 3294.06 | F15: =IFERROR(((VLOOKUP(B15,'Origem '!$A$1:$E$1910,5,0)*'Mark Up '!$C$2)),"X") -> 3501.96 | G15: =IFERROR(((VLOOKUP(B15,'Origem '!$A$1:$H$1910,6,0)*'Mark Up '!$C$2)),"X") -> 3885.42 | H15: =IFERROR(((VLOOKUP(B15,'Origem '!$A$1:$H$1910,7,0)*'Mark Up '!$C$2)),"X") -> 4000.92 | I15: =IFERROR(((VLOOKUP(B15,'Origem '!$A$1:$H$1910,8,0)*'Mark Up '!$C$2)),"X") -> 4079.46
B16: 10808-3 | C16: Mesa Lateral Angra (tp orgânico) pés metal | D16: 0,56 x 0,38 x 0,50 | E16: =IFERROR(((VLOOKUP(B16,'Origem '!$A$1:$D$1910,4,0)*'Mark Up '!$C$2)),"X") -> 3354.12 | F16: =IFERROR(((VLOOKUP(B16,'Origem '!$A$1:$E$1910,5,0)*'Mark Up '!$C$2)),"X") -> 3478.86 | G16: =IFERROR(((VLOOKUP(B16,'Origem '!$A$1:$H$1910,6,0)*'Mark Up '!$C$2)),"X") -> 3848.46 | H16: =IFERROR(((VLOOKUP(B16,'Origem '!$A$1:$H$1910,7,0)*'Mark Up '!$C$2)),"X") -> 3963.96 | I16: =IFERROR(((VLOOKUP(B16,'Origem '!$A$1:$H$1910,8,0)*'Mark Up '!$C$2)),"X") -> 4047.12
B17: 10808-4 | C17: Mesa Lateral Angra (tp orgânico) pés metal | D17: 0,56 x 0,38 x 0,60 | E17: =IFERROR(((VLOOKUP(B17,'Origem '!$A$1:$D$1910,4,0)*'Mark Up '!$C$2)),"X") -> 3432.66 | F17: =IFERROR(((VLOOKUP(B17,'Origem '!$A$1:$E$1910,5,0)*'Mark Up '!$C$2)),"X") -> 3543.54 | G17: =IFERROR(((VLOOKUP(B17,'Origem '!$A$1:$H$1910,6,0)*'Mark Up '!$C$2)),"X") -> 3922.38 | H17: =IFERROR(((VLOOKUP(B17,'Origem '!$A$1:$H$1910,7,0)*'Mark Up '!$C$2)),"X") -> 4042.5 | I17: =IFERROR(((VLOOKUP(B17,'Origem '!$A$1:$H$1910,8,0)*'Mark Up '!$C$2)),"X") -> 4125.66
A18: ARLES | B18: 10908-3 | C18: Mesa Lateral Arles, pés de metal | D18: 0,90 x 0,37 x 0,60 | E18: =IFERROR(((VLOOKUP(B18,'Origem '!$A$1:$D$1910,4,0)*'Mark Up '!$C$2)),"X") -> 5719.56 | F18: =IFERROR(((VLOOKUP(B18,'Origem '!$A$1:$E$1910,5,0)*'Mark Up '!$C$2)),"X") -> 5982.9 | G18: =IFERROR(((VLOOKUP(B18,'Origem '!$A$1:$H$1910,6,0)*'Mark Up '!$C$2)),"X") -> 6468 | H18: =IFERROR(((VLOOKUP(B18,'Origem '!$A$1:$H$1910,7,0)*'Mark Up '!$C$2)),"X") -> 6671.28 | I18: =IFERROR(((VLOOKUP(B18,'Origem '!$A$1:$H$1910,8,0)*'Mark Up '!$C$2)),"X") -> 6902.28
B19: 10908-1 | C19: Mesa Lateral Arles, pés de metal | D19: 0,60 x 0,37 x 0,60 | E19: =IFERROR(((VLOOKUP(B19,'Origem '!$A$1:$D$1910,4,0)*'Mark Up '!$C$2)),"X") -> 5650.26 | F19: =IFERROR(((VLOOKUP(B19,'Origem '!$A$1:$E$1910,5,0)*'Mark Up '!$C$2)),"X") -> 5714.94 | G19: =IFERROR(((VLOOKUP(B19,'Origem '!$A$1:$H$1910,6,0)*'Mark Up '!$C$2)),"X") -> 6237 | H19: =IFERROR(((VLOOKUP(B19,'Origem '!$A$1:$H$1910,7,0)*'Mark Up '!$C$2)),"X") -> 6426.42 | I19: =IFERROR(((VLOOKUP(B19,'Origem '!$A$1:$H$1910,8,0)*'Mark Up '!$C$2)),"X") -> 6685.14
A20: AUSTIN | B20: 9308-1 | C20: Mesa Lateral Austin (se laca brilho somente c/ VD), haste metal | D20: 0,41 Ø 0,53 alt | E20: =IFERROR(((VLOOKUP(B20,'Origem '!$A$1:$D$1910,4,0)*'Mark Up '!$C$2)),"X") -> 4338.18 | F20: =IFERROR(((VLOOKUP(B20,'Origem '!$A$1:$E$1910,5,0)*'Mark Up '!$C$2)),"X") -> 4615.38 | G20: =IFERROR(((VLOOKUP(B20,'Origem '!$A$1:$H$1910,6,0)*'Mark Up '!$C$2)),"X") -> 4975.74 | H20: =IFERROR(((VLOOKUP(B20,'Origem '!$A$1:$H$1910,7,0)*'Mark Up '!$C$2)),"X") -> 5128.2 | I20: =IFERROR(((VLOOKUP(B20,'Origem '!$A$1:$H$1910,8,0)*'Mark Up '!$C$2)),"X") -> 5243.7
B21: 9308-2 | C21: Mesa Lateral Austin (se laca brilho somente c/ VD), haste metal | D21: 0,41 Ø 0,63 alt | E21: =IFERROR(((VLOOKUP(B21,'Origem '!$A$1:$D$1910,4,0)*'Mark Up '!$C$2)),"X") -> 4430.58 | F21: =IFERROR(((VLOOKUP(B21,'Origem '!$A$1:$E$1910,5,0)*'Mark Up '!$C$2)),"X") -> 4707.78 | G21: =IFERROR(((VLOOKUP(B21,'Origem '!$A$1:$H$1910,6,0)*'Mark Up '!$C$2)),"X") -> 5068.14 | H21: =IFERROR(((VLOOKUP(B21,'Origem '!$A$1:$H$1910,7,0)*'Mark Up '!$C$2)),"X") -> 5225.22 | I21: =IFERROR(((VLOOKUP(B21,'Origem '!$A$1:$H$1910,8,0)*'Mark Up '!$C$2)),"X") -> 5345.34
A22: BARCELONA | B22: 8075-0 | C22: Mesa Lateral Barcelona (borda chanfrada) | D22: 0,80 Ø 0,63 alt | E22: =IFERROR(((VLOOKUP(B22,'Origem '!$A$1:$D$1910,4,0)*'Mark Up '!$C$2)),"X") -> 7253.4 | F22: =IFERROR(((VLOOKUP(B22,'Origem '!$A$1:$E$1910,5,0)*'Mark Up '!$C$2)),"X") -> 7558.32 | G22: =IFERROR(((VLOOKUP(B22,'Origem '!$A$1:$H$1910,6,0)*'Mark Up '!$C$2)),"X") -> 8297.52 | H22: =IFERROR(((VLOOKUP(B22,'Origem '!$A$1:$H$1910,7,0)*'Mark Up '!$C$2)),"X") -> 8551.62 | I22: =IFERROR(((VLOOKUP(B22,'Origem '!$A$1:$H$1910,8,0)*'Mark Up '!$C$2)),"X") -> 9683.52
B23: 8075-1 | C23: Mesa Lateral Barcelona (borda chanfrada) | D23: 0,50 Ø 0,50 alt | E23: =IFERROR(((VLOOKUP(B23,'Origem '!$A$1:$D$1910,4,0)*'Mark Up '!$C$2)),"X") -> 4744.74 | F23: =IFERROR(((VLOOKUP(B23,'Origem '!$A$1:$E$1910,5,0)*'Mark Up '!$C$2)),"X") -> 5045.04 | G23: =IFERROR(((VLOOKUP(B23,'Origem '!$A$1:$H$1910,6,0)*'Mark Up '!$C$2)),"X") -> 5673.36 | H23: =IFERROR(((VLOOKUP(B23,'Origem '!$A$1:$H$1910,7,0)*'Mark Up '!$C$2)),"X") -> 5844.3 | I23: =IFERROR(((VLOOKUP(B23,'Origem '!$A$1:$H$1910,8,0)*'Mark Up '!$C$2)),"X") -> 6278.58
B24: 8075-2 | C24: Mesa Lateral Barcelona (borda chanfrada) | D24: 0,60 Ø 0,60 alt | E24: =IFERROR(((VLOOKUP(B24,'Origem '!$A$1:$D$1910,4,0)*'Mark Up '!$C$2)),"X") -> 5336.1 | F24: =IFERROR(((VLOOKUP(B24,'Origem '!$A$1:$E$1910,5,0)*'Mark Up '!$C$2)),"X") -> 5798.1 | G24: =IFERROR(((VLOOKUP(B24,'Origem '!$A$1:$H$1910,6,0)*'Mark Up '!$C$2)),"X") -> 6347.88 | H24: =IFERROR(((VLOOKUP(B24,'Origem '!$A$1:$H$1910,7,0)*'Mark Up '!$C$2)),"X") -> 6546.54 | I24: =IFERROR(((VLOOKUP(B24,'Origem '!$A$1:$H$1910,8,0)*'Mark Up '!$C$2)),"X") -> 7336.56
B25: 8075-3 | C25: Mesa Lateral Barcelona (borda chanfrada) | D25: 0,70 Ø 0,70 alt | E25: =IFERROR(((VLOOKUP(B25,'Origem '!$A$1:$D$1910,4,0)*'Mark Up '!$C$2)),"X") -> 6139.98 | F25: =IFERROR(((VLOOKUP(B25,'Origem '!$A$1:$E$1910,5,0)*'Mark Up '!$C$2)),"X") -> 6606.6 | G25: =IFERROR(((VLOOKUP(B25,'Origem '!$A$1:$H$1910,6,0)*'Mark Up '!$C$2)),"X") -> 7304.22 | H25: =IFERROR(((VLOOKUP(B25,'Origem '!$A$1:$H$1910,7,0)*'Mark Up '!$C$2)),"X") -> 7530.6 | I25: =IFERROR(((VLOOKUP(B25,'Origem '!$A$1:$H$1910,8,0)*'Mark Up '!$C$2)),"X") -> 8237.46
A26: BEETHOVEN | B26: 9228-1 | C26: Mesa Lateral Beethoven (se laca brilho somente c/ VD), base metal | D26: 0,60 x 0,31 x 0,50 | E26: =IFERROR(((VLOOKUP(B26,'Origem '!$A$1:$D$1910,4,0)*'Mark Up '!$C$2)),"X") -> 4047.12 | F26: =IFERROR(((VLOOKUP(B26,'Origem '!$A$1:$E$1910,5,0)*'Mark Up '!$C$2)),"X") -> 4241.16 | G26: =IFERROR(((VLOOKUP(B26,'Origem '!$A$1:$H$1910,6,0)*'Mark Up '!$C$2)),"X") -> 4559.94 | H26: =IFERROR(((VLOOKUP(B26,'Origem '!$A$1:$H$1910,7,0)*'Mark Up '!$C$2)),"X") -> 4698.54 | I26: =IFERROR(((VLOOKUP(B26,'Origem '!$A$1:$H$1910,8,0)*'Mark Up '!$C$2)),"X") -> 4800.18
B27: 9228-2 | C27: Mesa Lateral Beethoven (se laca brilho somente c/ VD), base metal | D27: 0,60 x 0,36 x 0,60 | E27: =IFERROR(((VLOOKUP(B27,'Origem '!$A$1:$D$1910,4,0)*'Mark Up '!$C$2)),"X") -> 4213.44 | F27: =IFERROR(((VLOOKUP(B27,'Origem '!$A$1:$E$1910,5,0)*'Mark Up '!$C$2)),"X") -> 4398.24 | G27: =IFERROR(((VLOOKUP(B27,'Origem '!$A$1:$H$1910,6,0)*'Mark Up '!$C$2)),"X") -> 4744.74 | H27: =IFERROR(((VLOOKUP(B27,'Origem '!$A$1:$H$1910,7,0)*'Mark Up '!$C$2)),"X") -> 4883.34 | I27: =IFERROR(((VLOOKUP(B27,'Origem '!$A$1:$H$1910,8,0)*'Mark Up '!$C$2)),"X") -> 4994.22
A28: BETA | B28: 4316-5 | C28: Mesa Centro Beta (vidro 6mm) | D28: 1,20 x 0,60 x 0,30 | E28: =IFERROR(((VLOOKUP(B28,'Origem '!$A$1:$D$1910,4,0)*'Mark Up '!$C$2)),"X") -> 7877.1 | F28: =IFERROR(((VLOOKUP(B28,'Origem '!$A$1:$E$1910,5,0)*'Mark Up '!$C$2)),"X") -> 8985.9 | G28: =IFERROR(((VLOOKUP(B28,'Origem '!$A$1:$H$1910,6,0)*'Mark Up '!$C$2)),"X") -> 9997.68 | H28: =IFERROR(((VLOOKUP(B28,'Origem '!$A$1:$H$1910,7,0)*'Mark Up '!$C$2)),"X") -> 10302.6 | I28: =IFERROR(((VLOOKUP(B28,'Origem '!$A$1:$H$1910,8,0)*'Mark Up '!$C$2)),"X") -> X
B29: 4316-7 | C29: Mesa Centro Beta (vidro 6mm) | D29: 1,40 x 0,70 x 0,30 | E29: =IFERROR(((VLOOKUP(B29,'Origem '!$A$1:$D$1910,4,0)*'Mark Up '!$C$2)),"X") -> 9540.3 | F29: =IFERROR(((VLOOKUP(B29,'Origem '!$A$1:$E$1910,5,0)*'Mark Up '!$C$2)),"X") -> 10210.2 | G29: =IFERROR(((VLOOKUP(B29,'Origem '!$A$1:$H$1910,6,0)*'Mark Up '!$C$2)),"X") -> 11161.92 | H29: =IFERROR(((VLOOKUP(B29,'Origem '!$A$1:$H$1910,7,0)*'Mark Up '!$C$2)),"X") -> 11503.8 | I29: =IFERROR(((VLOOKUP(B29,'Origem '!$A$1:$H$1910,8,0)*'Mark Up '!$C$2)),"X") -> X
B30: 4316-8 | C30: Mesa Centro Beta (vidro 6mm) | D30: 1,60 x 0,80 x 0,30 | E30: =IFERROR(((VLOOKUP(B30,'Origem '!$A$1:$D$1910,4,0)*'Mark Up '!$C$2)),"X") -> 9715.86 | F30: =IFERROR(((VLOOKUP(B30,'Origem '!$A$1:$E$1910,5,0)*'Mark Up '!$C$2)),"X") -> 10713.78 | G30: =IFERROR(((VLOOKUP(B30,'Origem '!$A$1:$H$1910,6,0)*'Mark Up '!$C$2)),"X") -> 11817.96 | H30: =IFERROR(((VLOOKUP(B30,'Origem '!$A$1:$H$1910,7,0)*'Mark Up '!$C$2)),"X") -> 12182.94 | I30: =IFERROR(((VLOOKUP(B30,'Origem '!$A$1:$H$1910,8,0)*'Mark Up '!$C$2)),"X") -> X
A31: BENIN | B31: 11470-0 | C31: Mesa Centro Benin | D31: 0,60 X 0,40 X 0,30 | E31: =IFERROR(((VLOOKUP(B31,'Origem '!$A$1:$D$1910,4,0)*'Mark Up '!$C$2)),"X") -> 4407.48 | F31: =IFERROR(((VLOOKUP(B31,'Origem '!$A$1:$E$1910,5,0)*'Mark Up '!$C$2)),"X") -> 4564.56 | G31: =IFERROR(((VLOOKUP(B31,'Origem '!$A$1:$H$1910,6,0)*'Mark Up '!$C$2)),"X") -> 4984.98 | H31: =IFERROR(((VLOOKUP(B31,'Origem '!$A$1:$H$1910,7,0)*'Mark Up '!$C$2)),"X") -> 5229.84 | I31: =IFERROR(((VLOOKUP(B31,'Origem '!$A$1:$H$1910,8,0)*'Mark Up '!$C$2)),"X") -> 5576.34
B32: 11470-1 | C32: Mesa Centro Benin | D32: 0,90 X 0,60 X 0,33 | E32: =IFERROR(((VLOOKUP(B32,'Origem '!$A$1:$D$1910,4,0)*'Mark Up '!$C$2)),"X") -> 5645.64 | F32: =IFERROR(((VLOOKUP(B32,'Origem '!$A$1:$E$1910,5,0)*'Mark Up '!$C$2)),"X") -> 5848.92 | G32: =IFERROR(((VLOOKUP(B32,'Origem '!$A$1:$H$1910,6,0)*'Mark Up '!$C$2)),"X") -> 6565.02 | H32: =IFERROR(((VLOOKUP(B32,'Origem '!$A$1:$H$1910,7,0)*'Mark Up '!$C$2)),"X") -> 6943.86 | I32: =IFERROR(((VLOOKUP(B32,'Origem '!$A$1:$H$1910,8,0)*'Mark Up '!$C$2)),"X") -> 7918.68
B33: 11470-16 | C33: Mesa Centro Benin | D33: 1,20 X 0,60 X 0,33 | E33: =IFERROR(((VLOOKUP(B33,'Origem '!$A$1:$D$1910,4,0)*'Mark Up '!$C$2)),"X") -> 6255.48 | F33: =IFERROR(((VLOOKUP(B33,'Origem '!$A$1:$E$1910,5,0)*'Mark Up '!$C$2)),"X") -> 6491.1 | G33: =IFERROR(((VLOOKUP(B33,'Origem '!$A$1:$H$1910,6,0)*'Mark Up '!$C$2)),"X") -> 7239.54 | H33: =IFERROR(((VLOOKUP(B33,'Origem '!$A$1:$H$1910,7,0)*'Mark Up '!$C$2)),"X") -> 7830.9 | I33: =IFERROR(((VLOOKUP(B33,'Origem '!$A$1:$H$1910,8,0)*'Mark Up '!$C$2)),"X") -> 9475.62
B34: 11470-18 | C34: Mesa Centro Benin | D34: 1,40 X 0,70 X 0,33 | E34: =IFERROR(((VLOOKUP(B34,'Origem '!$A$1:$D$1910,4,0)*'Mark Up '!$C$2)),"X") -> 7355.04 | F34: =IFERROR(((VLOOKUP(B34,'Origem '!$A$1:$E$1910,5,0)*'Mark Up '!$C$2)),"X") -> 7521.36 | G34: =IFERROR(((VLOOKUP(B34,'Origem '!$A$1:$H$1910,6,0)*'Mark Up '!$C$2)),"X") -> 8579.34 | H34: =IFERROR(((VLOOKUP(B34,'Origem '!$A$1:$H$1910,7,0)*'Mark Up '!$C$2)),"X") -> 9290.82 | I34: =IFERROR(((VLOOKUP(B34,'Origem '!$A$1:$H$1910,8,0)*'Mark Up '!$C$2)),"X") -> 10468.92
B35: 11470-20 | C35: Mesa Centro Benin | D35: 1,60 X 0,70 X 0,33 | E35: =IFERROR(((VLOOKUP(B35,'Origem '!$A$1:$D$1910,4,0)*'Mark Up '!$C$2)),"X") -> 7937.16 | F35: =IFERROR(((VLOOKUP(B35,'Origem '!$A$1:$E$1910,5,0)*'Mark Up '!$C$2)),"X") -> 8112.72 | G35: =IFERROR(((VLOOKUP(B35,'Origem '!$A$1:$H$1910,6,0)*'Mark Up '!$C$2)),"X") -> 9318.54 | H35: =IFERROR(((VLOOKUP(B35,'Origem '!$A$1:$H$1910,7,0)*'Mark Up '!$C$2)),"X") -> 10103.94 | I35: =IFERROR(((VLOOKUP(B35,'Origem '!$A$1:$H$1910,8,0)*'Mark Up '!$C$2)),"X") -> 12552.54
B36: 11470-22 | C36: Mesa Centro Benin | D36: 1,80 X 0,80 X 0,33 | E36: =IFERROR(((VLOOKUP(B36,'Origem '!$A$1:$D$1910,4,0)*'Mark Up '!$C$2)),"X") -> 9734.34 | F36: =IFERROR(((VLOOKUP(B36,'Origem '!$A$1:$E$1910,5,0)*'Mark Up '!$C$2)),"X") -> 9933 | G36: =IFERROR(((VLOOKUP(B36,'Origem '!$A$1:$H$1910,6,0)*'Mark Up '!$C$2)),"X") -> 10695.3 | H36: =IFERROR(((VLOOKUP(B36,'Origem '!$A$1:$H$1910,7,0)*'Mark Up '!$C$2)),"X") -> 11573.1 | I36: =IFERROR(((VLOOKUP(B36,'Origem '!$A$1:$H$1910,8,0)*'Mark Up '!$C$2)),"X") -> 14677.74
A37: BOCCA | B37: 8580-0 | C37: Mesa Centro Bocca - ( lisa) | D37: 0,70 Ø 0,20 alt | E37: =IFERROR(((VLOOKUP(B37,'Origem '!$A$1:$D$1910,4,0)*'Mark Up '!$C$2)),"X") -> 5262.18 | F37: =IFERROR(((VLOOKUP(B37,'Origem '!$A$1:$E$1910,5,0)*'Mark Up '!$C$2)),"X") -> 5950.56 | G37: =IFERROR(((VLOOKUP(B37,'Origem '!$A$1:$H$1910,6,0)*'Mark Up '!$C$2)),"X") -> 6546.54 | H37: =IFERROR(((VLOOKUP(B37,'Origem '!$A$1:$H$1910,7,0)*'Mark Up '!$C$2)),"X") -> 6740.58 | I37: =IFERROR(((VLOOKUP(B37,'Origem '!$A$1:$H$1910,8,0)*'Mark Up '!$C$2)),"X") -> 7110.18
B38: 8580-1 | C38: Mesa Centro Bocca - ( lisa) | D38: 0,90 Ø 0,25 alt | E38: =IFERROR(((VLOOKUP(B38,'Origem '!$A$1:$D$1910,4,0)*'Mark Up '!$C$2)),"X") -> 7059.36 | F38: =IFERROR(((VLOOKUP(B38,'Origem '!$A$1:$E$1910,5,0)*'Mark Up '!$C$2)),"X") -> 7770.84 | G38: =IFERROR(((VLOOKUP(B38,'Origem '!$A$1:$H$1910,6,0)*'Mark Up '!$C$2)),"X") -> 8805.72 | H38: =IFERROR(((VLOOKUP(B38,'Origem '!$A$1:$H$1910,7,0)*'Mark Up '!$C$2)),"X") -> 9073.68 | I38: =IFERROR(((VLOOKUP(B38,'Origem '!$A$1:$H$1910,8,0)*'Mark Up '!$C$2)),"X") -> 9471
B39: 8580-7 | C39: Mesa Centro Bocca - ( lisa) | D39: 0,60 Ø 0,30 alt | E39: =IFERROR(((VLOOKUP(B39,'Origem '!$A$1:$D$1910,4,0)*'Mark Up '!$C$2)),"X") -> 4712.4 | F39: =IFERROR(((VLOOKUP(B39,'Origem '!$A$1:$E$1910,5,0)*'Mark Up '!$C$2)),"X") -> 4892.58 | G39: =IFERROR(((VLOOKUP(B39,'Origem '!$A$1:$H$1910,6,0)*'Mark Up '!$C$2)),"X") -> 5714.94 | H39: =IFERROR(((VLOOKUP(B39,'Origem '!$A$1:$H$1910,7,0)*'Mark Up '!$C$2)),"X") -> 5890.5 | I39: =IFERROR(((VLOOKUP(B39,'Origem '!$A$1:$H$1910,8,0)*'Mark Up '!$C$2)),"X") -> 6167.7
B40: 8580-8 | C40: Mesa Centro Bocca - ( lisa) | D40: 0,80 Ø 0,30 alt | E40: =IFERROR(((VLOOKUP(B40,'Origem '!$A$1:$D$1910,4,0)*'Mark Up '!$C$2)),"X") -> 6403.32 | F40: =IFERROR(((VLOOKUP(B40,'Origem '!$A$1:$E$1910,5,0)*'Mark Up '!$C$2)),"X") -> 6851.46 | G40: =IFERROR(((VLOOKUP(B40,'Origem '!$A$1:$H$1910,6,0)*'Mark Up '!$C$2)),"X") -> 7992.6 | H40: =IFERROR(((VLOOKUP(B40,'Origem '!$A$1:$H$1910,7,0)*'Mark Up '!$C$2)),"X") -> 8232.84 | I40: =IFERROR(((VLOOKUP(B40,'Origem '!$A$1:$H$1910,8,0)*'Mark Up '!$C$2)),"X") -> 8574.72
B41: 8580-9 | C41: Mesa Centro Bocca - ( lisa) | D41: 0,90 Ø 0,30 alt | E41: =IFERROR(((VLOOKUP(B41,'Origem '!$A$1:$D$1910,4,0)*'Mark Up '!$C$2)),"X") -> 7216.44 | F41: =IFERROR(((VLOOKUP(B41,'Origem '!$A$1:$E$1910,5,0)*'Mark Up '!$C$2)),"X") -> 8856.54 | G41: =IFERROR(((VLOOKUP(B41,'Origem '!$A$1:$H$1910,6,0)*'Mark Up '!$C$2)),"X") -> 9882.18 | H41: =IFERROR(((VLOOKUP(B41,'Origem '!$A$1:$H$1910,7,0)*'Mark Up '!$C$2)),"X") -> 10187.1 | I41: =IFERROR(((VLOOKUP(B41,'Origem '!$A$1:$H$1910,8,0)*'Mark Up '!$C$2)),"X") -> 10820.04
B42: 8580-10 | C42: Mesa Centro Bocca - ( lisa) | D42: 1,20 Ø 0,30 alt | E42: =IFERROR(((VLOOKUP(B42,'Origem '!$A$1:$D$1910,4,0)*'Mark Up '!$C$2)),"X") -> 9868.32 | F42: =IFERROR(((VLOOKUP(B42,'Origem '!$A$1:$E$1910,5,0)*'Mark Up '!$C$2)),"X") -> 12233.76 | G42: =IFERROR(((VLOOKUP(B42,'Origem '!$A$1:$H$1910,6,0)*'Mark Up '!$C$2)),"X") -> 12963.72 | H42: =IFERROR(((VLOOKUP(B42,'Origem '!$A$1:$H$1910,7,0)*'Mark Up '!$C$2)),"X") -> 13361.04 | I42: =IFERROR(((VLOOKUP(B42,'Origem '!$A$1:$H$1910,8,0)*'Mark Up '!$C$2)),"X") -> 15176.7
B43: 8580-2 | C43: Mesa Centro Bocca (c/ 2 recortes) | D43: 0,90 Ø 0,25 alt | E43: =IFERROR(((VLOOKUP(B43,'Origem '!$A$1:$D$1910,4,0)*'Mark Up '!$C$2)),"X") -> 8098.86 | F43: =IFERROR(((VLOOKUP(B43,'Origem '!$A$1:$E$1910,5,0)*'Mark Up '!$C$2)),"X") -> 9369.36 | G43: =IFERROR(((VLOOKUP(B43,'Origem '!$A$1:$H$1910,6,0)*'Mark Up '!$C$2)),"X") -> 10626 | H43: =IFERROR(((VLOOKUP(B43,'Origem '!$A$1:$H$1910,7,0)*'Mark Up '!$C$2)),"X") -> 10949.4 | I43: =IFERROR(((VLOOKUP(B43,'Origem '!$A$1:$H$1910,8,0)*'Mark Up '!$C$2)),"X") -> 11683.98
B44: 8580-3 | C44: Mesa Centro Bocca (c/ 1 recorte) | D44: 0,90 Ø 0,25 alt | E44: =IFERROR(((VLOOKUP(B44,'Origem '!$A$1:$D$1910,4,0)*'Mark Up '!$C$2)),"X") -> 8431.5 | F44: =IFERROR(((VLOOKUP(B44,'Origem '!$A$1:$E$1910,5,0)*'Mark Up '!$C$2)),"X") -> 9577.26 | G44: =IFERROR(((VLOOKUP(B44,'Origem '!$A$1:$H$1910,6,0)*'Mark Up '!$C$2)),"X") -> 10515.12 | H44: =IFERROR(((VLOOKUP(B44,'Origem '!$A$1:$H$1910,7,0)*'Mark Up '!$C$2)),"X") -> 10838.52 | I44: =IFERROR(((VLOOKUP(B44,'Origem '!$A$1:$H$1910,8,0)*'Mark Up '!$C$2)),"X") -> 11596.2
B45: 8580-4 | C45: Mesa Centro Bocca (redonda/conj.2 pçs) - COR ÚNICA | D45: 1,30 x 0,90 x 0,25 | E45: =IFERROR(((VLOOKUP(B45,'Origem '!$A$1:$D$1910,4,0)*'Mark Up '!$C$2)),"X") -> 13684.44 | F45: =IFERROR(((VLOOKUP(B45,'Origem '!$A$1:$E$1910,5,0)*'Mark Up '!$C$2)),"X") -> 15527.82 | G45: =IFERROR(((VLOOKUP(B45,'Origem '!$A$1:$H$1910,6,0)*'Mark Up '!$C$2)),"X") -> 17052.42 | H45: =IFERROR(((VLOOKUP(B45,'Origem '!$A$1:$H$1910,7,0)*'Mark Up '!$C$2)),"X") -> 17579.1 | I45: =IFERROR(((VLOOKUP(B45,'Origem '!$A$1:$H$1910,8,0)*'Mark Up '!$C$2)),"X") -> 18701.76
B46: 8580-6 | C46: Mesa Centro Bocca (redonda/conj.3 pçs) - COR ÚNICA | D46: 1,70 x 0,90 x 0,25 | E46: =IFERROR(((VLOOKUP(B46,'Origem '!$A$1:$D$1910,4,0)*'Mark Up '!$C$2)),"X") -> 18604.74 | F46: =IFERROR(((VLOOKUP(B46,'Origem '!$A$1:$E$1910,5,0)*'Mark Up '!$C$2)),"X") -> 21270.48 | G46: =IFERROR(((VLOOKUP(B46,'Origem '!$A$1:$H$1910,6,0)*'Mark Up '!$C$2)),"X") -> 23700.6 | H46: =IFERROR(((VLOOKUP(B46,'Origem '!$A$1:$H$1910,7,0)*'Mark Up '!$C$2)),"X") -> 24425.94 | I46: =IFERROR(((VLOOKUP(B46,'Origem '!$A$1:$H$1910,8,0)*'Mark Up '!$C$2)),"X") -> 25899.72
A47: BOLOGNA | B47: 10038-8 | C47: Mesa Lateral Bologna Tp Red Bandeja Pés de Metal (se laca brilho somente c/ VD) | D47: 0,46 Ø 0,50 | E47: =IFERROR(((VLOOKUP(B47,'Origem '!$A$1:$D$1910,4,0)*'Mark Up '!$C$2)),"X") -> 4841.76 | F47: =IFERROR(((VLOOKUP(B47,'Origem '!$A$1:$E$1910,5,0)*'Mark Up '!$C$2)),"X") -> 5045.04 | G47: =IFERROR(((VLOOKUP(B47,'Origem '!$A$1:$H$1910,6,0)*'Mark Up '!$C$2)),"X") -> 5576.34 | H47: =IFERROR(((VLOOKUP(B47,'Origem '!$A$1:$H$1910,7,0)*'Mark Up '!$C$2)),"X") -> 5742.66 | I47: =IFERROR(((VLOOKUP(B47,'Origem '!$A$1:$H$1910,8,0)*'Mark Up '!$C$2)),"X") -> 5885.88
B48: 10038-12 | C48: Mesa Lateral Bologna Tp Red Bandeja Pés de Metal (se laca brilho somente c/ VD) | D48: 0,61 Ø 0,60 | E48: =IFERROR(((VLOOKUP(B48,'Origem '!$A$1:$D$1910,4,0)*'Mark Up '!$C$2)),"X") -> 5650.26 | F48: =IFERROR(((VLOOKUP(B48,'Origem '!$A$1:$E$1910,5,0)*'Mark Up '!$C$2)),"X") -> 5811.96 | G48: =IFERROR(((VLOOKUP(B48,'Origem '!$A$1:$H$1910,6,0)*'Mark Up '!$C$2)),"X") -> 6292.44 | H48: =IFERROR(((VLOOKUP(B48,'Origem '!$A$1:$H$1910,7,0)*'Mark Up '!$C$2)),"X") -> 6491.1 | I48: =IFERROR(((VLOOKUP(B48,'Origem '!$A$1:$H$1910,8,0)*'Mark Up '!$C$2)),"X") -> 6694.38
A49: BRISTOL | B49: 10088-8 | C49: Mesa Lateral Bristol Red Pés de Madeira com Det Metal (se laca brilho somente c/ VD) | D49: 0,49 Ø 0,50 | E49: =IFERROR(((VLOOKUP(B49,'Origem '!$A$1:$D$1910,4,0)*'Mark Up '!$C$2)),"X") -> 4555.32 | F49: =IFERROR(((VLOOKUP(B49,'Origem '!$A$1:$E$1910,5,0)*'Mark Up '!$C$2)),"X") -> 4790.94 | G49: =IFERROR(((VLOOKUP(B49,'Origem '!$A$1:$H$1910,6,0)*'Mark Up '!$C$2)),"X") -> 5165.16 | H49: =IFERROR(((VLOOKUP(B49,'Origem '!$A$1:$H$1910,7,0)*'Mark Up '!$C$2)),"X") -> 5322.24 | I49: =IFERROR(((VLOOKUP(B49,'Origem '!$A$1:$H$1910,8,0)*'Mark Up '!$C$2)),"X") -> X
B50: 10088-12 | C50: Mesa Lateral Bristol Red Pés de Madeira com Det Metal (se laca brilho somente c/ VD) | D50: 0,64 Ø 0,60 | E50: =IFERROR(((VLOOKUP(B50,'Origem '!$A$1:$D$1910,4,0)*'Mark Up '!$C$2)),"X") -> 5599.44 | F50: =IFERROR(((VLOOKUP(B50,'Origem '!$A$1:$E$1910,5,0)*'Mark Up '!$C$2)),"X") -> 5918.22 | G50: =IFERROR(((VLOOKUP(B50,'Origem '!$A$1:$H$1910,6,0)*'Mark Up '!$C$2)),"X") -> 6606.6 | H50: =IFERROR(((VLOOKUP(B50,'Origem '!$A$1:$H$1910,7,0)*'Mark Up '!$C$2)),"X") -> 6805.26 | I50: =IFERROR(((VLOOKUP(B50,'Origem '!$A$1:$H$1910,8,0)*'Mark Up '!$C$2)),"X") -> X
A51: CANNES | B51: 4667-1 | C51: Mesa Lateral Cannes (oval), haste metal | D51: 0,40 x 0,30 x 0,50 | E51: =IFERROR(((VLOOKUP(B51,'Origem '!$A$1:$D$1910,4,0)*'Mark Up '!$C$2)),"X") -> 3178.56 | F51: =IFERROR(((VLOOKUP(B51,'Origem '!$A$1:$E$1910,5,0)*'Mark Up '!$C$2)),"X") -> 3335.64 | G51: =IFERROR(((VLOOKUP(B51,'Origem '!$A$1:$H$1910,6,0)*'Mark Up '!$C$2)),"X") -> 3825.36 | H51: =IFERROR(((VLOOKUP(B51,'Origem '!$A$1:$H$1910,7,0)*'Mark Up '!$C$2)),"X") -> 3940.86 | I51: =IFERROR(((VLOOKUP(B51,'Origem '!$A$1:$H$1910,8,0)*'Mark Up '!$C$2)),"X") -> 4005.54
B52: 4667-2 | C52: Mesa Lateral Cannes (oval), haste metal | D52: 0,40 x 0,30 x 0,55 | E52: =IFERROR(((VLOOKUP(B52,'Origem '!$A$1:$D$1910,4,0)*'Mark Up '!$C$2)),"X") -> 3224.76 | F52: =IFERROR(((VLOOKUP(B52,'Origem '!$A$1:$E$1910,5,0)*'Mark Up '!$C$2)),"X") -> 3414.18 | G52: =IFERROR(((VLOOKUP(B52,'Origem '!$A$1:$H$1910,6,0)*'Mark Up '!$C$2)),"X") -> 3899.28 | H52: =IFERROR(((VLOOKUP(B52,'Origem '!$A$1:$H$1910,7,0)*'Mark Up '!$C$2)),"X") -> 4014.78 | I52: =IFERROR(((VLOOKUP(B52,'Origem '!$A$1:$H$1910,8,0)*'Mark Up '!$C$2)),"X") -> 4084.08
B53: 4668-0 | C53: Mesa Lateral Cannes, haste metal | D53: 0,30 Ø 0,50 alt | E53: =IFERROR(((VLOOKUP(B53,'Origem '!$A$1:$D$1910,4,0)*'Mark Up '!$C$2)),"X") -> 2762.76 | F53: =IFERROR(((VLOOKUP(B53,'Origem '!$A$1:$E$1910,5,0)*'Mark Up '!$C$2)),"X") -> 3081.54 | G53: =IFERROR(((VLOOKUP(B53,'Origem '!$A$1:$H$1910,6,0)*'Mark Up '!$C$2)),"X") -> 3497.34 | H53: =IFERROR(((VLOOKUP(B53,'Origem '!$A$1:$H$1910,7,0)*'Mark Up '!$C$2)),"X") -> 3557.4 | I53: =IFERROR(((VLOOKUP(B53,'Origem '!$A$1:$H$1910,8,0)*'Mark Up '!$C$2)),"X") -> 3635.94
B54: 4668-7 | C54: Mesa Lateral Cannes, haste metal | D54: 0,30 Ø 0,55 alt | E54: =IFERROR(((VLOOKUP(B54,'Origem '!$A$1:$D$1910,4,0)*'Mark Up '!$C$2)),"X") -> 2859.78 | F54: =IFERROR(((VLOOKUP(B54,'Origem '!$A$1:$E$1910,5,0)*'Mark Up '!$C$2)),"X") -> 3160.08 | G54: =IFERROR(((VLOOKUP(B54,'Origem '!$A$1:$H$1910,6,0)*'Mark Up '!$C$2)),"X") -> 3543.54 | H54: =IFERROR(((VLOOKUP(B54,'Origem '!$A$1:$H$1910,7,0)*'Mark Up '!$C$2)),"X") -> 3603.6 | I54: =IFERROR(((VLOOKUP(B54,'Origem '!$A$1:$H$1910,8,0)*'Mark Up '!$C$2)),"X") -> 3668.28
B55: 4668-8 | C55: Mesa Lateral Cannes, haste metal | D55: 0,30 Ø 0,61 alt | E55: =IFERROR(((VLOOKUP(B55,'Origem '!$A$1:$D$1910,4,0)*'Mark Up '!$C$2)),"X") -> 2998.38 | F55: =IFERROR(((VLOOKUP(B55,'Origem '!$A$1:$E$1910,5,0)*'Mark Up '!$C$2)),"X") -> 3354.12 | G55: =IFERROR(((VLOOKUP(B55,'Origem '!$A$1:$H$1910,6,0)*'Mark Up '!$C$2)),"X") -> 3686.76 | H55: =IFERROR(((VLOOKUP(B55,'Origem '!$A$1:$H$1910,7,0)*'Mark Up '!$C$2)),"X") -> 3756.06 | I55: =IFERROR(((VLOOKUP(B55,'Origem '!$A$1:$H$1910,8,0)*'Mark Up '!$C$2)),"X") -> 3820.74
A56: CAPRI | B56: 11218-3 | C56: Mesa Lateral Capri, haste metal (somente s/ VD) | D56: 0,30 Ø 0,60 alt | E56: =IFERROR(((VLOOKUP(B56,'Origem '!$A$1:$D$1910,4,0)*'Mark Up '!$C$2)),"X") -> 3317.16 | F56: =IFERROR(((VLOOKUP(B56,'Origem '!$A$1:$E$1910,5,0)*'Mark Up '!$C$2)),"X") -> 3488.1 | G56: =IFERROR(((VLOOKUP(B56,'Origem '!$A$1:$H$1910,6,0)*'Mark Up '!$C$2)),"X") -> 3663.66 | H56: =IFERROR(((VLOOKUP(B56,'Origem '!$A$1:$H$1910,7,0)*'Mark Up '!$C$2)),"X") -> 3705.24 | I56: =IFERROR(((VLOOKUP(B56,'Origem '!$A$1:$H$1910,8,0)*'Mark Up '!$C$2)),"X") -> 3788.4
B57: 11218-4 | C57: Mesa Lateral Capri, haste metal (somente s/ VD) | D57: 0,30 Ø 0,65 alt | E57: =IFERROR(((VLOOKUP(B57,'Origem '!$A$1:$D$1910,4,0)*'Mark Up '!$C$2)),"X") -> 3474.24 | F57: =IFERROR(((VLOOKUP(B57,'Origem '!$A$1:$E$1910,5,0)*'Mark Up '!$C$2)),"X") -> 3631.32 | G57: =IFERROR(((VLOOKUP(B57,'Origem '!$A$1:$H$1910,6,0)*'Mark Up '!$C$2)),"X") -> 3802.26 | H57: =IFERROR(((VLOOKUP(B57,'Origem '!$A$1:$H$1910,7,0)*'Mark Up '!$C$2)),"X") -> 3862.32 | I57: =IFERROR(((VLOOKUP(B57,'Origem '!$A$1:$H$1910,8,0)*'Mark Up '!$C$2)),"X") -> 3945.48
B58: 11218-5 | C58: Mesa Lateral Capri, haste metal (somente s/ VD) | D58: 0,30 Ø 0,70 alt | E58: =IFERROR(((VLOOKUP(B58,'Origem '!$A$1:$D$1910,4,0)*'Mark Up '!$C$2)),"X") -> 3557.4 | F58: =IFERROR(((VLOOKUP(B58,'Origem '!$A$1:$E$1910,5,0)*'Mark Up '!$C$2)),"X") -> 3793.02 | G58: =IFERROR(((VLOOKUP(B58,'Origem '!$A$1:$H$1910,6,0)*'Mark Up '!$C$2)),"X") -> 3963.96 | H58: =IFERROR(((VLOOKUP(B58,'Origem '!$A$1:$H$1910,7,0)*'Mark Up '!$C$2)),"X") -> 4033.26 | I58: =IFERROR(((VLOOKUP(B58,'Origem '!$A$1:$H$1910,8,0)*'Mark Up '!$C$2)),"X") -> 4111.8
A59: CARRARA | B59: 10348-6 | C59: Mesa Centro Carrara,Tp Bandeja (se laca brilho somente c/ VD) | D59: 0,41 Ø 0,35 | E59: =IFERROR(((VLOOKUP(B59,'Origem '!$A$1:$D$1910,4,0)*'Mark Up '!$C$2)),"X") -> 5262.18 | F59: =IFERROR(((VLOOKUP(B59,'Origem '!$A$1:$E$1910,5,0)*'Mark Up '!$C$2)),"X") -> 6029.1 | G59: =IFERROR(((VLOOKUP(B59,'Origem '!$A$1:$H$1910,6,0)*'Mark Up '!$C$2)),"X") -> 6652.8 | H59: =IFERROR(((VLOOKUP(B59,'Origem '!$A$1:$H$1910,7,0)*'Mark Up '!$C$2)),"X") -> 6851.46 | I59: =IFERROR(((VLOOKUP(B59,'Origem '!$A$1:$H$1910,8,0)*'Mark Up '!$C$2)),"X") -> 7040.88
B60: 10348-10 | C60: Mesa Centro Carrara,Tp Bandeja (se laca brilho somente c/ VD) | D60: 0,51 Ø 0,30 | E60: =IFERROR(((VLOOKUP(B60,'Origem '!$A$1:$D$1910,4,0)*'Mark Up '!$C$2)),"X") -> 6001.38 | F60: =IFERROR(((VLOOKUP(B60,'Origem '!$A$1:$E$1910,5,0)*'Mark Up '!$C$2)),"X") -> 6477.24 | G60: =IFERROR(((VLOOKUP(B60,'Origem '!$A$1:$H$1910,6,0)*'Mark Up '!$C$2)),"X") -> 7022.4 | H60: =IFERROR(((VLOOKUP(B60,'Origem '!$A$1:$H$1910,7,0)*'Mark Up '!$C$2)),"X") -> 7234.92 | I60: =IFERROR(((VLOOKUP(B60,'Origem '!$A$1:$H$1910,8,0)*'Mark Up '!$C$2)),"X") -> 7516.74
B61: 10348-12 | C61: Mesa Centro Carrara,Tp Bandeja (se laca brilho somente c/ VD) | D61: 0,61 Ø 0,28 | E61: =IFERROR(((VLOOKUP(B61,'Origem '!$A$1:$D$1910,4,0)*'Mark Up '!$C$2)),"X") -> 6458.76 | F61: =IFERROR(((VLOOKUP(B61,'Origem '!$A$1:$E$1910,5,0)*'Mark Up '!$C$2)),"X") -> 7119.42 | G61: =IFERROR(((VLOOKUP(B61,'Origem '!$A$1:$H$1910,6,0)*'Mark Up '!$C$2)),"X") -> 7586.04 | H61: =IFERROR(((VLOOKUP(B61,'Origem '!$A$1:$H$1910,7,0)*'Mark Up '!$C$2)),"X") -> 7756.98 | I61: =IFERROR(((VLOOKUP(B61,'Origem '!$A$1:$H$1910,8,0)*'Mark Up '!$C$2)),"X") -> 8145.06
A62: CENTURY | B62: 8590-0 | C62: Mesa Centro Century (cantos garrafa) | D62: 0,60 x 0,60 x 0,20 | E62: =IFERROR(((VLOOKUP(B62,'Origem '!$A$1:$D$1910,4,0)*'Mark Up '!$C$2)),"X") -> 4250.4 | F62: =IFERROR(((VLOOKUP(B62,'Origem '!$A$1:$E$1910,5,0)*'Mark Up '!$C$2)),"X") -> 4832.52 | G62: =IFERROR(((VLOOKUP(B62,'Origem '!$A$1:$H$1910,6,0)*'Mark Up '!$C$2)),"X") -> 5724.18 | H62: =IFERROR(((VLOOKUP(B62,'Origem '!$A$1:$H$1910,7,0)*'Mark Up '!$C$2)),"X") -> 5895.12 | I62: =IFERROR(((VLOOKUP(B62,'Origem '!$A$1:$H$1910,8,0)*'Mark Up '!$C$2)),"X") -> 6329.4
B63: 8590-1 | C63: Mesa Centro Century (cantos garrafa) | D63: 1,20 x 0,60 x 0,20 | E63: =IFERROR(((VLOOKUP(B63,'Origem '!$A$1:$D$1910,4,0)*'Mark Up '!$C$2)),"X") -> 6685.14 | F63: =IFERROR(((VLOOKUP(B63,'Origem '!$A$1:$E$1910,5,0)*'Mark Up '!$C$2)),"X") -> 7161 | G63: =IFERROR(((VLOOKUP(B63,'Origem '!$A$1:$H$1910,6,0)*'Mark Up '!$C$2)),"X") -> 8426.88 | H63: =IFERROR(((VLOOKUP(B63,'Origem '!$A$1:$H$1910,7,0)*'Mark Up '!$C$2)),"X") -> 8680.98 | I63: =IFERROR(((VLOOKUP(B63,'Origem '!$A$1:$H$1910,8,0)*'Mark Up '!$C$2)),"X") -> 9300.06
B64: 8590-2 | C64: Mesa Centro Century (cantos garrafa) | D64: 1,35 x 0,70 x 0,20 | E64: =IFERROR(((VLOOKUP(B64,'Origem '!$A$1:$D$1910,4,0)*'Mark Up '!$C$2)),"X") -> 7553.7 | F64: =IFERROR(((VLOOKUP(B64,'Origem '!$A$1:$E$1910,5,0)*'Mark Up '!$C$2)),"X") -> 8232.84 | G64: =IFERROR(((VLOOKUP(B64,'Origem '!$A$1:$H$1910,6,0)*'Mark Up '!$C$2)),"X") -> 9350.88 | H64: =IFERROR(((VLOOKUP(B64,'Origem '!$A$1:$H$1910,7,0)*'Mark Up '!$C$2)),"X") -> 9632.7 | I64: =IFERROR(((VLOOKUP(B64,'Origem '!$A$1:$H$1910,8,0)*'Mark Up '!$C$2)),"X") -> 10884.72
B65: 8590-3 | C65: Mesa Centro Century (cantos garrafa) | D65: 1,60 x 0,80 x 0,20 | E65: =IFERROR(((VLOOKUP(B65,'Origem '!$A$1:$D$1910,4,0)*'Mark Up '!$C$2)),"X") -> 8634.78 | F65: =IFERROR(((VLOOKUP(B65,'Origem '!$A$1:$E$1910,5,0)*'Mark Up '!$C$2)),"X") -> 9646.56 | G65: =IFERROR(((VLOOKUP(B65,'Origem '!$A$1:$H$1910,6,0)*'Mark Up '!$C$2)),"X") -> 10852.38 | H65: =IFERROR(((VLOOKUP(B65,'Origem '!$A$1:$H$1910,7,0)*'Mark Up '!$C$2)),"X") -> 11111.1 | I65: =IFERROR(((VLOOKUP(B65,'Origem '!$A$1:$H$1910,8,0)*'Mark Up '!$C$2)),"X") -> 12141.36
B66: 8590-5 | C66: Mesa Centro Century (cantos garrafa) | D66: 1,80 x 0,80 x 0,20 | E66: =IFERROR(((VLOOKUP(B66,'Origem '!$A$1:$D$1910,4,0)*'Mark Up '!$C$2)),"X") -> 9156.84 | F66: =IFERROR(((VLOOKUP(B66,'Origem '!$A$1:$E$1910,5,0)*'Mark Up '!$C$2)),"X") -> 10358.04 | G66: =IFERROR(((VLOOKUP(B66,'Origem '!$A$1:$H$1910,6,0)*'Mark Up '!$C$2)),"X") -> 11697.84 | H66: =IFERROR(((VLOOKUP(B66,'Origem '!$A$1:$H$1910,7,0)*'Mark Up '!$C$2)),"X") -> 12058.2 | I66: =IFERROR(((VLOOKUP(B66,'Origem '!$A$1:$H$1910,8,0)*'Mark Up '!$C$2)),"X") -> 13120.8
B67: 8596-1 | C67: Mesa Centro Century (cantos garrafa) | D67: 1,20 x 0,60 x 0,30 | E67: =IFERROR(((VLOOKUP(B67,'Origem '!$A$1:$D$1910,4,0)*'Mark Up '!$C$2)),"X") -> 6943.86 | F67: =IFERROR(((VLOOKUP(B67,'Origem '!$A$1:$E$1910,5,0)*'Mark Up '!$C$2)),"X") -> 7987.98 | G67: =IFERROR(((VLOOKUP(B67,'Origem '!$A$1:$H$1910,6,0)*'Mark Up '!$C$2)),"X") -> 8634.78 | H67: =IFERROR(((VLOOKUP(B67,'Origem '!$A$1:$H$1910,7,0)*'Mark Up '!$C$2)),"X") -> 8902.74 | I67: =IFERROR(((VLOOKUP(B67,'Origem '!$A$1:$H$1910,8,0)*'Mark Up '!$C$2)),"X") -> 9859.08
B68: 8596-2 | C68: Mesa Centro Century (cantos garrafa) | D68: 1,35 x 0,70 x 0,30 | E68: =IFERROR(((VLOOKUP(B68,'Origem '!$A$1:$D$1910,4,0)*'Mark Up '!$C$2)),"X") -> 7793.94 | F68: =IFERROR(((VLOOKUP(B68,'Origem '!$A$1:$E$1910,5,0)*'Mark Up '!$C$2)),"X") -> 9253.86 | G68: =IFERROR(((VLOOKUP(B68,'Origem '!$A$1:$H$1910,6,0)*'Mark Up '!$C$2)),"X") -> 10875.48 | H68: =IFERROR(((VLOOKUP(B68,'Origem '!$A$1:$H$1910,7,0)*'Mark Up '!$C$2)),"X") -> 11212.74 | I68: =IFERROR(((VLOOKUP(B68,'Origem '!$A$1:$H$1910,8,0)*'Mark Up '!$C$2)),"X") -> 12127.5
B69: 8596-3 | C69: Mesa Centro Century (cantos garrafa) | D69: 1,60 x 0,80 x 0,30 | E69: =IFERROR(((VLOOKUP(B69,'Origem '!$A$1:$D$1910,4,0)*'Mark Up '!$C$2)),"X") -> 9383.22 | F69: =IFERROR(((VLOOKUP(B69,'Origem '!$A$1:$E$1910,5,0)*'Mark Up '!$C$2)),"X") -> 10875.48 | G69: =IFERROR(((VLOOKUP(B69,'Origem '!$A$1:$H$1910,6,0)*'Mark Up '!$C$2)),"X") -> 11656.26 | H69: =IFERROR(((VLOOKUP(B69,'Origem '!$A$1:$H$1910,7,0)*'Mark Up '!$C$2)),"X") -> 11961.18 | I69: =IFERROR(((VLOOKUP(B69,'Origem '!$A$1:$H$1910,8,0)*'Mark Up '!$C$2)),"X") -> 13841.52
B70: 8596-5 | C70: Mesa Centro Century (cantos garrafa) | D70: 1,80 x 0,80 x 0,30 | E70: =IFERROR(((VLOOKUP(B70,'Origem '!$A$1:$D$1910,4,0)*'Mark Up '!$C$2)),"X") -> 10718.4 | F70: =IFERROR(((VLOOKUP(B70,'Origem '!$A$1:$E$1910,5,0)*'Mark Up '!$C$2)),"X") -> 12127.5 | G70: =IFERROR(((VLOOKUP(B70,'Origem '!$A$1:$H$1910,6,0)*'Mark Up '!$C$2)),"X") -> 13351.8 | H70: =IFERROR(((VLOOKUP(B70,'Origem '!$A$1:$H$1910,7,0)*'Mark Up '!$C$2)),"X") -> 13762.98 | I70: =IFERROR(((VLOOKUP(B70,'Origem '!$A$1:$H$1910,8,0)*'Mark Up '!$C$2)),"X") -> 15878.94
A71: CHESS | B71: 7688-1 | C71: Mesa Lateral Chess (haste metal) | D71: 0,30 Ø 0,50 alt | E71: =IFERROR(((VLOOKUP(B71,'Origem '!$A$1:$D$1910,4,0)*'Mark Up '!$C$2)),"X") -> 3594.36 | F71: =IFERROR(((VLOOKUP(B71,'Origem '!$A$1:$E$1910,5,0)*'Mark Up '!$C$2)),"X") -> 3825.36 | G71: =IFERROR(((VLOOKUP(B71,'Origem '!$A$1:$H$1910,6,0)*'Mark Up '!$C$2)),"X") -> 4153.38 | H71: =IFERROR(((VLOOKUP(B71,'Origem '!$A$1:$H$1910,7,0)*'Mark Up '!$C$2)),"X") -> 4278.12 | I71: =IFERROR(((VLOOKUP(B71,'Origem '!$A$1:$H$1910,8,0)*'Mark Up '!$C$2)),"X") -> 4333.56
B72: 7688-2 | C72: Mesa Lateral Chess (haste metal) | D72: 0,30 Ø 0,55 alt | E72: =IFERROR(((VLOOKUP(B72,'Origem '!$A$1:$D$1910,4,0)*'Mark Up '!$C$2)),"X") -> 3714.48 | F72: =IFERROR(((VLOOKUP(B72,'Origem '!$A$1:$E$1910,5,0)*'Mark Up '!$C$2)),"X") -> 3917.76 | G72: =IFERROR(((VLOOKUP(B72,'Origem '!$A$1:$H$1910,6,0)*'Mark Up '!$C$2)),"X") -> 4241.16 | H72: =IFERROR(((VLOOKUP(B72,'Origem '!$A$1:$H$1910,7,0)*'Mark Up '!$C$2)),"X") -> 4370.52 | I72: =IFERROR(((VLOOKUP(B72,'Origem '!$A$1:$H$1910,8,0)*'Mark Up '!$C$2)),"X") -> 4430.58
A73: CLASS | B73: 7248-0 | C73: Mesa Lateral Class (haste metal) se laca brilho somente c/ VD | D73: 0,41 Ø 0,52 alt | E73: =IFERROR(((VLOOKUP(B73,'Origem '!$A$1:$D$1910,4,0)*'Mark Up '!$C$2)),"X") -> 3483.48 | F73: =IFERROR(((VLOOKUP(B73,'Origem '!$A$1:$E$1910,5,0)*'Mark Up '!$C$2)),"X") -> 3783.78 | G73: =IFERROR(((VLOOKUP(B73,'Origem '!$A$1:$H$1910,6,0)*'Mark Up '!$C$2)),"X") -> 4319.7 | H73: =IFERROR(((VLOOKUP(B73,'Origem '!$A$1:$H$1910,7,0)*'Mark Up '!$C$2)),"X") -> 4449.06 | I73: =IFERROR(((VLOOKUP(B73,'Origem '!$A$1:$H$1910,8,0)*'Mark Up '!$C$2)),"X") -> 4712.4
B74: 7248-1 | C74: Mesa Lateral Class (haste metal) se laca brilho somente c/ VD | D74: 0,31 Ø 0,47 alt | E74: =IFERROR(((VLOOKUP(B74,'Origem '!$A$1:$D$1910,4,0)*'Mark Up '!$C$2)),"X") -> 3354.12 | F74: =IFERROR(((VLOOKUP(B74,'Origem '!$A$1:$E$1910,5,0)*'Mark Up '!$C$2)),"X") -> 3437.28 | G74: =IFERROR(((VLOOKUP(B74,'Origem '!$A$1:$H$1910,6,0)*'Mark Up '!$C$2)),"X") -> 3829.98 | H74: =IFERROR(((VLOOKUP(B74,'Origem '!$A$1:$H$1910,7,0)*'Mark Up '!$C$2)),"X") -> 3950.1 | I74: =IFERROR(((VLOOKUP(B74,'Origem '!$A$1:$H$1910,8,0)*'Mark Up '!$C$2)),"X") -> 4130.28
A75: COLÔMBIA | B75: 9186-2 | C75: Mesa Lateral Colômbia (se laca brilho somente c/ VD) | D75: 0,61 Ø 0,63 alt | E75: =IFERROR(((VLOOKUP(B75,'Origem '!$A$1:$D$1910,4,0)*'Mark Up '!$C$2)),"X") -> 6431.04 | F75: =IFERROR(((VLOOKUP(B75,'Origem '!$A$1:$E$1910,5,0)*'Mark Up '!$C$2)),"X") -> 7553.7 | G75: =IFERROR(((VLOOKUP(B75,'Origem '!$A$1:$H$1910,6,0)*'Mark Up '!$C$2)),"X") -> 8311.38 | H75: =IFERROR(((VLOOKUP(B75,'Origem '!$A$1:$H$1910,7,0)*'Mark Up '!$C$2)),"X") -> 8570.1 | I75: =IFERROR(((VLOOKUP(B75,'Origem '!$A$1:$H$1910,8,0)*'Mark Up '!$C$2)),"X") -> 8967.42
B76: 9186-3 | C76: Mesa Lateral Colômbia (se laca brilho somente c/ VD) MED.MÁXIMA | D76: 0,71 Ø 0,73 alt | E76: =IFERROR(((VLOOKUP(B76,'Origem '!$A$1:$D$1910,4,0)*'Mark Up '!$C$2)),"X") -> 7299.6 | F76: =IFERROR(((VLOOKUP(B76,'Origem '!$A$1:$E$1910,5,0)*'Mark Up '!$C$2)),"X") -> 8496.18 | G76: =IFERROR(((VLOOKUP(B76,'Origem '!$A$1:$H$1910,6,0)*'Mark Up '!$C$2)),"X") -> 9392.46 | H76: =IFERROR(((VLOOKUP(B76,'Origem '!$A$1:$H$1910,7,0)*'Mark Up '!$C$2)),"X") -> 9678.9 | I76: =IFERROR(((VLOOKUP(B76,'Origem '!$A$1:$H$1910,8,0)*'Mark Up '!$C$2)),"X") -> 10103.94
A77: DIANO | B77: 11540-3 | C77: Mesa Centro Diano (Se c/ Vidro, somente no Aplique) | D77: 0,70 Ø X 0,30 | E77: =IFERROR(((VLOOKUP(B77,'Origem '!$A$1:$D$1910,4,0)*'Mark Up '!$C$2)),"X") -> 5234.46 | F77: =IFERROR(((VLOOKUP(B77,'Origem '!$A$1:$E$1910,5,0)*'Mark Up '!$C$2)),"X") -> 6084.54 | G77: =IFERROR(((VLOOKUP(B77,'Origem '!$A$1:$H$1910,6,0)*'Mark Up '!$C$2)),"X") -> 6297.06 | H77: =IFERROR(((VLOOKUP(B77,'Origem '!$A$1:$H$1910,7,0)*'Mark Up '!$C$2)),"X") -> 6666.66 | I77: =IFERROR(((VLOOKUP(B77,'Origem '!$A$1:$H$1910,8,0)*'Mark Up '!$C$2)),"X") -> 7632.24
B78: 11540-4 | C78: Mesa Centro Diano (Se c/ Vidro, somente no Aplique) | D78: 0,90 Ø X 0,33 | E78: =IFERROR(((VLOOKUP(B78,'Origem '!$A$1:$D$1910,4,0)*'Mark Up '!$C$2)),"X") -> 5862.78 | F78: =IFERROR(((VLOOKUP(B78,'Origem '!$A$1:$E$1910,5,0)*'Mark Up '!$C$2)),"X") -> 7156.38 | G78: =IFERROR(((VLOOKUP(B78,'Origem '!$A$1:$H$1910,6,0)*'Mark Up '!$C$2)),"X") -> 7304.22 | H78: =IFERROR(((VLOOKUP(B78,'Origem '!$A$1:$H$1910,7,0)*'Mark Up '!$C$2)),"X") -> 8038.8 | I78: =IFERROR(((VLOOKUP(B78,'Origem '!$A$1:$H$1910,8,0)*'Mark Up '!$C$2)),"X") -> 9327.78
B79: 11540-5 | C79: Mesa Centro Diano (Se c/ Vidro, somente no Aplique) | D79: 0,90 Ø X 0,30 | E79: =IFERROR(((VLOOKUP(B79,'Origem '!$A$1:$D$1910,4,0)*'Mark Up '!$C$2)),"X") -> 5848.92 | F79: =IFERROR(((VLOOKUP(B79,'Origem '!$A$1:$E$1910,5,0)*'Mark Up '!$C$2)),"X") -> 6985.44 | G79: =IFERROR(((VLOOKUP(B79,'Origem '!$A$1:$H$1910,6,0)*'Mark Up '!$C$2)),"X") -> 7188.72 | H79: =IFERROR(((VLOOKUP(B79,'Origem '!$A$1:$H$1910,7,0)*'Mark Up '!$C$2)),"X") -> 7974.12 | I79: =IFERROR(((VLOOKUP(B79,'Origem '!$A$1:$H$1910,8,0)*'Mark Up '!$C$2)),"X") -> 9318.54
B80: 11540-6 | C80: Mesa Centro Diano (Se c/ Vidro, somente no Aplique) | D80: 1,20 Ø X 0,33 | E80: =IFERROR(((VLOOKUP(B80,'Origem '!$A$1:$D$1910,4,0)*'Mark Up '!$C$2)),"X") -> 7216.44 | F80: =IFERROR(((VLOOKUP(B80,'Origem '!$A$1:$E$1910,5,0)*'Mark Up '!$C$2)),"X") -> 8768.76 | G80: =IFERROR(((VLOOKUP(B80,'Origem '!$A$1:$H$1910,6,0)*'Mark Up '!$C$2)),"X") -> 9600.36 | H80: =IFERROR(((VLOOKUP(B80,'Origem '!$A$1:$H$1910,7,0)*'Mark Up '!$C$2)),"X") -> 11060.28 | I80: =IFERROR(((VLOOKUP(B80,'Origem '!$A$1:$H$1910,8,0)*'Mark Up '!$C$2)),"X") -> 13374.9
A81: ELLOS | B81: 4598-0 | C81: Mesa Lateral Ellos ( haste metal) | D81: 0,50 x 0,30 x 0,40 | E81: =IFERROR(((VLOOKUP(B81,'Origem '!$A$1:$D$1910,4,0)*'Mark Up '!$C$2)),"X") -> 4629.24 | F81: =IFERROR(((VLOOKUP(B81,'Origem '!$A$1:$E$1910,5,0)*'Mark Up '!$C$2)),"X") -> 4864.86 | G81: =IFERROR(((VLOOKUP(B81,'Origem '!$A$1:$H$1910,6,0)*'Mark Up '!$C$2)),"X") -> 5391.54 | H81: =IFERROR(((VLOOKUP(B81,'Origem '!$A$1:$H$1910,7,0)*'Mark Up '!$C$2)),"X") -> 5553.24 | I81: =IFERROR(((VLOOKUP(B81,'Origem '!$A$1:$H$1910,8,0)*'Mark Up '!$C$2)),"X") -> 5895.12
B82: 4598-1 | C82: Mesa Lateral Ellos ( haste metal) | D82: 0,50 x 0,30 x 0,50 | E82: =IFERROR(((VLOOKUP(B82,'Origem '!$A$1:$D$1910,4,0)*'Mark Up '!$C$2)),"X") -> 4680.06 | F82: =IFERROR(((VLOOKUP(B82,'Origem '!$A$1:$E$1910,5,0)*'Mark Up '!$C$2)),"X") -> 4911.06 | G82: =IFERROR(((VLOOKUP(B82,'Origem '!$A$1:$H$1910,6,0)*'Mark Up '!$C$2)),"X") -> 5488.56 | H82: =IFERROR(((VLOOKUP(B82,'Origem '!$A$1:$H$1910,7,0)*'Mark Up '!$C$2)),"X") -> 5659.5 | I82: =IFERROR(((VLOOKUP(B82,'Origem '!$A$1:$H$1910,8,0)*'Mark Up '!$C$2)),"X") -> 6015.24
B83: 4598-2 | C83: Mesa Lateral Ellos ( haste metal) | D83: 0,60 x 0,30 x 0,60 | E83: =IFERROR(((VLOOKUP(B83,'Origem '!$A$1:$D$1910,4,0)*'Mark Up '!$C$2)),"X") -> 4753.98 | F83: =IFERROR(((VLOOKUP(B83,'Origem '!$A$1:$E$1910,5,0)*'Mark Up '!$C$2)),"X") -> 5105.1 | G83: =IFERROR(((VLOOKUP(B83,'Origem '!$A$1:$H$1910,6,0)*'Mark Up '!$C$2)),"X") -> 5714.94 | H83: =IFERROR(((VLOOKUP(B83,'Origem '!$A$1:$H$1910,7,0)*'Mark Up '!$C$2)),"X") -> 5890.5 | I83: =IFERROR(((VLOOKUP(B83,'Origem '!$A$1:$H$1910,8,0)*'Mark Up '!$C$2)),"X") -> 6237
A84: GOA | B84: 8493-1 | C84: Mesa Lateral Goa TP. C/ Palha e Vidro Incolor | D84: 0,55 Ø 0,50 alt | E84: =IFERROR(((VLOOKUP(B84,'Origem '!$A$1:$D$1910,4,0)*'Mark Up '!$C$2)),"X") -> 7807.8 | F84: =IFERROR(((VLOOKUP(B84,'Origem '!$A$1:$E$1910,5,0)*'Mark Up '!$C$2)),"X") -> 8011.08 | G84: =IFERROR(((VLOOKUP(B84,'Origem '!$A$1:$H$1910,6,0)*'Mark Up '!$C$2)),"X") -> X | H84: =IFERROR(((VLOOKUP(B84,'Origem '!$A$1:$H$1910,7,0)*'Mark Up '!$C$2)),"X") -> 8279.04 | I84: =IFERROR(((VLOOKUP(B84,'Origem '!$A$1:$H$1910,8,0)*'Mark Up '!$C$2)),"X") -> X
B85: 8493-2 | C85: Mesa Lateral Goa TP. C/ Palha e Vidro Incolor | D85: 0,65 Ø 0,60 alt | E85: =IFERROR(((VLOOKUP(B85,'Origem '!$A$1:$D$1910,4,0)*'Mark Up '!$C$2)),"X") -> 8533.14 | F85: =IFERROR(((VLOOKUP(B85,'Origem '!$A$1:$E$1910,5,0)*'Mark Up '!$C$2)),"X") -> 8787.24 | G85: =IFERROR(((VLOOKUP(B85,'Origem '!$A$1:$H$1910,6,0)*'Mark Up '!$C$2)),"X") -> X | H85: =IFERROR(((VLOOKUP(B85,'Origem '!$A$1:$H$1910,7,0)*'Mark Up '!$C$2)),"X") -> 9018.24 | I85: =IFERROR(((VLOOKUP(B85,'Origem '!$A$1:$H$1910,8,0)*'Mark Up '!$C$2)),"X") -> X
B86: 8494-0 | C86: Mesa Lateral Goa TP. C/ Palha e Vidro Incolor | D86: 0,75 Ø 0,30 alt | E86: =IFERROR(((VLOOKUP(B86,'Origem '!$A$1:$D$1910,4,0)*'Mark Up '!$C$2)),"X") -> 9882.18 | F86: =IFERROR(((VLOOKUP(B86,'Origem '!$A$1:$E$1910,5,0)*'Mark Up '!$C$2)),"X") -> 10912.44 | G86: =IFERROR(((VLOOKUP(B86,'Origem '!$A$1:$H$1910,6,0)*'Mark Up '!$C$2)),"X") -> X | H86: =IFERROR(((VLOOKUP(B86,'Origem '!$A$1:$H$1910,7,0)*'Mark Up '!$C$2)),"X") -> 11374.44 | I86: =IFERROR(((VLOOKUP(B86,'Origem '!$A$1:$H$1910,8,0)*'Mark Up '!$C$2)),"X") -> X
B87: 8494-4 | C87: Mesa Lateral Goa TP. C/ Palha e Vidro Incolor | D87: 0,95 Ø 0,30 alt | E87: =IFERROR(((VLOOKUP(B87,'Origem '!$A$1:$D$1910,4,0)*'Mark Up '!$C$2)),"X") -> 11767.14 | F87: =IFERROR(((VLOOKUP(B87,'Origem '!$A$1:$E$1910,5,0)*'Mark Up '!$C$2)),"X") -> 13106.94 | G87: =IFERROR(((VLOOKUP(B87,'Origem '!$A$1:$H$1910,6,0)*'Mark Up '!$C$2)),"X") -> X | H87: =IFERROR(((VLOOKUP(B87,'Origem '!$A$1:$H$1910,7,0)*'Mark Up '!$C$2)),"X") -> 13795.32 | I87: =IFERROR(((VLOOKUP(B87,'Origem '!$A$1:$H$1910,8,0)*'Mark Up '!$C$2)),"X") -> X
B88: 8494-5 | C88: Mesa Lateral Goa TP. C/ Palha e Vidro Incolor | D88: 0,95 Ø 0,35 alt | E88: =IFERROR(((VLOOKUP(B88,'Origem '!$A$1:$D$1910,4,0)*'Mark Up '!$C$2)),"X") -> 11868.78 | F88: =IFERROR(((VLOOKUP(B88,'Origem '!$A$1:$E$1910,5,0)*'Mark Up '!$C$2)),"X") -> 13236.3 | G88: =IFERROR(((VLOOKUP(B88,'Origem '!$A$1:$H$1910,6,0)*'Mark Up '!$C$2)),"X") -> X | H88: =IFERROR(((VLOOKUP(B88,'Origem '!$A$1:$H$1910,7,0)*'Mark Up '!$C$2)),"X") -> 13929.3 | I88: =IFERROR(((VLOOKUP(B88,'Origem '!$A$1:$H$1910,8,0)*'Mark Up '!$C$2)),"X") -> X
B89: 8494-6 | C89: Mesa Lateral Goa TP. C/ Palha e Vidro Incolor | D89: 1,15 Ø 0,35 alt | E89: =IFERROR(((VLOOKUP(B89,'Origem '!$A$1:$D$1910,4,0)*'Mark Up '!$C$2)),"X") -> 16183.86 | F89: =IFERROR(((VLOOKUP(B89,'Origem '!$A$1:$E$1910,5,0)*'Mark Up '!$C$2)),"X") -> 18415.32 | G89: =IFERROR(((VLOOKUP(B89,'Origem '!$A$1:$H$1910,6,0)*'Mark Up '!$C$2)),"X") -> X | H89: =IFERROR(((VLOOKUP(B89,'Origem '!$A$1:$H$1910,7,0)*'Mark Up '!$C$2)),"X") -> 19288.5 | I89: =IFERROR(((VLOOKUP(B89,'Origem '!$A$1:$H$1910,8,0)*'Mark Up '!$C$2)),"X") -> X
A90: GRECCO | B90: 11198-0 | C90: Mesa Centro Grecco | D90: 0,60 Ø X 0,35 | E90: =IFERROR(((VLOOKUP(B90,'Origem '!$A$1:$D$1910,4,0)*'Mark Up '!$C$2)),"X") -> 3843.84 | F90: =IFERROR(((VLOOKUP(B90,'Origem '!$A$1:$E$1910,5,0)*'Mark Up '!$C$2)),"X") -> 3977.82 | G90: =IFERROR(((VLOOKUP(B90,'Origem '!$A$1:$H$1910,6,0)*'Mark Up '!$C$2)),"X") -> 4255.02 | H90: =IFERROR(((VLOOKUP(B90,'Origem '!$A$1:$H$1910,7,0)*'Mark Up '!$C$2)),"X") -> 4342.8 | I90: =IFERROR(((VLOOKUP(B90,'Origem '!$A$1:$H$1910,8,0)*'Mark Up '!$C$2)),"X") -> 4458.3
B91: 11198-1 | C91: Mesa Centro Grecco VD.Fumê ( Apenas no recorte) | D91: 0,70 Ø X 0,33 | E91: =IFERROR(((VLOOKUP(B91,'Origem '!$A$1:$D$1910,4,0)*'Mark Up '!$C$2)),"X") -> 4462.92 | F91: =IFERROR(((VLOOKUP(B91,'Origem '!$A$1:$E$1910,5,0)*'Mark Up '!$C$2)),"X") -> 5229.84 | G91: =IFERROR(((VLOOKUP(B91,'Origem '!$A$1:$H$1910,6,0)*'Mark Up '!$C$2)),"X") -> 5544 | H91: =IFERROR(((VLOOKUP(B91,'Origem '!$A$1:$H$1910,7,0)*'Mark Up '!$C$2)),"X") -> 5955.18 | I91: =IFERROR(((VLOOKUP(B91,'Origem '!$A$1:$H$1910,8,0)*'Mark Up '!$C$2)),"X") -> 6347.88
B92: 11198-2 | C92: Mesa Centro Grecco VD.Fumê ( Apenas no recorte) | D92: 0,90 Ø X 0,33 | E92: =IFERROR(((VLOOKUP(B92,'Origem '!$A$1:$D$1910,4,0)*'Mark Up '!$C$2)),"X") -> 5562.48 | F92: =IFERROR(((VLOOKUP(B92,'Origem '!$A$1:$E$1910,5,0)*'Mark Up '!$C$2)),"X") -> 6528.06 | G92: =IFERROR(((VLOOKUP(B92,'Origem '!$A$1:$H$1910,6,0)*'Mark Up '!$C$2)),"X") -> 6920.76 | H92: =IFERROR(((VLOOKUP(B92,'Origem '!$A$1:$H$1910,7,0)*'Mark Up '!$C$2)),"X") -> 7438.2 | I92: =IFERROR(((VLOOKUP(B92,'Origem '!$A$1:$H$1910,8,0)*'Mark Up '!$C$2)),"X") -> 8182.02
B93: 11198-5 | C93: Mesa Centro Grecco VD.Fumê ( Apenas no recorte) | D93: 0,90 Ø X 0,30 | E93: =IFERROR(((VLOOKUP(B93,'Origem '!$A$1:$D$1910,4,0)*'Mark Up '!$C$2)),"X") -> 5317.62 | F93: =IFERROR(((VLOOKUP(B93,'Origem '!$A$1:$E$1910,5,0)*'Mark Up '!$C$2)),"X") -> 6186.18 | G93: =IFERROR(((VLOOKUP(B93,'Origem '!$A$1:$H$1910,6,0)*'Mark Up '!$C$2)),"X") -> 6583.5 | H93: =IFERROR(((VLOOKUP(B93,'Origem '!$A$1:$H$1910,7,0)*'Mark Up '!$C$2)),"X") -> 7100.94 | I93: =IFERROR(((VLOOKUP(B93,'Origem '!$A$1:$H$1910,8,0)*'Mark Up '!$C$2)),"X") -> 7951.02
B94: 11198-6 | C94: Mesa Centro Grecco VD.Fumê ( Apenas no recorte) | D94: 1,20 Ø X 0,33 | E94: =IFERROR(((VLOOKUP(B94,'Origem '!$A$1:$D$1910,4,0)*'Mark Up '!$C$2)),"X") -> 6056.82 | F94: =IFERROR(((VLOOKUP(B94,'Origem '!$A$1:$E$1910,5,0)*'Mark Up '!$C$2)),"X") -> 7678.44 | G94: =IFERROR(((VLOOKUP(B94,'Origem '!$A$1:$H$1910,6,0)*'Mark Up '!$C$2)),"X") -> 8061.9 | H94: =IFERROR(((VLOOKUP(B94,'Origem '!$A$1:$H$1910,7,0)*'Mark Up '!$C$2)),"X") -> 9092.16 | I94: =IFERROR(((VLOOKUP(B94,'Origem '!$A$1:$H$1910,8,0)*'Mark Up '!$C$2)),"X") -> 10662.96
B95: 11198-10 | C95: Mesa Centro Grecco TP. Vidro Fumê | D95: 0,51 Ø X 0,33 | E95: =IFERROR(((VLOOKUP(B95,'Origem '!$A$1:$D$1910,4,0)*'Mark Up '!$C$2)),"X") -> 3645.18 | F95: =IFERROR(((VLOOKUP(B95,'Origem '!$A$1:$E$1910,5,0)*'Mark Up '!$C$2)),"X") -> 3806.88 | G95: =IFERROR(((VLOOKUP(B95,'Origem '!$A$1:$H$1910,6,0)*'Mark Up '!$C$2)),"X") -> 3936.24 | H95: =IFERROR(((VLOOKUP(B95,'Origem '!$A$1:$H$1910,7,0)*'Mark Up '!$C$2)),"X") -> 3977.82 | I95: =IFERROR(((VLOOKUP(B95,'Origem '!$A$1:$H$1910,8,0)*'Mark Up '!$C$2)),"X") -> 4074.84
A96: HAVANA | B96: 4648-2 | C96: Mesa Lateral Havana (canto garrafa) | D96: 0,60 x 0,30 x 0,60 | E96: =IFERROR(((VLOOKUP(B96,'Origem '!$A$1:$D$1910,4,0)*'Mark Up '!$C$2)),"X") -> 3423.42 | F96: =IFERROR(((VLOOKUP(B96,'Origem '!$A$1:$E$1910,5,0)*'Mark Up '!$C$2)),"X") -> 3820.74 | G96: =IFERROR(((VLOOKUP(B96,'Origem '!$A$1:$H$1910,6,0)*'Mark Up '!$C$2)),"X") -> 4347.42 | H96: =IFERROR(((VLOOKUP(B96,'Origem '!$A$1:$H$1910,7,0)*'Mark Up '!$C$2)),"X") -> 4476.78 | I96: =IFERROR(((VLOOKUP(B96,'Origem '!$A$1:$H$1910,8,0)*'Mark Up '!$C$2)),"X") -> 4629.24
A97: ÍMOLA | B97: 11248-3 | C97: Mesa Lateral Imola, haste metal | D97: 0,30 Ø 0,49 | E97: =IFERROR(((VLOOKUP(B97,'Origem '!$A$1:$D$1910,4,0)*'Mark Up '!$C$2)),"X") -> 2818.2 | F97: =IFERROR(((VLOOKUP(B97,'Origem '!$A$1:$E$1910,5,0)*'Mark Up '!$C$2)),"X") -> 3021.48 | G97: =IFERROR(((VLOOKUP(B97,'Origem '!$A$1:$H$1910,6,0)*'Mark Up '!$C$2)),"X") -> 3409.56 | H97: =IFERROR(((VLOOKUP(B97,'Origem '!$A$1:$H$1910,7,0)*'Mark Up '!$C$2)),"X") -> 3469.62 | I97: =IFERROR(((VLOOKUP(B97,'Origem '!$A$1:$H$1910,8,0)*'Mark Up '!$C$2)),"X") -> 3525.06
B98: 11248-4 | C98: Mesa Lateral Imola, haste metal | D98: 0,30 Ø 0,54 | E98: =IFERROR(((VLOOKUP(B98,'Origem '!$A$1:$D$1910,4,0)*'Mark Up '!$C$2)),"X") -> 2938.32 | F98: =IFERROR(((VLOOKUP(B98,'Origem '!$A$1:$E$1910,5,0)*'Mark Up '!$C$2)),"X") -> 3076.92 | G98: =IFERROR(((VLOOKUP(B98,'Origem '!$A$1:$H$1910,6,0)*'Mark Up '!$C$2)),"X") -> 3409.56 | H98: =IFERROR(((VLOOKUP(B98,'Origem '!$A$1:$H$1910,7,0)*'Mark Up '!$C$2)),"X") -> 3501.96 | I98: =IFERROR(((VLOOKUP(B98,'Origem '!$A$1:$H$1910,8,0)*'Mark Up '!$C$2)),"X") -> 3571.26
B99: 11248-5 | C99: Mesa Lateral Imola, haste metal | D99: 0,30 Ø 0,61 | E99: =IFERROR(((VLOOKUP(B99,'Origem '!$A$1:$D$1910,4,0)*'Mark Up '!$C$2)),"X") -> 3026.1 | F99: =IFERROR(((VLOOKUP(B99,'Origem '!$A$1:$E$1910,5,0)*'Mark Up '!$C$2)),"X") -> 3164.7 | G99: =IFERROR(((VLOOKUP(B99,'Origem '!$A$1:$H$1910,6,0)*'Mark Up '!$C$2)),"X") -> 3497.34 | H99: =IFERROR(((VLOOKUP(B99,'Origem '!$A$1:$H$1910,7,0)*'Mark Up '!$C$2)),"X") -> 3594.36 | I99: =IFERROR(((VLOOKUP(B99,'Origem '!$A$1:$H$1910,8,0)*'Mark Up '!$C$2)),"X") -> 3654.42
A100: ITÁLIA | B100: 11701-0 | C100: Mesa lateral Itália | D100: 0,60 Ø 0,51 | E100: =IFERROR(((VLOOKUP(B100,'Origem '!$A$1:$D$1910,4,0)*'Mark Up '!$C$2)),"X") -> 5511.66 | F100: =IFERROR(((VLOOKUP(B100,'Origem '!$A$1:$E$1910,5,0)*'Mark Up '!$C$2)),"X") -> 6213.9 | G100: =IFERROR(((VLOOKUP(B100,'Origem '!$A$1:$H$1910,6,0)*'Mark Up '!$C$2)),"X") -> 6352.5 | H100: =IFERROR(((VLOOKUP(B100,'Origem '!$A$1:$H$1910,7,0)*'Mark Up '!$C$2)),"X") -> 6860.7 | I100: =IFERROR(((VLOOKUP(B100,'Origem '!$A$1:$H$1910,8,0)*'Mark Up '!$C$2)),"X") -> 7974.12
...

Sheet Mesas Jantar e Mesa Apoio
C1: MESAS DE JANTAR E MESAS DE APOIO | J1: AMBIENTADAS
A2: COLEÇÃO | B2: REF | C2: DESCRIÇÃO | D2: COMP X PROF X ALT | E2: Em caso de cores diferentes Base ou Tampo, utilizar preço de maior valor
E3: COLUNA 1 | F3: COLUNA 2 | G3: COLUNA 3 | H3: COLUNA 4 | I3: COLUNA 5
E4: LACA LISA BRAZIL ( COM OU SEM VIDRO PINTADO) | F4: - CARVALHO CLARO - CARVALHO NATURAL - CARVALHO LAVADO - CARV. EBANIZADO - IMBUIA CLARA * ACRESCENTAR 12% SE COM VIDRO PINTADO | G4: MESA COM TAMPO LACA LISA (COM OU SEM VIDRO PINTADO) E BASE EM: - CARVALHO CLARO - CARVALHO NATURAL - CARVALHO LAVADO - CARV. EBANIZADO - IMBUIA CLARA | H4: - NOGUEIRA - NOGUEIRA NATURAL - LOURO FREIJÓ - LACA METALIZADA BRAZIL - CARVALHO ÔNIX METALIZADO - CARVALHO N109 METALIZADO - CARVALHO ALBANIZADO - CARVALHO H155 FOSCO TAMPO COM OU SEM VIDRO - CONCRETO (SOMENTE SEM VIDRO) | I4: - PAU FERRO
A5: ALABAMA | B5: 9460-1 | C5: Mesa Jantar Alabama (canto garrafa) | D5: 1,40 x 1,40 x 0,76 | E5: =IFERROR(((VLOOKUP(B5,'Origem '!$A$1:$D$1688,4,0)*'Mark Up '!$C$2)),"X") -> 18198.18 | F5: =IFERROR(((VLOOKUP(B5,'Origem '!$A$1:$E$1688,5,0)*'Mark Up '!$C$2)),"X") -> 18868.08 | G5: =IFERROR(((VLOOKUP(B5,'Origem '!$A$1:$H$1688,6,0)*'Mark Up '!$C$2)),"X") -> 19833.66 | H5: =IFERROR(((VLOOKUP(B5,'Origem '!$A$1:$H$1688,7,0)*'Mark Up '!$C$2)),"X") -> 20706.84 | I5: =IFERROR(((VLOOKUP(B5,'Origem '!$A$1:$H$1688,8,0)*'Mark Up '!$C$2)),"X") -> X
B6: 9460-2 | C6: Mesa Jantar Alabama (canto garrafa) | D6: 1,50 x 1,50 x 0,76 | E6: =IFERROR(((VLOOKUP(B6,'Origem '!$A$1:$D$1688,4,0)*'Mark Up '!$C$2)),"X") -> 20032.32 | F6: =IFERROR(((VLOOKUP(B6,'Origem '!$A$1:$E$1688,5,0)*'Mark Up '!$C$2)),"X") -> 20734.56 | G6: =IFERROR(((VLOOKUP(B6,'Origem '!$A$1:$H$1688,6,0)*'Mark Up '!$C$2)),"X") -> 21556.92 | H6: =IFERROR(((VLOOKUP(B6,'Origem '!$A$1:$H$1688,7,0)*'Mark Up '!$C$2)),"X") -> 22430.1 | I6: =IFERROR(((VLOOKUP(B6,'Origem '!$A$1:$H$1688,8,0)*'Mark Up '!$C$2)),"X") -> X
B7: 9460-3 | C7: Mesa Jantar Alabama (canto garrafa) | D7: 1,60 x 1,60 x 0,76 | E7: =IFERROR(((VLOOKUP(B7,'Origem '!$A$1:$D$1688,4,0)*'Mark Up '!$C$2)),"X") -> 21871.08 | F7: =IFERROR(((VLOOKUP(B7,'Origem '!$A$1:$E$1688,5,0)*'Mark Up '!$C$2)),"X") -> 22647.24 | G7: =IFERROR(((VLOOKUP(B7,'Origem '!$A$1:$H$1688,6,0)*'Mark Up '!$C$2)),"X") -> 23589.72 | H7: =IFERROR(((VLOOKUP(B7,'Origem '!$A$1:$H$1688,7,0)*'Mark Up '!$C$2)),"X") -> 24735.48 | I7: =IFERROR(((VLOOKUP(B7,'Origem '!$A$1:$H$1688,8,0)*'Mark Up '!$C$2)),"X") -> X
B8: 9460-5 | C8: Mesa Jantar Alabama (canto garrafa) | D8: 1,60 x 0,90 x 0,76 | E8: =IFERROR(((VLOOKUP(B8,'Origem '!$A$1:$D$1688,4,0)*'Mark Up '!$C$2)),"X") -> 14511.42 | F8: =IFERROR(((VLOOKUP(B8,'Origem '!$A$1:$E$1688,5,0)*'Mark Up '!$C$2)),"X") -> 14987.28 | G8: =IFERROR(((VLOOKUP(B8,'Origem '!$A$1:$H$1688,6,0)*'Mark Up '!$C$2)),"X") -> 15943.62 | H8: =IFERROR(((VLOOKUP(B8,'Origem '!$A$1:$H$1688,7,0)*'Mark Up '!$C$2)),"X") -> 16696.68 | I8: =IFERROR(((VLOOKUP(B8,'Origem '!$A$1:$H$1688,8,0)*'Mark Up '!$C$2)),"X") -> X
B9: 9460-6 | C9: Mesa Jantar Alabama (canto garrafa) | D9: 1,80 x 1,00 x 0,76 | E9: =IFERROR(((VLOOKUP(B9,'Origem '!$A$1:$D$1688,4,0)*'Mark Up '!$C$2)),"X") -> 16040.64 | F9: =IFERROR(((VLOOKUP(B9,'Origem '!$A$1:$E$1688,5,0)*'Mark Up '!$C$2)),"X") -> 16539.6 | G9: =IFERROR(((VLOOKUP(B9,'Origem '!$A$1:$H$1688,6,0)*'Mark Up '!$C$2)),"X") -> 17597.58 | H9: =IFERROR(((VLOOKUP(B9,'Origem '!$A$1:$H$1688,7,0)*'Mark Up '!$C$2)),"X") -> 18553.92 | I9: =IFERROR(((VLOOKUP(B9,'Origem '!$A$1:$H$1688,8,0)*'Mark Up '!$C$2)),"X") -> X
B10: 9460-7 | C10: Mesa Jantar Alabama (canto garrafa) | D10: 2,00 x 1,00 x 0,76 | E10: =IFERROR(((VLOOKUP(B10,'Origem '!$A$1:$D$1688,4,0)*'Mark Up '!$C$2)),"X") -> 17126.34 | F10: =IFERROR(((VLOOKUP(B10,'Origem '!$A$1:$E$1688,5,0)*'Mark Up '!$C$2)),"X") -> 17657.64 | G10: =IFERROR(((VLOOKUP(B10,'Origem '!$A$1:$H$1688,6,0)*'Mark Up '!$C$2)),"X") -> 18780.3 | H10: =IFERROR(((VLOOKUP(B10,'Origem '!$A$1:$H$1688,7,0)*'Mark Up '!$C$2)),"X") -> 20120.1 | I10: =IFERROR(((VLOOKUP(B10,'Origem '!$A$1:$H$1688,8,0)*'Mark Up '!$C$2)),"X") -> X
B11: 9460-8 | C11: Mesa Jantar Alabama (canto garrafa) | D11: 2,20 x 1,10 x 0,76 | E11: =IFERROR(((VLOOKUP(B11,'Origem '!$A$1:$D$1688,4,0)*'Mark Up '!$C$2)),"X") -> 19297.74 | F11: =IFERROR(((VLOOKUP(B11,'Origem '!$A$1:$E$1688,5,0)*'Mark Up '!$C$2)),"X") -> 19574.94 | G11: =IFERROR(((VLOOKUP(B11,'Origem '!$A$1:$H$1688,6,0)*'Mark Up '!$C$2)),"X") -> 20822.34 | H11: =IFERROR(((VLOOKUP(B11,'Origem '!$A$1:$H$1688,7,0)*'Mark Up '!$C$2)),"X") -> 22494.78 | I11: =IFERROR(((VLOOKUP(B11,'Origem '!$A$1:$H$1688,8,0)*'Mark Up '!$C$2)),"X") -> X
B12: 9460-9 | C12: Mesa Jantar Alabama (canto garrafa) | D12: 2,40 x 1,10 x 0,76 | E12: =IFERROR(((VLOOKUP(B12,'Origem '!$A$1:$D$1688,4,0)*'Mark Up '!$C$2)),"X") -> 20692.98 | F12: =IFERROR(((VLOOKUP(B12,'Origem '!$A$1:$E$1688,5,0)*'Mark Up '!$C$2)),"X") -> 21108.78 | G12: =IFERROR(((VLOOKUP(B12,'Origem '!$A$1:$H$1688,6,0)*'Mark Up '!$C$2)),"X") -> 22453.2 | H12: =IFERROR(((VLOOKUP(B12,'Origem '!$A$1:$H$1688,7,0)*'Mark Up '!$C$2)),"X") -> 24735.48 | I12: =IFERROR(((VLOOKUP(B12,'Origem '!$A$1:$H$1688,8,0)*'Mark Up '!$C$2)),"X") -> X
B13: 9460-12 | C13: Mesa Jantar Alabama (canto garrafa) | D13: 2,70 x 1,20 x 0,76 | E13: =IFERROR(((VLOOKUP(B13,'Origem '!$A$1:$D$1688,4,0)*'Mark Up '!$C$2)),"X") -> 25659.48 | F13: =IFERROR(((VLOOKUP(B13,'Origem '!$A$1:$E$1688,5,0)*'Mark Up '!$C$2)),"X") -> 26089.14 | G13: =IFERROR(((VLOOKUP(B13,'Origem '!$A$1:$H$1688,6,0)*'Mark Up '!$C$2)),"X") -> 27992.58 | H13: =IFERROR(((VLOOKUP(B13,'Origem '!$A$1:$H$1688,7,0)*'Mark Up '!$C$2)),"X") -> 29397.06 | I13: =IFERROR(((VLOOKUP(B13,'Origem '!$A$1:$H$1688,8,0)*'Mark Up '!$C$2)),"X") -> X
B14: 9460-13 | C14: Mesa Jantar Alabama (canto garrafa) | D14: 3,00 x 1,20 x 0,76 | E14: =IFERROR(((VLOOKUP(B14,'Origem '!$A$1:$D$1688,4,0)*'Mark Up '!$C$2)),"X") -> 34779.36 | F14: =IFERROR(((VLOOKUP(B14,'Origem '!$A$1:$E$1688,5,0)*'Mark Up '!$C$2)),"X") -> 35920.5 | G14: =IFERROR(((VLOOKUP(B14,'Origem '!$A$1:$H$1688,6,0)*'Mark Up '!$C$2)),"X") -> 38207.4 | H14: =IFERROR(((VLOOKUP(B14,'Origem '!$A$1:$H$1688,7,0)*'Mark Up '!$C$2)),"X") -> 40623.66 | I14: =IFERROR(((VLOOKUP(B14,'Origem '!$A$1:$H$1688,8,0)*'Mark Up '!$C$2)),"X") -> X
B15: 9460-14 | C15: Mesa Jantar Alabama (canto garrafa) | D15: 3,20 x 1,20 x 0,76 | E15: =IFERROR(((VLOOKUP(B15,'Origem '!$A$1:$D$1688,4,0)*'Mark Up '!$C$2)),"X") -> 37010.82 | F15: =IFERROR(((VLOOKUP(B15,'Origem '!$A$1:$E$1688,5,0)*'Mark Up '!$C$2)),"X") -> 38415.3 | G15: =IFERROR(((VLOOKUP(B15,'Origem '!$A$1:$H$1688,6,0)*'Mark Up '!$C$2)),"X") -> 40863.9 | H15: =IFERROR(((VLOOKUP(B15,'Origem '!$A$1:$H$1688,7,0)*'Mark Up '!$C$2)),"X") -> 42776.58 | I15: =IFERROR(((VLOOKUP(B15,'Origem '!$A$1:$H$1688,8,0)*'Mark Up '!$C$2)),"X") -> X
A16: BARI | B16: 11400-6 | C16: Mesa Jantar Bari TP. (Canto Garrafa) | D16: 1,80 x 1,00 x 0,76 | E16: =IFERROR(((VLOOKUP(B16,'Origem '!$A$1:$D$1688,4,0)*'Mark Up '!$C$2)),"X") -> 18697.14 | F16: =IFERROR(((VLOOKUP(B16,'Origem '!$A$1:$E$1688,5,0)*'Mark Up '!$C$2)),"X") -> 18258.24 | G16: =IFERROR(((VLOOKUP(B16,'Origem '!$A$1:$H$1688,6,0)*'Mark Up '!$C$2)),"X") -> 19593.42 | H16: =IFERROR(((VLOOKUP(B16,'Origem '!$A$1:$H$1688,7,0)*'Mark Up '!$C$2)),"X") -> 19935.3 | I16: =IFERROR(((VLOOKUP(B16,'Origem '!$A$1:$H$1688,8,0)*'Mark Up '!$C$2)),"X") -> X
B17: 11400-7 | C17: Mesa Jantar Bari TP. (Canto Garrafa) | D17: 2,00 x 1,00 x 0,76 | E17: =IFERROR(((VLOOKUP(B17,'Origem '!$A$1:$D$1688,4,0)*'Mark Up '!$C$2)),"X") -> 19755.12 | F17: =IFERROR(((VLOOKUP(B17,'Origem '!$A$1:$E$1688,5,0)*'Mark Up '!$C$2)),"X") -> 19311.6 | G17: =IFERROR(((VLOOKUP(B17,'Origem '!$A$1:$H$1688,6,0)*'Mark Up '!$C$2)),"X") -> 20743.8 | H17: =IFERROR(((VLOOKUP(B17,'Origem '!$A$1:$H$1688,7,0)*'Mark Up '!$C$2)),"X") -> 21113.4 | I17: =IFERROR(((VLOOKUP(B17,'Origem '!$A$1:$H$1688,8,0)*'Mark Up '!$C$2)),"X") -> X
B18: 11400-8 | C18: Mesa Jantar Bari TP. (Canto Garrafa) | D18: 2,20 x 1,10 x 0,76 | E18: =IFERROR(((VLOOKUP(B18,'Origem '!$A$1:$D$1688,4,0)*'Mark Up '!$C$2)),"X") -> 22356.18 | F18: =IFERROR(((VLOOKUP(B18,'Origem '!$A$1:$E$1688,5,0)*'Mark Up '!$C$2)),"X") -> 21917.28 | G18: =IFERROR(((VLOOKUP(B18,'Origem '!$A$1:$H$1688,6,0)*'Mark Up '!$C$2)),"X") -> 23913.12 | H18: =IFERROR(((VLOOKUP(B18,'Origem '!$A$1:$H$1688,7,0)*'Mark Up '!$C$2)),"X") -> 24305.82 | I18: =IFERROR(((VLOOKUP(B18,'Origem '!$A$1:$H$1688,8,0)*'Mark Up '!$C$2)),"X") -> X
B19: 11400-9 | C19: Mesa Jantar Bari TP. (Canto Garrafa) | D19: 2,40 x 1,10 x 0,76 | E19: =IFERROR(((VLOOKUP(B19,'Origem '!$A$1:$D$1688,4,0)*'Mark Up '!$C$2)),"X") -> 23686.74 | F19: =IFERROR(((VLOOKUP(B19,'Origem '!$A$1:$E$1688,5,0)*'Mark Up '!$C$2)),"X") -> 23146.2 | G19: =IFERROR(((VLOOKUP(B19,'Origem '!$A$1:$H$1688,6,0)*'Mark Up '!$C$2)),"X") -> 25276.02 | H19: =IFERROR(((VLOOKUP(B19,'Origem '!$A$1:$H$1688,7,0)*'Mark Up '!$C$2)),"X") -> 25701.06 | I19: =IFERROR(((VLOOKUP(B19,'Origem '!$A$1:$H$1688,8,0)*'Mark Up '!$C$2)),"X") -> X
B20: 11400-12 | C20: Mesa Jantar Bari TP. (Canto Garrafa) | D20: 2,70 x 1,20 x 0,76 | E20: =IFERROR(((VLOOKUP(B20,'Origem '!$A$1:$D$1688,4,0)*'Mark Up '!$C$2)),"X") -> 27489 | F20: =IFERROR(((VLOOKUP(B20,'Origem '!$A$1:$E$1688,5,0)*'Mark Up '!$C$2)),"X") -> 26911.5 | G20: =IFERROR(((VLOOKUP(B20,'Origem '!$A$1:$H$1688,6,0)*'Mark Up '!$C$2)),"X") -> 29475.6 | H20: =IFERROR(((VLOOKUP(B20,'Origem '!$A$1:$H$1688,7,0)*'Mark Up '!$C$2)),"X") -> 29960.7 | I20: =IFERROR(((VLOOKUP(B20,'Origem '!$A$1:$H$1688,8,0)*'Mark Up '!$C$2)),"X") -> X
B21: 11400-13 | C21: Mesa Jantar Bari TP. (Canto Garrafa) | D21: 3,00 x 1,20 x 0,76 | E21: =IFERROR(((VLOOKUP(B21,'Origem '!$A$1:$D$1688,4,0)*'Mark Up '!$C$2)),"X") -> 32441.64 | F21: =IFERROR(((VLOOKUP(B21,'Origem '!$A$1:$E$1688,5,0)*'Mark Up '!$C$2)),"X") -> 34118.7 | G21: =IFERROR(((VLOOKUP(B21,'Origem '!$A$1:$H$1688,6,0)*'Mark Up '!$C$2)),"X") -> 35985.18 | H21: =IFERROR(((VLOOKUP(B21,'Origem '!$A$1:$H$1688,7,0)*'Mark Up '!$C$2)),"X") -> 36627.36 | I21: =IFERROR(((VLOOKUP(B21,'Origem '!$A$1:$H$1688,8,0)*'Mark Up '!$C$2)),"X") -> X
B22: 11400-14 | C22: Mesa Jantar Bari TP. (Canto Garrafa) | D22: 3,20 x 1,20 x 0,76 | E22: =IFERROR(((VLOOKUP(B22,'Origem '!$A$1:$D$1688,4,0)*'Mark Up '!$C$2)),"X") -> 33379.5 | F22: =IFERROR(((VLOOKUP(B22,'Origem '!$A$1:$E$1688,5,0)*'Mark Up '!$C$2)),"X") -> 35167.44 | G22: =IFERROR(((VLOOKUP(B22,'Origem '!$A$1:$H$1688,6,0)*'Mark Up '!$C$2)),"X") -> 37200.24 | H22: =IFERROR(((VLOOKUP(B22,'Origem '!$A$1:$H$1688,7,0)*'Mark Up '!$C$2)),"X") -> 37865.52 | I22: =IFERROR(((VLOOKUP(B22,'Origem '!$A$1:$H$1688,8,0)*'Mark Up '!$C$2)),"X") -> X
A23: BARCELONA | B23: 8078-2 | C23: Mesa Apoio Barcelona (tmp 15mm) | D23: 0,80 Ø 0,76 alt | E23: =IFERROR(((VLOOKUP(B23,'Origem '!$A$1:$D$1688,4,0)*'Mark Up '!$C$2)),"X") -> 6708.24 | F23: =IFERROR(((VLOOKUP(B23,'Origem '!$A$1:$E$1688,5,0)*'Mark Up '!$C$2)),"X") -> 7558.32 | G23: =IFERROR(((VLOOKUP(B23,'Origem '!$A$1:$H$1688,6,0)*'Mark Up '!$C$2)),"X") -> 8209.74 | H23: =IFERROR(((VLOOKUP(B23,'Origem '!$A$1:$H$1688,7,0)*'Mark Up '!$C$2)),"X") -> 9129.12 | I23: =IFERROR(((VLOOKUP(B23,'Origem '!$A$1:$H$1688,8,0)*'Mark Up '!$C$2)),"X") -> 9799.02
B24: 8078-3 | C24: Mesa Apoio Barcelona (tmp 15mm) | D24: 0,90 Ø 0,76 alt | E24: =IFERROR(((VLOOKUP(B24,'Origem '!$A$1:$D$1688,4,0)*'Mark Up '!$C$2)),"X") -> 7618.38 | F24: =IFERROR(((VLOOKUP(B24,'Origem '!$A$1:$E$1688,5,0)*'Mark Up '!$C$2)),"X") -> 8731.8 | G24: =IFERROR(((VLOOKUP(B24,'Origem '!$A$1:$H$1688,6,0)*'Mark Up '!$C$2)),"X") -> 9489.48 | H24: =IFERROR(((VLOOKUP(B24,'Origem '!$A$1:$H$1688,7,0)*'Mark Up '!$C$2)),"X") -> 10427.34 | I24: =IFERROR(((VLOOKUP(B24,'Origem '!$A$1:$H$1688,8,0)*'Mark Up '!$C$2)),"X") -> 10917.06
B25: 8078-4 | C25: Mesa Jantar Barcelona (tmp 25mm) | D25: 1,00 Ø 0,76 alt | E25: =IFERROR(((VLOOKUP(B25,'Origem '!$A$1:$D$1688,4,0)*'Mark Up '!$C$2)),"X") -> 9383.22 | F25: =IFERROR(((VLOOKUP(B25,'Origem '!$A$1:$E$1688,5,0)*'Mark Up '!$C$2)),"X") -> 10108.56 | G25: =IFERROR(((VLOOKUP(B25,'Origem '!$A$1:$H$1688,6,0)*'Mark Up '!$C$2)),"X") -> 10986.36 | H25: =IFERROR(((VLOOKUP(B25,'Origem '!$A$1:$H$1688,7,0)*'Mark Up '!$C$2)),"X") -> 12376.98 | I25: =IFERROR(((VLOOKUP(B25,'Origem '!$A$1:$H$1688,8,0)*'Mark Up '!$C$2)),"X") -> 12866.7
B26: 8078-0 | C26: Mesa Jantar Barcelona (tmp 25mm) | D26: 1,10 Ø 0,76 alt | E26: =IFERROR(((VLOOKUP(B26,'Origem '!$A$1:$D$1688,4,0)*'Mark Up '!$C$2)),"X") -> 10127.04 | F26: =IFERROR(((VLOOKUP(B26,'Origem '!$A$1:$E$1688,5,0)*'Mark Up '!$C$2)),"X") -> 11018.7 | G26: =IFERROR(((VLOOKUP(B26,'Origem '!$A$1:$H$1688,6,0)*'Mark Up '!$C$2)),"X") -> 11975.04 | H26: =IFERROR(((VLOOKUP(B26,'Origem '!$A$1:$H$1688,7,0)*'Mark Up '!$C$2)),"X") -> 13365.66 | I26: =IFERROR(((VLOOKUP(B26,'Origem '!$A$1:$H$1688,8,0)*'Mark Up '!$C$2)),"X") -> 13961.64
B27: 8078-1 | C27: Mesa Jantar Barcelona (tmp 25mm) | D27: 1,20 Ø 0,76 alt | E27: =IFERROR(((VLOOKUP(B27,'Origem '!$A$1:$D$1688,4,0)*'Mark Up '!$C$2)),"X") -> 10801.56 | F27: =IFERROR(((VLOOKUP(B27,'Origem '!$A$1:$E$1688,5,0)*'Mark Up '!$C$2)),"X") -> 11748.66 | G27: =IFERROR(((VLOOKUP(B27,'Origem '!$A$1:$H$1688,6,0)*'Mark Up '!$C$2)),"X") -> 12765.06 | H27: =IFERROR(((VLOOKUP(B27,'Origem '!$A$1:$H$1688,7,0)*'Mark Up '!$C$2)),"X") -> 14317.38 | I27: =IFERROR(((VLOOKUP(B27,'Origem '!$A$1:$H$1688,8,0)*'Mark Up '!$C$2)),"X") -> 14862.54
A28: BARCELONA | B28: 8072-0 | C28: Mesa Jantar Barcelona | D28: 1,35 Ø 0,76 alt | E28: =IFERROR(((VLOOKUP(B28,'Origem '!$A$1:$D$1688,4,0)*'Mark Up '!$C$2)),"X") -> 13929.3 | F28: =IFERROR(((VLOOKUP(B28,'Origem '!$A$1:$E$1688,5,0)*'Mark Up '!$C$2)),"X") -> 15301.44 | G28: =IFERROR(((VLOOKUP(B28,'Origem '!$A$1:$H$1688,6,0)*'Mark Up '!$C$2)),"X") -> 16585.8 | H28: =IFERROR(((VLOOKUP(B28,'Origem '!$A$1:$H$1688,7,0)*'Mark Up '!$C$2)),"X") -> 18142.74 | I28: =IFERROR(((VLOOKUP(B28,'Origem '!$A$1:$H$1688,8,0)*'Mark Up '!$C$2)),"X") -> 20679.12
B29: 8072-1 | C29: Mesa Jantar Barcelona | D29: 1,48 Ø 0,76 alt | E29: =IFERROR(((VLOOKUP(B29,'Origem '!$A$1:$D$1688,4,0)*'Mark Up '!$C$2)),"X") -> 15453.9 | F29: =IFERROR(((VLOOKUP(B29,'Origem '!$A$1:$E$1688,5,0)*'Mark Up '!$C$2)),"X") -> 17043.18 | G29: =IFERROR(((VLOOKUP(B29,'Origem '!$A$1:$H$1688,6,0)*'Mark Up '!$C$2)),"X") -> 18586.26 | H29: =IFERROR(((VLOOKUP(B29,'Origem '!$A$1:$H$1688,7,0)*'Mark Up '!$C$2)),"X") -> 19611.9 | I29: =IFERROR(((VLOOKUP(B29,'Origem '!$A$1:$H$1688,8,0)*'Mark Up '!$C$2)),"X") -> 22485.54
B30: 8072-2 | C30: Mesa Jantar Barcelona | D30: 1,60 Ø 0,76 alt | E30: =IFERROR(((VLOOKUP(B30,'Origem '!$A$1:$D$1688,4,0)*'Mark Up '!$C$2)),"X") -> 17043.18 | F30: =IFERROR(((VLOOKUP(B30,'Origem '!$A$1:$E$1688,5,0)*'Mark Up '!$C$2)),"X") -> 18068.82 | G30: =IFERROR(((VLOOKUP(B30,'Origem '!$A$1:$H$1688,6,0)*'Mark Up '!$C$2)),"X") -> 19593.42 | H30: =IFERROR(((VLOOKUP(B30,'Origem '!$A$1:$H$1688,7,0)*'Mark Up '!$C$2)),"X") -> 21561.54 | I30: =IFERROR(((VLOOKUP(B30,'Origem '!$A$1:$H$1688,8,0)*'Mark Up '!$C$2)),"X") -> 24740.1
B31: 8072-3 | C31: Mesa Jantar Barcelona | D31: 1,80 Ø 0,76 alt | E31: =IFERROR(((VLOOKUP(B31,'Origem '!$A$1:$D$1688,4,0)*'Mark Up '!$C$2)),"X") -> 22790.46 | F31: =IFERROR(((VLOOKUP(B31,'Origem '!$A$1:$E$1688,5,0)*'Mark Up '!$C$2)),"X") -> 24670.8 | G31: =IFERROR(((VLOOKUP(B31,'Origem '!$A$1:$H$1688,6,0)*'Mark Up '!$C$2)),"X") -> 26814.48 | H31: =IFERROR(((VLOOKUP(B31,'Origem '!$A$1:$H$1688,7,0)*'Mark Up '!$C$2)),"X") -> 30090.06 | I31: =IFERROR(((VLOOKUP(B31,'Origem '!$A$1:$H$1688,8,0)*'Mark Up '!$C$2)),"X") -> 34211.1
B32: 8072-4 | C32: Mesa Jantar Barcelona | D32: 2,00 Ø 0,76 alt | E32: =IFERROR(((VLOOKUP(B32,'Origem '!$A$1:$D$1688,4,0)*'Mark Up '!$C$2)),"X") -> 29198.4 | F32: =IFERROR(((VLOOKUP(B32,'Origem '!$A$1:$E$1688,5,0)*'Mark Up '!$C$2)),"X") -> 29919.12 | G32: =IFERROR(((VLOOKUP(B32,'Origem '!$A$1:$H$1688,6,0)*'Mark Up '!$C$2)),"X") -> 33864.6 | H32: =IFERROR(((VLOOKUP(B32,'Origem '!$A$1:$H$1688,7,0)*'Mark Up '!$C$2)),"X") -> 35675.64 | I32: =IFERROR(((VLOOKUP(B32,'Origem '!$A$1:$H$1688,8,0)*'Mark Up '!$C$2)),"X") -> 38479.98
A33: BARCELONA TP GIRATÓRIO | B33: 8072-20 | C33: Mesa Jantar Barcelona c/ Tp Giratório 0,70mt (VD só no Tp Giratório) | D33: 1,35 Ø 0,76 alt | E33: =IFERROR(((VLOOKUP(B33,'Origem '!$A$1:$D$1688,4,0)*'Mark Up '!$C$2)),"X") -> 20669.88 | F33: =IFERROR(((VLOOKUP(B33,'Origem '!$A$1:$E$1688,5,0)*'Mark Up '!$C$2)),"X") -> 24559.92 | G33: =IFERROR(((VLOOKUP(B33,'Origem '!$A$1:$H$1688,6,0)*'Mark Up '!$C$2)),"X") -> 26250.84 | H33: =IFERROR(((VLOOKUP(B33,'Origem '!$A$1:$H$1688,7,0)*'Mark Up '!$C$2)),"X") -> 26782.14 | I33: =IFERROR(((VLOOKUP(B33,'Origem '!$A$1:$H$1688,8,0)*'Mark Up '!$C$2)),"X") -> 30431.94
B34: 8072-21 | C34: Mesa Jantar Barcelona c/ Tp Giratório 0,70mt (VD só no Tp Giratório) | D34: 1,48 Ø 0,76 alt | E34: =IFERROR(((VLOOKUP(B34,'Origem '!$A$1:$D$1688,4,0)*'Mark Up '!$C$2)),"X") -> 21589.26 | F34: =IFERROR(((VLOOKUP(B34,'Origem '!$A$1:$E$1688,5,0)*'Mark Up '!$C$2)),"X") -> 26772.9 | G34: =IFERROR(((VLOOKUP(B34,'Origem '!$A$1:$H$1688,6,0)*'Mark Up '!$C$2)),"X") -> 28505.4 | H34: =IFERROR(((VLOOKUP(B34,'Origem '!$A$1:$H$1688,7,0)*'Mark Up '!$C$2)),"X") -> 29082.9 | I34: =IFERROR(((VLOOKUP(B34,'Origem '!$A$1:$H$1688,8,0)*'Mark Up '!$C$2)),"X") -> 32954.46
B35: 8072-22 | C35: Mesa Jantar Barcelona c/ Tp Giratório 0,80mt (VD só no Tp Giratório) | D35: 1,60 Ø 0,76 alt | E35: =IFERROR(((VLOOKUP(B35,'Origem '!$A$1:$D$1688,4,0)*'Mark Up '!$C$2)),"X") -> 23659.02 | F35: =IFERROR(((VLOOKUP(B35,'Origem '!$A$1:$E$1688,5,0)*'Mark Up '!$C$2)),"X") -> 27909.42 | G35: =IFERROR(((VLOOKUP(B35,'Origem '!$A$1:$H$1688,6,0)*'Mark Up '!$C$2)),"X") -> 29812.86 | H35: =IFERROR(((VLOOKUP(B35,'Origem '!$A$1:$H$1688,7,0)*'Mark Up '!$C$2)),"X") -> 30418.08 | I35: =IFERROR(((VLOOKUP(B35,'Origem '!$A$1:$H$1688,8,0)*'Mark Up '!$C$2)),"X") -> 35070.42
B36: 8072-23 | C36: Mesa Jantar Barcelona c/ Tp Giratório 0,90mt (VD só no Tp Giratório) | D36: 1,80 Ø 0,76 alt | E36: =IFERROR(((VLOOKUP(B36,'Origem '!$A$1:$D$1688,4,0)*'Mark Up '!$C$2)),"X") -> 26957.7 | F36: =IFERROR(((VLOOKUP(B36,'Origem '!$A$1:$E$1688,5,0)*'Mark Up '!$C$2)),"X") -> 34021.68 | G36: =IFERROR(((VLOOKUP(B36,'Origem '!$A$1:$H$1688,6,0)*'Mark Up '!$C$2)),"X") -> 36636.6 | H36: =IFERROR(((VLOOKUP(B36,'Origem '!$A$1:$H$1688,7,0)*'Mark Up '!$C$2)),"X") -> 37380.42 | I36: =IFERROR(((VLOOKUP(B36,'Origem '!$A$1:$H$1688,8,0)*'Mark Up '!$C$2)),"X") -> 43723.68
B37: 8072-24 | C37: Mesa Jantar Barcelona c/ Tp Giratório 0,90mt (VD só no Tp Giratório) | D37: 2,00 Ø 0,76 alt | E37: =IFERROR(((VLOOKUP(B37,'Origem '!$A$1:$D$1688,4,0)*'Mark Up '!$C$2)),"X") -> 31993.5 | F37: =IFERROR(((VLOOKUP(B37,'Origem '!$A$1:$E$1688,5,0)*'Mark Up '!$C$2)),"X") -> 40480.44 | G37: =IFERROR(((VLOOKUP(B37,'Origem '!$A$1:$H$1688,6,0)*'Mark Up '!$C$2)),"X") -> 44056.32 | H37: =IFERROR(((VLOOKUP(B37,'Origem '!$A$1:$H$1688,7,0)*'Mark Up '!$C$2)),"X") -> 44952.6 | I37: =IFERROR(((VLOOKUP(B37,'Origem '!$A$1:$H$1688,8,0)*'Mark Up '!$C$2)),"X") -> 52437
A38: BARCELONA | B38: 8096-0 | C38: Mesa Jantar Elíptica Barcelona | D38: 2,00 x 1,20 x 0,76 | E38: =IFERROR(((VLOOKUP(B38,'Origem '!$A$1:$D$1688,4,0)*'Mark Up '!$C$2)),"X") -> 21575.4 | F38: =IFERROR(((VLOOKUP(B38,'Origem '!$A$1:$E$1688,5,0)*'Mark Up '!$C$2)),"X") -> 23076.9 | G38: =IFERROR(((VLOOKUP(B38,'Origem '!$A$1:$H$1688,6,0)*'Mark Up '!$C$2)),"X") -> 25095.84 | H38: =IFERROR(((VLOOKUP(B38,'Origem '!$A$1:$H$1688,7,0)*'Mark Up '!$C$2)),"X") -> 26232.36 | I38: =IFERROR(((VLOOKUP(B38,'Origem '!$A$1:$H$1688,8,0)*'Mark Up '!$C$2)),"X") -> 28417.62
B39: 8096-1 | C39: Mesa Jantar Elíptica Barcelona | D39: 2,20 x 1,20 x 0,76 | E39: =IFERROR(((VLOOKUP(B39,'Origem '!$A$1:$D$1688,4,0)*'Mark Up '!$C$2)),"X") -> 24121.02 | F39: =IFERROR(((VLOOKUP(B39,'Origem '!$A$1:$E$1688,5,0)*'Mark Up '!$C$2)),"X") -> 24906.42 | G39: =IFERROR(((VLOOKUP(B39,'Origem '!$A$1:$H$1688,6,0)*'Mark Up '!$C$2)),"X") -> 26966.94 | H39: =IFERROR(((VLOOKUP(B39,'Origem '!$A$1:$H$1688,7,0)*'Mark Up '!$C$2)),"X") -> 29623.44 | I39: =IFERROR(((VLOOKUP(B39,'Origem '!$A$1:$H$1688,8,0)*'Mark Up '!$C$2)),"X") -> 31891.86
B40: 8096-2 | C40: Mesa Jantar Elíptica Barcelona | D40: 2,40 x 1,20 x 0,76 | E40: =IFERROR(((VLOOKUP(B40,'Origem '!$A$1:$D$1688,4,0)*'Mark Up '!$C$2)),"X") -> 25978.26 | F40: =IFERROR(((VLOOKUP(B40,'Origem '!$A$1:$E$1688,5,0)*'Mark Up '!$C$2)),"X") -> 26551.14 | G40: =IFERROR(((VLOOKUP(B40,'Origem '!$A$1:$H$1688,6,0)*'Mark Up '!$C$2)),"X") -> 29318.52 | H40: =IFERROR(((VLOOKUP(B40,'Origem '!$A$1:$H$1688,7,0)*'Mark Up '!$C$2)),"X") -> 32219.88 | I40: =IFERROR(((VLOOKUP(B40,'Origem '!$A$1:$H$1688,8,0)*'Mark Up '!$C$2)),"X") -> 36613.5
B41: 8096-12 | C41: Mesa Jantar Elíptica Barcelona | D41: 2,70 x 1,20 x 0,76 | E41: =IFERROR(((VLOOKUP(B41,'Origem '!$A$1:$D$1688,4,0)*'Mark Up '!$C$2)),"X") -> 29129.1 | F41: =IFERROR(((VLOOKUP(B41,'Origem '!$A$1:$E$1688,5,0)*'Mark Up '!$C$2)),"X") -> 30750.72 | G41: =IFERROR(((VLOOKUP(B41,'Origem '!$A$1:$H$1688,6,0)*'Mark Up '!$C$2)),"X") -> 34516.02 | H41: =IFERROR(((VLOOKUP(B41,'Origem '!$A$1:$H$1688,7,0)*'Mark Up '!$C$2)),"X") -> 35495.46 | I41: =IFERROR(((VLOOKUP(B41,'Origem '!$A$1:$H$1688,8,0)*'Mark Up '!$C$2)),"X") -> 37745.4
B42: 8096-13 | C42: Mesa Jantar Elíptica Barcelona | D42: 3,00 x 1,20 x 0,76 | E42: =IFERROR(((VLOOKUP(B42,'Origem '!$A$1:$D$1688,4,0)*'Mark Up '!$C$2)),"X") -> 35934.36 | F42: =IFERROR(((VLOOKUP(B42,'Origem '!$A$1:$E$1688,5,0)*'Mark Up '!$C$2)),"X") -> 37560.6 | G42: =IFERROR(((VLOOKUP(B42,'Origem '!$A$1:$H$1688,6,0)*'Mark Up '!$C$2)),"X") -> 40822.32 | H42: =IFERROR(((VLOOKUP(B42,'Origem '!$A$1:$H$1688,7,0)*'Mark Up '!$C$2)),"X") -> 44522.94 | I42: =IFERROR(((VLOOKUP(B42,'Origem '!$A$1:$H$1688,8,0)*'Mark Up '!$C$2)),"X") -> 47863.2
B43: 8096-14 | C43: Mesa Jantar Elíptica Barcelona | D43: 3,20 x 1,20 x 0,76 | E43: =IFERROR(((VLOOKUP(B43,'Origem '!$A$1:$D$1688,4,0)*'Mark Up '!$C$2)),"X") -> 38577 | F43: =IFERROR(((VLOOKUP(B43,'Origem '!$A$1:$E$1688,5,0)*'Mark Up '!$C$2)),"X") -> 40110.84 | G43: =IFERROR(((VLOOKUP(B43,'Origem '!$A$1:$H$1688,6,0)*'Mark Up '!$C$2)),"X") -> 43598.94 | H43: =IFERROR(((VLOOKUP(B43,'Origem '!$A$1:$H$1688,7,0)*'Mark Up '!$C$2)),"X") -> 47844.72 | I43: =IFERROR(((VLOOKUP(B43,'Origem '!$A$1:$H$1688,8,0)*'Mark Up '!$C$2)),"X") -> 53430.3
A44: BELIZE | B44: 10741-14 | C44: Mesa Jantar Belize | D44: 1,35 Ø 0,76 alt | E44: =IFERROR(((VLOOKUP(B44,'Origem '!$A$1:$D$1688,4,0)*'Mark Up '!$C$2)),"X") -> 19847.52 | F44: =IFERROR(((VLOOKUP(B44,'Origem '!$A$1:$E$1688,5,0)*'Mark Up '!$C$2)),"X") -> 21584.64 | G44: =IFERROR(((VLOOKUP(B44,'Origem '!$A$1:$H$1688,6,0)*'Mark Up '!$C$2)),"X") -> 23307.9 | H44: =IFERROR(((VLOOKUP(B44,'Origem '!$A$1:$H$1688,7,0)*'Mark Up '!$C$2)),"X") -> 23534.28 | I44: =IFERROR(((VLOOKUP(B44,'Origem '!$A$1:$H$1688,8,0)*'Mark Up '!$C$2)),"X") -> 24134.88
B45: 10741-18 | C45: Mesa Jantar Belize | D45: 1,48 Ø 0,76 alt | E45: =IFERROR(((VLOOKUP(B45,'Origem '!$A$1:$D$1688,4,0)*'Mark Up '!$C$2)),"X") -> 21898.8 | F45: =IFERROR(((VLOOKUP(B45,'Origem '!$A$1:$E$1688,5,0)*'Mark Up '!$C$2)),"X") -> 22337.7 | G45: =IFERROR(((VLOOKUP(B45,'Origem '!$A$1:$H$1688,6,0)*'Mark Up '!$C$2)),"X") -> 24125.64 | H45: =IFERROR(((VLOOKUP(B45,'Origem '!$A$1:$H$1688,7,0)*'Mark Up '!$C$2)),"X") -> 25252.92 | I45: =IFERROR(((VLOOKUP(B45,'Origem '!$A$1:$H$1688,8,0)*'Mark Up '!$C$2)),"X") -> 25867.38
B46: 10741-22 | C46: Mesa Jantar Belize | D46: 1,60 Ø 0,76 alt | E46: =IFERROR(((VLOOKUP(B46,'Origem '!$A$1:$D$1688,4,0)*'Mark Up '!$C$2)),"X") -> 24421.32 | F46: =IFERROR(((VLOOKUP(B46,'Origem '!$A$1:$E$1688,5,0)*'Mark Up '!$C$2)),"X") -> 25040.4 | G46: =IFERROR(((VLOOKUP(B46,'Origem '!$A$1:$H$1688,6,0)*'Mark Up '!$C$2)),"X") -> 27059.34 | H46: =IFERROR(((VLOOKUP(B46,'Origem '!$A$1:$H$1688,7,0)*'Mark Up '!$C$2)),"X") -> 27572.16 | I46: =IFERROR(((VLOOKUP(B46,'Origem '!$A$1:$H$1688,8,0)*'Mark Up '!$C$2)),"X") -> 28657.86
B47: 10741-24 | C47: Mesa Jantar Belize | D47: 1,80 Ø 0,76 alt | E47: =IFERROR(((VLOOKUP(B47,'Origem '!$A$1:$D$1688,4,0)*'Mark Up '!$C$2)),"X") -> 30441.18 | F47: =IFERROR(((VLOOKUP(B47,'Origem '!$A$1:$E$1688,5,0)*'Mark Up '!$C$2)),"X") -> 31254.3 | G47: =IFERROR(((VLOOKUP(B47,'Origem '!$A$1:$H$1688,6,0)*'Mark Up '!$C$2)),"X") -> 32940.6 | H47: =IFERROR(((VLOOKUP(B47,'Origem '!$A$1:$H$1688,7,0)*'Mark Up '!$C$2)),"X") -> 34201.86 | I47: =IFERROR(((VLOOKUP(B47,'Origem '!$A$1:$H$1688,8,0)*'Mark Up '!$C$2)),"X") -> 35190.54
B48: 10741-25 | C48: Mesa Jantar Belize | D48: 2,00 Ø 0,76 alt | E48: =IFERROR(((VLOOKUP(B48,'Origem '!$A$1:$D$1688,4,0)*'Mark Up '!$C$2)),"X") -> 37251.06 | F48: =IFERROR(((VLOOKUP(B48,'Origem '!$A$1:$E$1688,5,0)*'Mark Up '!$C$2)),"X") -> 37482.06 | G48: =IFERROR(((VLOOKUP(B48,'Origem '!$A$1:$H$1688,6,0)*'Mark Up '!$C$2)),"X") -> 39431.7 | H48: =IFERROR(((VLOOKUP(B48,'Origem '!$A$1:$H$1688,7,0)*'Mark Up '!$C$2)),"X") -> 40702.2 | I48: =IFERROR(((VLOOKUP(B48,'Origem '!$A$1:$H$1688,8,0)*'Mark Up '!$C$2)),"X") -> 41464.5
A49: BELIZE TP GIRATÓRIO | B49: 10741-0 | C49: Mesa Jantar Belize c/ Tp Giratório 0,70mt (VD só no Tp Giratório) | D49: 1,35 Ø 0,76 alt | E49: =IFERROR(((VLOOKUP(B49,'Origem '!$A$1:$D$1688,4,0)*'Mark Up '!$C$2)),"X") -> 27433.56 | F49: =IFERROR(((VLOOKUP(B49,'Origem '!$A$1:$E$1688,5,0)*'Mark Up '!$C$2)),"X") -> 31166.52 | G49: =IFERROR(((VLOOKUP(B49,'Origem '!$A$1:$H$1688,6,0)*'Mark Up '!$C$2)),"X") -> 31670.1 | H49: =IFERROR(((VLOOKUP(B49,'Origem '!$A$1:$H$1688,7,0)*'Mark Up '!$C$2)),"X") -> 32312.28 | I49: =IFERROR(((VLOOKUP(B49,'Origem '!$A$1:$H$1688,8,0)*'Mark Up '!$C$2)),"X") -> 33859.98
B50: 10741-1 | C50: Mesa Jantar Belize c/ Tp Giratório 0,70mt (VD só no Tp Giratório) | D50: 1,48 Ø 0,76 alt | E50: =IFERROR(((VLOOKUP(B50,'Origem '!$A$1:$D$1688,4,0)*'Mark Up '!$C$2)),"X") -> 28362.18 | F50: =IFERROR(((VLOOKUP(B50,'Origem '!$A$1:$E$1688,5,0)*'Mark Up '!$C$2)),"X") -> 33402.6 | G50: =IFERROR(((VLOOKUP(B50,'Origem '!$A$1:$H$1688,6,0)*'Mark Up '!$C$2)),"X") -> 33952.38 | H50: =IFERROR(((VLOOKUP(B50,'Origem '!$A$1:$H$1688,7,0)*'Mark Up '!$C$2)),"X") -> 34636.14 | I50: =IFERROR(((VLOOKUP(B50,'Origem '!$A$1:$H$1688,8,0)*'Mark Up '!$C$2)),"X") -> 36234.66
B51: 10741-2 | C51: Mesa Jantar Belize c/ Tp Giratório 0,80mt (VD só no Tp Giratório) | D51: 1,60 Ø 0,76 alt | E51: =IFERROR(((VLOOKUP(B51,'Origem '!$A$1:$D$1688,4,0)*'Mark Up '!$C$2)),"X") -> 30445.8 | F51: =IFERROR(((VLOOKUP(B51,'Origem '!$A$1:$E$1688,5,0)*'Mark Up '!$C$2)),"X") -> 34548.36 | G51: =IFERROR(((VLOOKUP(B51,'Origem '!$A$1:$H$1688,6,0)*'Mark Up '!$C$2)),"X") -> 35269.08 | H51: =IFERROR(((VLOOKUP(B51,'Origem '!$A$1:$H$1688,7,0)*'Mark Up '!$C$2)),"X") -> 35985.18 | I51: =IFERROR(((VLOOKUP(B51,'Origem '!$A$1:$H$1688,8,0)*'Mark Up '!$C$2)),"X") -> 38507.7
B52: 10741-3 | C52: Mesa Jantar Belize c/ Tp Giratório 0,90mt (VD só no Tp Giratório) | D52: 1,80 Ø 0,76 alt | E52: =IFERROR(((VLOOKUP(B52,'Origem '!$A$1:$D$1688,4,0)*'Mark Up '!$C$2)),"X") -> 34372.8 | F52: =IFERROR(((VLOOKUP(B52,'Origem '!$A$1:$E$1688,5,0)*'Mark Up '!$C$2)),"X") -> 39214.56 | G52: =IFERROR(((VLOOKUP(B52,'Origem '!$A$1:$H$1688,6,0)*'Mark Up '!$C$2)),"X") -> 40314.12 | H52: =IFERROR(((VLOOKUP(B52,'Origem '!$A$1:$H$1688,7,0)*'Mark Up '!$C$2)),"X") -> 41131.86 | I52: =IFERROR(((VLOOKUP(B52,'Origem '!$A$1:$H$1688,8,0)*'Mark Up '!$C$2)),"X") -> 44495.22
B53: 10741-4 | C53: Mesa Jantar Belize c/ Tp Giratório 0,90mt (VD só no Tp Giratório) | D53: 2,00 Ø 0,76 alt | E53: =IFERROR(((VLOOKUP(B53,'Origem '!$A$1:$D$1688,4,0)*'Mark Up '!$C$2)),"X") -> 39459.42 | F53: =IFERROR(((VLOOKUP(B53,'Origem '!$A$1:$E$1688,5,0)*'Mark Up '!$C$2)),"X") -> 45728.76 | G53: =IFERROR(((VLOOKUP(B53,'Origem '!$A$1:$H$1688,6,0)*'Mark Up '!$C$2)),"X") -> 47807.76 | H53: =IFERROR(((VLOOKUP(B53,'Origem '!$A$1:$H$1688,7,0)*'Mark Up '!$C$2)),"X") -> 48777.96 | I53: =IFERROR(((VLOOKUP(B53,'Origem '!$A$1:$H$1688,8,0)*'Mark Up '!$C$2)),"X") -> 53208.54
A54: BELMONTE | B54: 9188-5 | C54: Mesa Apoio Belmonte | D54: 0,80 Ø 0,76 alt | E54: =IFERROR(((VLOOKUP(B54,'Origem '!$A$1:$D$1688,4,0)*'Mark Up '!$C$2)),"X") -> 7452.06 | F54: =IFERROR(((VLOOKUP(B54,'Origem '!$A$1:$E$1688,5,0)*'Mark Up '!$C$2)),"X") -> 8399.16 | G54: =IFERROR(((VLOOKUP(B54,'Origem '!$A$1:$H$1688,6,0)*'Mark Up '!$C$2)),"X") -> 9124.5 | H54: =IFERROR(((VLOOKUP(B54,'Origem '!$A$1:$H$1688,7,0)*'Mark Up '!$C$2)),"X") -> 10145.52 | I54: =IFERROR(((VLOOKUP(B54,'Origem '!$A$1:$H$1688,8,0)*'Mark Up '!$C$2)),"X") -> 10778.46
B55: 9188-3 | C55: Mesa Apoio Belmonte | D55: 0,90 Ø 0,76 alt | E55: =IFERROR(((VLOOKUP(B55,'Origem '!$A$1:$D$1688,4,0)*'Mark Up '!$C$2)),"X") -> 8463.84 | F55: =IFERROR(((VLOOKUP(B55,'Origem '!$A$1:$E$1688,5,0)*'Mark Up '!$C$2)),"X") -> 9702 | G55: =IFERROR(((VLOOKUP(B55,'Origem '!$A$1:$H$1688,6,0)*'Mark Up '!$C$2)),"X") -> 10542.84 | H55: =IFERROR(((VLOOKUP(B55,'Origem '!$A$1:$H$1688,7,0)*'Mark Up '!$C$2)),"X") -> 11586.96 | I55: =IFERROR(((VLOOKUP(B55,'Origem '!$A$1:$H$1688,8,0)*'Mark Up '!$C$2)),"X") -> 12335.4
B56: 9188-4 | C56: Mesa Jantar Belmonte | D56: 1,00 Ø 0,76 alt | E56: =IFERROR(((VLOOKUP(B56,'Origem '!$A$1:$D$1688,4,0)*'Mark Up '!$C$2)),"X") -> 10422.72 | F56: =IFERROR(((VLOOKUP(B56,'Origem '!$A$1:$E$1688,5,0)*'Mark Up '!$C$2)),"X") -> 11231.22 | G56: =IFERROR(((VLOOKUP(B56,'Origem '!$A$1:$H$1688,6,0)*'Mark Up '!$C$2)),"X") -> 12206.04 | H56: =IFERROR(((VLOOKUP(B56,'Origem '!$A$1:$H$1688,7,0)*'Mark Up '!$C$2)),"X") -> 13753.74 | I56: =IFERROR(((VLOOKUP(B56,'Origem '!$A$1:$H$1688,8,0)*'Mark Up '!$C$2)),"X") -> 14331.24
B57: 9188-0 | C57: Mesa Jantar Belmonte | D57: 1,10 Ø 0,76 alt | E57: =IFERROR(((VLOOKUP(B57,'Origem '!$A$1:$D$1688,4,0)*'Mark Up '!$C$2)),"X") -> 11254.32 | F57: =IFERROR(((VLOOKUP(B57,'Origem '!$A$1:$E$1688,5,0)*'Mark Up '!$C$2)),"X") -> 12243 | G57: =IFERROR(((VLOOKUP(B57,'Origem '!$A$1:$H$1688,6,0)*'Mark Up '!$C$2)),"X") -> 13305.6 | H57: =IFERROR(((VLOOKUP(B57,'Origem '!$A$1:$H$1688,7,0)*'Mark Up '!$C$2)),"X") -> 14853.3 | I57: =IFERROR(((VLOOKUP(B57,'Origem '!$A$1:$H$1688,8,0)*'Mark Up '!$C$2)),"X") -> 15569.4
B58: 9188-1 | C58: Mesa Jantar Belmonte | D58: 1,20 Ø 0,76 alt | E58: =IFERROR(((VLOOKUP(B58,'Origem '!$A$1:$D$1688,4,0)*'Mark Up '!$C$2)),"X") -> 12002.76 | F58: =IFERROR(((VLOOKUP(B58,'Origem '!$A$1:$E$1688,5,0)*'Mark Up '!$C$2)),"X") -> 13051.5 | G58: =IFERROR(((VLOOKUP(B58,'Origem '!$A$1:$H$1688,6,0)*'Mark Up '!$C$2)),"X") -> 14183.4 | H58: =IFERROR(((VLOOKUP(B58,'Origem '!$A$1:$H$1688,7,0)*'Mark Up '!$C$2)),"X") -> 15911.28 | I58: =IFERROR(((VLOOKUP(B58,'Origem '!$A$1:$H$1688,8,0)*'Mark Up '!$C$2)),"X") -> 16867.62
B59: 9180-0 | C59: Mesa Jantar Belmonte | D59: 1,35 Ø 0,76 alt | E59: =IFERROR(((VLOOKUP(B59,'Origem '!$A$1:$D$1688,4,0)*'Mark Up '!$C$2)),"X") -> 15994.44 | F59: =IFERROR(((VLOOKUP(B59,'Origem '!$A$1:$E$1688,5,0)*'Mark Up '!$C$2)),"X") -> 17052.42 | G59: =IFERROR(((VLOOKUP(B59,'Origem '!$A$1:$H$1688,6,0)*'Mark Up '!$C$2)),"X") -> 18516.96 | H59: =IFERROR(((VLOOKUP(B59,'Origem '!$A$1:$H$1688,7,0)*'Mark Up '!$C$2)),"X") -> 20083.14 | I59: =IFERROR(((VLOOKUP(B59,'Origem '!$A$1:$H$1688,8,0)*'Mark Up '!$C$2)),"X") -> 22217.58
B60: 9180-1 | C60: Mesa Jantar Belmonte | D60: 1,48 Ø 0,76 alt | E60: =IFERROR(((VLOOKUP(B60,'Origem '!$A$1:$D$1688,4,0)*'Mark Up '!$C$2)),"X") -> 17352.72 | F60: =IFERROR(((VLOOKUP(B60,'Origem '!$A$1:$E$1688,5,0)*'Mark Up '!$C$2)),"X") -> 18891.18 | G60: =IFERROR(((VLOOKUP(B60,'Origem '!$A$1:$H$1688,6,0)*'Mark Up '!$C$2)),"X") -> 20512.8 | H60: =IFERROR(((VLOOKUP(B60,'Origem '!$A$1:$H$1688,7,0)*'Mark Up '!$C$2)),"X") -> 21547.68 | I60: =IFERROR(((VLOOKUP(B60,'Origem '!$A$1:$H$1688,8,0)*'Mark Up '!$C$2)),"X") -> 24024
B61: 9180-2 | C61: Mesa Jantar Belmonte | D61: 1,60 Ø 0,76 alt | E61: =IFERROR(((VLOOKUP(B61,'Origem '!$A$1:$D$1688,4,0)*'Mark Up '!$C$2)),"X") -> 18831.12 | F61: =IFERROR(((VLOOKUP(B61,'Origem '!$A$1:$E$1688,5,0)*'Mark Up '!$C$2)),"X") -> 19866 | G61: =IFERROR(((VLOOKUP(B61,'Origem '!$A$1:$H$1688,6,0)*'Mark Up '!$C$2)),"X") -> 21593.88 | H61: =IFERROR(((VLOOKUP(B61,'Origem '!$A$1:$H$1688,7,0)*'Mark Up '!$C$2)),"X") -> 23497.32 | I61: =IFERROR(((VLOOKUP(B61,'Origem '!$A$1:$H$1688,8,0)*'Mark Up '!$C$2)),"X") -> 26287.8
B62: 9180-3 | C62: Mesa Jantar Belmonte | D62: 1,80 Ø 0,76 alt | E62: =IFERROR(((VLOOKUP(B62,'Origem '!$A$1:$D$1688,4,0)*'Mark Up '!$C$2)),"X") -> 24546.06 | F62: =IFERROR(((VLOOKUP(B62,'Origem '!$A$1:$E$1688,5,0)*'Mark Up '!$C$2)),"X") -> 26297.04 | G62: =IFERROR(((VLOOKUP(B62,'Origem '!$A$1:$H$1688,6,0)*'Mark Up '!$C$2)),"X") -> 28597.8 | H62: =IFERROR(((VLOOKUP(B62,'Origem '!$A$1:$H$1688,7,0)*'Mark Up '!$C$2)),"X") -> 31813.32 | I62: =IFERROR(((VLOOKUP(B62,'Origem '!$A$1:$H$1688,8,0)*'Mark Up '!$C$2)),"X") -> 35952.84
B63: 9180-4 | C63: Mesa Jantar Belmonte | D63: 2,00 Ø 0,76 alt | E63: =IFERROR(((VLOOKUP(B63,'Origem '!$A$1:$D$1688,4,0)*'Mark Up '!$C$2)),"X") -> 31513.02 | F63: =IFERROR(((VLOOKUP(B63,'Origem '!$A$1:$E$1688,5,0)*'Mark Up '!$C$2)),"X") -> 32640.3 | G63: =IFERROR(((VLOOKUP(B63,'Origem '!$A$1:$H$1688,6,0)*'Mark Up '!$C$2)),"X") -> 36123.78 | H63: =IFERROR(((VLOOKUP(B63,'Origem '!$A$1:$H$1688,7,0)*'Mark Up '!$C$2)),"X") -> 38087.28 | I63: =IFERROR(((VLOOKUP(B63,'Origem '!$A$1:$H$1688,8,0)*'Mark Up '!$C$2)),"X") -> 41007.12
A64: BELMONTE TP GIRATÓRIO | B64: 9180-20 | C64: Mesa Jantar Belmonte c/ Tp Giratório 0,70mt (VD só no Tp Giratório) | D64: 1,35 Ø 0,76 alt | E64: =IFERROR(((VLOOKUP(B64,'Origem '!$A$1:$D$1688,4,0)*'Mark Up '!$C$2)),"X") -> 22212.96 | F64: =IFERROR(((VLOOKUP(B64,'Origem '!$A$1:$E$1688,5,0)*'Mark Up '!$C$2)),"X") -> 26329.38 | G64: =IFERROR(((VLOOKUP(B64,'Origem '!$A$1:$H$1688,6,0)*'Mark Up '!$C$2)),"X") -> 27784.68 | H64: =IFERROR(((VLOOKUP(B64,'Origem '!$A$1:$H$1688,7,0)*'Mark Up '!$C$2)),"X") -> 28348.32 | I64: =IFERROR(((VLOOKUP(B64,'Origem '!$A$1:$H$1688,8,0)*'Mark Up '!$C$2)),"X") -> 31734.78
B65: 9180-21 | C65: Mesa Jantar Belmonte c/ Tp Giratório 0,70mt (VD só no Tp Giratório) | D65: 1,48 Ø 0,76 alt | E65: =IFERROR(((VLOOKUP(B65,'Origem '!$A$1:$D$1688,4,0)*'Mark Up '!$C$2)),"X") -> 23132.34 | F65: =IFERROR(((VLOOKUP(B65,'Origem '!$A$1:$E$1688,5,0)*'Mark Up '!$C$2)),"X") -> 28551.6 | G65: =IFERROR(((VLOOKUP(B65,'Origem '!$A$1:$H$1688,6,0)*'Mark Up '!$C$2)),"X") -> 30043.86 | H65: =IFERROR(((VLOOKUP(B65,'Origem '!$A$1:$H$1688,7,0)*'Mark Up '!$C$2)),"X") -> 30653.7 | I65: =IFERROR(((VLOOKUP(B65,'Origem '!$A$1:$H$1688,8,0)*'Mark Up '!$C$2)),"X") -> 34252.68
B66: 9180-22 | C66: Mesa Jantar Belmonte c/ Tp Giratório 0,80mt (VD só no Tp Giratório) | D66: 1,60 Ø 0,76 alt | E66: =IFERROR(((VLOOKUP(B66,'Origem '!$A$1:$D$1688,4,0)*'Mark Up '!$C$2)),"X") -> 25192.86 | F66: =IFERROR(((VLOOKUP(B66,'Origem '!$A$1:$E$1688,5,0)*'Mark Up '!$C$2)),"X") -> 29688.12 | G66: =IFERROR(((VLOOKUP(B66,'Origem '!$A$1:$H$1688,6,0)*'Mark Up '!$C$2)),"X") -> 31342.08 | H66: =IFERROR(((VLOOKUP(B66,'Origem '!$A$1:$H$1688,7,0)*'Mark Up '!$C$2)),"X") -> 31984.26 | I66: =IFERROR(((VLOOKUP(B66,'Origem '!$A$1:$H$1688,8,0)*'Mark Up '!$C$2)),"X") -> 36382.5
B67: 9180-23 | C67: Mesa Jantar Belmonte c/ Tp Giratório 0,90mt (VD só no Tp Giratório) | D67: 1,80 Ø 0,76 alt | E67: =IFERROR(((VLOOKUP(B67,'Origem '!$A$1:$D$1688,4,0)*'Mark Up '!$C$2)),"X") -> 28315.98 | F67: =IFERROR(((VLOOKUP(B67,'Origem '!$A$1:$E$1688,5,0)*'Mark Up '!$C$2)),"X") -> 34931.82 | G67: =IFERROR(((VLOOKUP(B67,'Origem '!$A$1:$H$1688,6,0)*'Mark Up '!$C$2)),"X") -> 37662.24 | H67: =IFERROR(((VLOOKUP(B67,'Origem '!$A$1:$H$1688,7,0)*'Mark Up '!$C$2)),"X") -> 38429.16 | I67: =IFERROR(((VLOOKUP(B67,'Origem '!$A$1:$H$1688,8,0)*'Mark Up '!$C$2)),"X") -> 45058.86
B68: 9180-24 | C68: Mesa Jantar Belmonte c/ Tp Giratório 0,90mt (VD só no Tp Giratório) | D68: 2,00 Ø 0,76 alt | E68: =IFERROR(((VLOOKUP(B68,'Origem '!$A$1:$D$1688,4,0)*'Mark Up '!$C$2)),"X") -> 33347.16 | F68: =IFERROR(((VLOOKUP(B68,'Origem '!$A$1:$E$1688,5,0)*'Mark Up '!$C$2)),"X") -> 41390.58 | G68: =IFERROR(((VLOOKUP(B68,'Origem '!$A$1:$H$1688,6,0)*'Mark Up '!$C$2)),"X") -> 45077.34 | H68: =IFERROR(((VLOOKUP(B68,'Origem '!$A$1:$H$1688,7,0)*'Mark Up '!$C$2)),"X") -> 45996.72 | I68: =IFERROR(((VLOOKUP(B68,'Origem '!$A$1:$H$1688,8,0)*'Mark Up '!$C$2)),"X") -> 53767.56
A69: BELMONTE | B69: 11140-1 | C69: Mesa Bistrô Belmonte | D69: 0,80 Ø 1,00 alt | E69: =IFERROR(((VLOOKUP(B69,'Origem '!$A$1:$D$1688,4,0)*'Mark Up '!$C$2)),"X") -> 9794.4 | F69: =IFERROR(((VLOOKUP(B69,'Origem '!$A$1:$E$1688,5,0)*'Mark Up '!$C$2)),"X") -> 10732.26 | G69: =IFERROR(((VLOOKUP(B69,'Origem '!$A$1:$H$1688,6,0)*'Mark Up '!$C$2)),"X") -> 11660.88 | H69: =IFERROR(((VLOOKUP(B69,'Origem '!$A$1:$H$1688,7,0)*'Mark Up '!$C$2)),"X") -> 12340.02 | I69: =IFERROR(((VLOOKUP(B69,'Origem '!$A$1:$H$1688,8,0)*'Mark Up '!$C$2)),"X") -> 12838.98
B70: 11140-2 | C70: Mesa Bistrô Belmonte | D70: 0,90 Ø 1,00 alt | E70: =IFERROR(((VLOOKUP(B70,'Origem '!$A$1:$D$1688,4,0)*'Mark Up '!$C$2)),"X") -> 10307.22 | F70: =IFERROR(((VLOOKUP(B70,'Origem '!$A$1:$E$1688,5,0)*'Mark Up '!$C$2)),"X") -> 11231.22 | G70: =IFERROR(((VLOOKUP(B70,'Origem '!$A$1:$H$1688,6,0)*'Mark Up '!$C$2)),"X") -> 12206.04 | H70: =IFERROR(((VLOOKUP(B70,'Origem '!$A$1:$H$1688,7,0)*'Mark Up '!$C$2)),"X") -> 13069.98 | I70: =IFERROR(((VLOOKUP(B70,'Origem '!$A$1:$H$1688,8,0)*'Mark Up '!$C$2)),"X") -> 13610.52
A71: BELMONTE | B71: 9180-5 | C71: Mesa Jantar Belmonte (base e tampo elíptico) | D71: 2,00 x 1,20 x 0,76 | E71: =IFERROR(((VLOOKUP(B71,'Origem '!$A$1:$D$1688,4,0)*'Mark Up '!$C$2)),"X") -> 24453.66 | F71: =IFERROR(((VLOOKUP(B71,'Origem '!$A$1:$E$1688,5,0)*'Mark Up '!$C$2)),"X") -> 26052.18 | G71: =IFERROR(((VLOOKUP(B71,'Origem '!$A$1:$H$1688,6,0)*'Mark Up '!$C$2)),"X") -> 28311.36 | H71: =IFERROR(((VLOOKUP(B71,'Origem '!$A$1:$H$1688,7,0)*'Mark Up '!$C$2)),"X") -> 29540.28 | I71: =IFERROR(((VLOOKUP(B71,'Origem '!$A$1:$H$1688,8,0)*'Mark Up '!$C$2)),"X") -> 32358.48
B72: 9180-8 | C72: Mesa Jantar Belmonte (base e tampo elíptico) | D72: 2,20 x 1,20 x 0,76 | E72: =IFERROR(((VLOOKUP(B72,'Origem '!$A$1:$D$1688,4,0)*'Mark Up '!$C$2)),"X") -> 27562.92 | F72: =IFERROR(((VLOOKUP(B72,'Origem '!$A$1:$E$1688,5,0)*'Mark Up '!$C$2)),"X") -> 28597.8 | G72: =IFERROR(((VLOOKUP(B72,'Origem '!$A$1:$H$1688,6,0)*'Mark Up '!$C$2)),"X") -> 31083.36 | H72: =IFERROR(((VLOOKUP(B72,'Origem '!$A$1:$H$1688,7,0)*'Mark Up '!$C$2)),"X") -> 33023.76 | I72: =IFERROR(((VLOOKUP(B72,'Origem '!$A$1:$H$1688,8,0)*'Mark Up '!$C$2)),"X") -> 35902.02
B73: 9180-9 | C73: Mesa Jantar Belmonte (base e tampo elíptico) | D73: 2,40 x 1,20 x 0,76 | E73: =IFERROR(((VLOOKUP(B73,'Origem '!$A$1:$D$1688,4,0)*'Mark Up '!$C$2)),"X") -> 29360.1 | F73: =IFERROR(((VLOOKUP(B73,'Origem '!$A$1:$E$1688,5,0)*'Mark Up '!$C$2)),"X") -> 31328.22 | G73: =IFERROR(((VLOOKUP(B73,'Origem '!$A$1:$H$1688,6,0)*'Mark Up '!$C$2)),"X") -> 34049.4 | H73: =IFERROR(((VLOOKUP(B73,'Origem '!$A$1:$H$1688,7,0)*'Mark Up '!$C$2)),"X") -> 35426.16 | I73: =IFERROR(((VLOOKUP(B73,'Origem '!$A$1:$H$1688,8,0)*'Mark Up '!$C$2)),"X") -> 39939.9
B74: 9180-12 | C74: Mesa Jantar Belmonte (base e tampo elíptico) | D74: 2,70 x 1,20 x 0,76 | E74: =IFERROR(((VLOOKUP(B74,'Origem '!$A$1:$D$1688,4,0)*'Mark Up '!$C$2)),"X") -> 32903.64 | F74: =IFERROR(((VLOOKUP(B74,'Origem '!$A$1:$E$1688,5,0)*'Mark Up '!$C$2)),"X") -> 34386.66 | G74: =IFERROR(((VLOOKUP(B74,'Origem '!$A$1:$H$1688,6,0)*'Mark Up '!$C$2)),"X") -> 37371.18 | H74: =IFERROR(((VLOOKUP(B74,'Origem '!$A$1:$H$1688,7,0)*'Mark Up '!$C$2)),"X") -> 38974.32 | I74: =IFERROR(((VLOOKUP(B74,'Origem '!$A$1:$H$1688,8,0)*'Mark Up '!$C$2)),"X") -> 42162.12
B75: 9180-13 | C75: Mesa Jantar Belmonte (base e tampo elíptico) | D75: 3,00 x 1,20 x 0,76 | E75: =IFERROR(((VLOOKUP(B75,'Origem '!$A$1:$D$1688,4,0)*'Mark Up '!$C$2)),"X") -> 38438.4 | F75: =IFERROR(((VLOOKUP(B75,'Origem '!$A$1:$E$1688,5,0)*'Mark Up '!$C$2)),"X") -> 41783.28 | G75: =IFERROR(((VLOOKUP(B75,'Origem '!$A$1:$H$1688,6,0)*'Mark Up '!$C$2)),"X") -> 45414.6 | H75: =IFERROR(((VLOOKUP(B75,'Origem '!$A$1:$H$1688,7,0)*'Mark Up '!$C$2)),"X") -> 48057.24 | I75: =IFERROR(((VLOOKUP(B75,'Origem '!$A$1:$H$1688,8,0)*'Mark Up '!$C$2)),"X") -> 54331.2
B76: 9180-14 | C76: Mesa Jantar Belmonte (base e tampo elíptico) | D76: 3,20 x 1,20 x 0,76 | E76: =IFERROR(((VLOOKUP(B76,'Origem '!$A$1:$D$1688,4,0)*'Mark Up '!$C$2)),"X") -> 40055.4 | F76: =IFERROR(((VLOOKUP(B76,'Origem '!$A$1:$E$1688,5,0)*'Mark Up '!$C$2)),"X") -> 43132.32 | G76: =IFERROR(((VLOOKUP(B76,'Origem '!$A$1:$H$1688,6,0)*'Mark Up '!$C$2)),"X") -> 46879.14 | H76: =IFERROR(((VLOOKUP(B76,'Origem '!$A$1:$H$1688,7,0)*'Mark Up '!$C$2)),"X") -> 50376.48 | I76: =IFERROR(((VLOOKUP(B76,'Origem '!$A$1:$H$1688,8,0)*'Mark Up '!$C$2)),"X") -> 56151.48
A77: BIONDO | B77: 11250-14 | C77: Mesa Jantar Biondo (Tampo Orgânico) | D77: 1,35 Ø 0,76 alt | E77: =IFERROR(((VLOOKUP(B77,'Origem '!$A$1:$D$1688,4,0)*'Mark Up '!$C$2)),"X") -> 16364.04 | F77: =IFERROR(((VLOOKUP(B77,'Origem '!$A$1:$E$1688,5,0)*'Mark Up '!$C$2)),"X") -> 16756.74 | G77: =IFERROR(((VLOOKUP(B77,'Origem '!$A$1:$H$1688,6,0)*'Mark Up '!$C$2)),"X") -> 18212.04 | H77: =IFERROR(((VLOOKUP(B77,'Origem '!$A$1:$H$1688,7,0)*'Mark Up '!$C$2)),"X") -> 19699.68 | I77: =IFERROR(((VLOOKUP(B77,'Origem '!$A$1:$H$1688,8,0)*'Mark Up '!$C$2)),"X") -> 22102.08
B78: 11250-18 | C78: Mesa Jantar Biondo (Tampo Orgânico) | D78: 1,48 Ø 0,76 alt | E78: =IFERROR(((VLOOKUP(B78,'Origem '!$A$1:$D$1688,4,0)*'Mark Up '!$C$2)),"X") -> 18179.7 | F78: =IFERROR(((VLOOKUP(B78,'Origem '!$A$1:$E$1688,5,0)*'Mark Up '!$C$2)),"X") -> 18701.76 | G78: =IFERROR(((VLOOKUP(B78,'Origem '!$A$1:$H$1688,6,0)*'Mark Up '!$C$2)),"X") -> 20323.38 | H78: =IFERROR(((VLOOKUP(B78,'Origem '!$A$1:$H$1688,7,0)*'Mark Up '!$C$2)),"X") -> 21981.96 | I78: =IFERROR(((VLOOKUP(B78,'Origem '!$A$1:$H$1688,8,0)*'Mark Up '!$C$2)),"X") -> 24633.84
B79: 11250-22 | C79: Mesa Jantar Biondo (Tampo Orgânico) | D79: 1,60 Ø 0,76 alt | E79: =IFERROR(((VLOOKUP(B79,'Origem '!$A$1:$D$1688,4,0)*'Mark Up '!$C$2)),"X") -> 19810.56 | F79: =IFERROR(((VLOOKUP(B79,'Origem '!$A$1:$E$1688,5,0)*'Mark Up '!$C$2)),"X") -> 20498.94 | G79: =IFERROR(((VLOOKUP(B79,'Origem '!$A$1:$H$1688,6,0)*'Mark Up '!$C$2)),"X") -> 22277.64 | H79: =IFERROR(((VLOOKUP(B79,'Origem '!$A$1:$H$1688,7,0)*'Mark Up '!$C$2)),"X") -> 23377.2 | I79: =IFERROR(((VLOOKUP(B79,'Origem '!$A$1:$H$1688,8,0)*'Mark Up '!$C$2)),"X") -> 26403.3
B80: 11250-24 | C80: Mesa Jantar Biondo (Tampo Orgânico) | D80: 1,80 Ø 0,76 alt | E80: =IFERROR(((VLOOKUP(B80,'Origem '!$A$1:$D$1688,4,0)*'Mark Up '!$C$2)),"X") -> 25738.02 | F80: =IFERROR(((VLOOKUP(B80,'Origem '!$A$1:$E$1688,5,0)*'Mark Up '!$C$2)),"X") -> 26227.74 | G80: =IFERROR(((VLOOKUP(B80,'Origem '!$A$1:$H$1688,6,0)*'Mark Up '!$C$2)),"X") -> 28482.3 | H80: =IFERROR(((VLOOKUP(B80,'Origem '!$A$1:$H$1688,7,0)*'Mark Up '!$C$2)),"X") -> 30177.84 | I80: =IFERROR(((VLOOKUP(B80,'Origem '!$A$1:$H$1688,8,0)*'Mark Up '!$C$2)),"X") -> 33883.08
B81: 11250-25 | C81: Mesa Jantar Biondo (Tampo Orgânico) | D81: 2,00 Ø 0,76 alt | E81: =IFERROR(((VLOOKUP(B81,'Origem '!$A$1:$D$1688,4,0)*'Mark Up '!$C$2)),"X") -> 32159.82 | F81: =IFERROR(((VLOOKUP(B81,'Origem '!$A$1:$E$1688,5,0)*'Mark Up '!$C$2)),"X") -> 29447.88 | G81: =IFERROR(((VLOOKUP(B81,'Origem '!$A$1:$H$1688,6,0)*'Mark Up '!$C$2)),"X") -> 33337.92 | H81: =IFERROR(((VLOOKUP(B81,'Origem '!$A$1:$H$1688,7,0)*'Mark Up '!$C$2)),"X") -> 37186.38 | I81: =IFERROR(((VLOOKUP(B81,'Origem '!$A$1:$H$1688,8,0)*'Mark Up '!$C$2)),"X") -> 39260.76
A82: BOLOGNA | B82: 10200-72 | C82: Mesa Jantar Bologna Tp Garrafa | D82: 1,80 x 1,00 x 0,76 | E82: =IFERROR(((VLOOKUP(B82,'Origem '!$A$1:$D$1688,4,0)*'Mark Up '!$C$2)),"X") -> 16946.16 | F82: =IFERROR(((VLOOKUP(B82,'Origem '!$A$1:$E$1688,5,0)*'Mark Up '!$C$2)),"X") -> 18382.98 | G82: =IFERROR(((VLOOKUP(B82,'Origem '!$A$1:$H$1688,6,0)*'Mark Up '!$C$2)),"X") -> 19976.88 | H82: =IFERROR(((VLOOKUP(B82,'Origem '!$A$1:$H$1688,7,0)*'Mark Up '!$C$2)),"X") -> 21487.62 | I82: =IFERROR(((VLOOKUP(B82,'Origem '!$A$1:$H$1688,8,0)*'Mark Up '!$C$2)),"X") -> 24864.84
B83: 10200-76 | C83: Mesa Jantar Bologna Tp Garrafa | D83: 2,00 x 1,00 x 0,76 | E83: =IFERROR(((VLOOKUP(B83,'Origem '!$A$1:$D$1688,4,0)*'Mark Up '!$C$2)),"X") -> 17699.22 | F83: =IFERROR(((VLOOKUP(B83,'Origem '!$A$1:$E$1688,5,0)*'Mark Up '!$C$2)),"X") -> 19186.86 | G83: =IFERROR(((VLOOKUP(B83,'Origem '!$A$1:$H$1688,6,0)*'Mark Up '!$C$2)),"X") -> 20854.68 | H83: =IFERROR(((VLOOKUP(B83,'Origem '!$A$1:$H$1688,7,0)*'Mark Up '!$C$2)),"X") -> 23612.82 | I83: =IFERROR(((VLOOKUP(B83,'Origem '!$A$1:$H$1688,8,0)*'Mark Up '!$C$2)),"X") -> 26163.06
B84: 10200-82 | C84: Mesa Jantar Bologna Tp Garrafa | D84: 2,20 x 1,10 x 0,76 | E84: =IFERROR(((VLOOKUP(B84,'Origem '!$A$1:$D$1688,4,0)*'Mark Up '!$C$2)),"X") -> 19671.96 | F84: =IFERROR(((VLOOKUP(B84,'Origem '!$A$1:$E$1688,5,0)*'Mark Up '!$C$2)),"X") -> 21630.84 | G84: =IFERROR(((VLOOKUP(B84,'Origem '!$A$1:$H$1688,6,0)*'Mark Up '!$C$2)),"X") -> 23506.56 | H84: =IFERROR(((VLOOKUP(B84,'Origem '!$A$1:$H$1688,7,0)*'Mark Up '!$C$2)),"X") -> 24522.96 | I84: =IFERROR(((VLOOKUP(B84,'Origem '!$A$1:$H$1688,8,0)*'Mark Up '!$C$2)),"X") -> 28343.7
B85: 10200-88 | C85: Mesa Jantar Bologna Tp Garrafa | D85: 2,40 x 1,10 x 0,76 | E85: =IFERROR(((VLOOKUP(B85,'Origem '!$A$1:$D$1688,4,0)*'Mark Up '!$C$2)),"X") -> 20568.24 | F85: =IFERROR(((VLOOKUP(B85,'Origem '!$A$1:$E$1688,5,0)*'Mark Up '!$C$2)),"X") -> 22203.72 | G85: =IFERROR(((VLOOKUP(B85,'Origem '!$A$1:$H$1688,6,0)*'Mark Up '!$C$2)),"X") -> 24130.26 | H85: =IFERROR(((VLOOKUP(B85,'Origem '!$A$1:$H$1688,7,0)*'Mark Up '!$C$2)),"X") -> 25576.32 | I85: =IFERROR(((VLOOKUP(B85,'Origem '!$A$1:$H$1688,8,0)*'Mark Up '!$C$2)),"X") -> 29106
B86: 10200-94 | C86: Mesa Jantar Bologna Tp Garrafa | D86: 2,70 x 1,20 x 0,76 | E86: =IFERROR(((VLOOKUP(B86,'Origem '!$A$1:$D$1688,4,0)*'Mark Up '!$C$2)),"X") -> 23455.74 | F86: =IFERROR(((VLOOKUP(B86,'Origem '!$A$1:$E$1688,5,0)*'Mark Up '!$C$2)),"X") -> 24971.1 | G86: =IFERROR(((VLOOKUP(B86,'Origem '!$A$1:$H$1688,6,0)*'Mark Up '!$C$2)),"X") -> 27137.88 | H86: =IFERROR(((VLOOKUP(B86,'Origem '!$A$1:$H$1688,7,0)*'Mark Up '!$C$2)),"X") -> 28948.92 | I86: =IFERROR(((VLOOKUP(B86,'Origem '!$A$1:$H$1688,8,0)*'Mark Up '!$C$2)),"X") -> 32723.46
B87: 10200-96 | C87: Mesa Jantar Bologna Tp Garrafa | D87: 3,00 x 1,20 x 0,76 | E87: =IFERROR(((VLOOKUP(B87,'Origem '!$A$1:$D$1688,4,0)*'Mark Up '!$C$2)),"X") -> 29193.78 | F87: =IFERROR(((VLOOKUP(B87,'Origem '!$A$1:$E$1688,5,0)*'Mark Up '!$C$2)),"X") -> 31998.12 | G87: =IFERROR(((VLOOKUP(B87,'Origem '!$A$1:$H$1688,6,0)*'Mark Up '!$C$2)),"X") -> 34779.36 | H87: =IFERROR(((VLOOKUP(B87,'Origem '!$A$1:$H$1688,7,0)*'Mark Up '!$C$2)),"X") -> 36789.06 | I87: =IFERROR(((VLOOKUP(B87,'Origem '!$A$1:$H$1688,8,0)*'Mark Up '!$C$2)),"X") -> 41168.82
B88: 10200-98 | C88: Mesa Jantar Bologna Tp Garrafa | D88: 3,20 x 1,20 x 0,76 | E88: =IFERROR(((VLOOKUP(B88,'Origem '!$A$1:$D$1688,4,0)*'Mark Up '!$C$2)),"X") -> 30639.84 | F88: =IFERROR(((VLOOKUP(B88,'Origem '!$A$1:$E$1688,5,0)*'Mark Up '!$C$2)),"X") -> 32723.46 | G88: =IFERROR(((VLOOKUP(B88,'Origem '!$A$1:$H$1688,6,0)*'Mark Up '!$C$2)),"X") -> 35564.76 | H88: =IFERROR(((VLOOKUP(B88,'Origem '!$A$1:$H$1688,7,0)*'Mark Up '!$C$2)),"X") -> 37731.54 | I88: =IFERROR(((VLOOKUP(B88,'Origem '!$A$1:$H$1688,8,0)*'Mark Up '!$C$2)),"X") -> 42370.02
B89: 10200-16 | C89: Mesa Jantar Bologna Tp Garrafa (se com vidro, vidro bi-partido) | D89: 3,50 x 1,20 x 0,76 | E89: =IFERROR(((VLOOKUP(B89,'Origem '!$A$1:$D$1688,4,0)*'Mark Up '!$C$2)),"X") -> 39990.72 | F89: =IFERROR(((VLOOKUP(B89,'Origem '!$A$1:$E$1688,5,0)*'Mark Up '!$C$2)),"X") -> 42855.12 | G89: =IFERROR(((VLOOKUP(B89,'Origem '!$A$1:$H$1688,6,0)*'Mark Up '!$C$2)),"X") -> 45109.68 | H89: =IFERROR(((VLOOKUP(B89,'Origem '!$A$1:$H$1688,7,0)*'Mark Up '!$C$2)),"X") -> 46407.9 | I89: =IFERROR(((VLOOKUP(B89,'Origem '!$A$1:$H$1688,8,0)*'Mark Up '!$C$2)),"X") -> 51046.38
B90: 10200-18 | C90: Mesa Jantar Bologna Tp Garrafa (se com vidro, vidro bi-partido) | D90: 3,70 x 1,20 x 0,76 | E90: =IFERROR(((VLOOKUP(B90,'Origem '!$A$1:$D$1688,4,0)*'Mark Up '!$C$2)),"X") -> 42171.36 | F90: =IFERROR(((VLOOKUP(B90,'Origem '!$A$1:$E$1688,5,0)*'Mark Up '!$C$2)),"X") -> 45636.36 | G90: =IFERROR(((VLOOKUP(B90,'Origem '!$A$1:$H$1688,6,0)*'Mark Up '!$C$2)),"X") -> 48034.14 | H90: =IFERROR(((VLOOKUP(B90,'Origem '!$A$1:$H$1688,7,0)*'Mark Up '!$C$2)),"X") -> 50561.28 | I90: =IFERROR(((VLOOKUP(B90,'Origem '!$A$1:$H$1688,8,0)*'Mark Up '!$C$2)),"X") -> 54183.36
B91: 10200-20 | C91: Mesa Jantar Bologna Tp Garrafa (se com vidro, vidro bi-partido) | D91: 4,00 x 1,20 x 0,76 | E91: =IFERROR(((VLOOKUP(B91,'Origem '!$A$1:$D$1688,4,0)*'Mark Up '!$C$2)),"X") -> 46241.58 | F91: =IFERROR(((VLOOKUP(B91,'Origem '!$A$1:$E$1688,5,0)*'Mark Up '!$C$2)),"X") -> 49082.88 | G91: =IFERROR(((VLOOKUP(B91,'Origem '!$A$1:$H$1688,6,0)*'Mark Up '!$C$2)),"X") -> 51660.84 | H91: =IFERROR(((VLOOKUP(B91,'Origem '!$A$1:$H$1688,7,0)*'Mark Up '!$C$2)),"X") -> 54516 | I91: =IFERROR(((VLOOKUP(B91,'Origem '!$A$1:$H$1688,8,0)*'Mark Up '!$C$2)),"X") -> 58267.44
A92: BLOOM | B92: 11720-6 | C92: Mesa Jantar Bloom TP. (Canto Garrafa) | D92: 1,80 x 1,00 x 0,76 | E92: =IFERROR(((VLOOKUP(B92,'Origem '!$A$1:$D$1688,4,0)*'Mark Up '!$C$2)),"X") -> 20240.22 | F92: =IFERROR(((VLOOKUP(B92,'Origem '!$A$1:$E$1688,5,0)*'Mark Up '!$C$2)),"X") -> 20896.26 | G92: =IFERROR(((VLOOKUP(B92,'Origem '!$A$1:$H$1688,6,0)*'Mark Up '!$C$2)),"X") -> 22605.66 | H92: =IFERROR(((VLOOKUP(B92,'Origem '!$A$1:$H$1688,7,0)*'Mark Up '!$C$2)),"X") -> 23954.7 | I92: =IFERROR(((VLOOKUP(B92,'Origem '!$A$1:$H$1688,8,0)*'Mark Up '!$C$2)),"X") -> 25502.4
B93: 11720-7 | C93: Mesa Jantar Bloom TP. (Canto Garrafa) | D93: 2,00 x 1,00 x 0,76 | E93: =IFERROR(((VLOOKUP(B93,'Origem '!$A$1:$D$1688,4,0)*'Mark Up '!$C$2)),"X") -> 21205.8 | F93: =IFERROR(((VLOOKUP(B93,'Origem '!$A$1:$E$1688,5,0)*'Mark Up '!$C$2)),"X") -> 22476.3 | G93: =IFERROR(((VLOOKUP(B93,'Origem '!$A$1:$H$1688,6,0)*'Mark Up '!$C$2)),"X") -> 23903.88 | H93: =IFERROR(((VLOOKUP(B93,'Origem '!$A$1:$H$1688,7,0)*'Mark Up '!$C$2)),"X") -> 25234.44 | I93: =IFERROR(((VLOOKUP(B93,'Origem '!$A$1:$H$1688,8,0)*'Mark Up '!$C$2)),"X") -> 26906.88
B94: 11720-8 | C94: Mesa Jantar Bloom TP. (Canto Garrafa) | D94: 2,20 x 1,10 x 0,76 | E94: =IFERROR(((VLOOKUP(B94,'Origem '!$A$1:$D$1688,4,0)*'Mark Up '!$C$2)),"X") -> 22799.7 | F94: =IFERROR(((VLOOKUP(B94,'Origem '!$A$1:$E$1688,5,0)*'Mark Up '!$C$2)),"X") -> 23640.54 | G94: =IFERROR(((VLOOKUP(B94,'Origem '!$A$1:$H$1688,6,0)*'Mark Up '!$C$2)),"X") -> 26103 | H94: =IFERROR(((VLOOKUP(B94,'Origem '!$A$1:$H$1688,7,0)*'Mark Up '!$C$2)),"X") -> 27405.84 | I94: =IFERROR(((VLOOKUP(B94,'Origem '!$A$1:$H$1688,8,0)*'Mark Up '!$C$2)),"X") -> 29193.78
B95: 11720-9 | C95: Mesa Jantar Bloom TP. (Canto Garrafa) | D95: 2,40 x 1,10 x 0,76 | E95: =IFERROR(((VLOOKUP(B95,'Origem '!$A$1:$D$1688,4,0)*'Mark Up '!$C$2)),"X") -> 24097.92 | F95: =IFERROR(((VLOOKUP(B95,'Origem '!$A$1:$E$1688,5,0)*'Mark Up '!$C$2)),"X") -> 24998.82 | G95: =IFERROR(((VLOOKUP(B95,'Origem '!$A$1:$H$1688,6,0)*'Mark Up '!$C$2)),"X") -> 27664.56 | H95: =IFERROR(((VLOOKUP(B95,'Origem '!$A$1:$H$1688,7,0)*'Mark Up '!$C$2)),"X") -> 28916.58 | I95: =IFERROR(((VLOOKUP(B95,'Origem '!$A$1:$H$1688,8,0)*'Mark Up '!$C$2)),"X") -> 30829.26
B96: 11720-12 | C96: Mesa Jantar Bloom TP. (Canto Garrafa) | D96: 2,70 x 1,20 x 0,76 | E96: =IFERROR(((VLOOKUP(B96,'Origem '!$A$1:$D$1688,4,0)*'Mark Up '!$C$2)),"X") -> 27216.42 | F96: =IFERROR(((VLOOKUP(B96,'Origem '!$A$1:$E$1688,5,0)*'Mark Up '!$C$2)),"X") -> 28112.7 | G96: =IFERROR(((VLOOKUP(B96,'Origem '!$A$1:$H$1688,6,0)*'Mark Up '!$C$2)),"X") -> 31300.5 | H96: =IFERROR(((VLOOKUP(B96,'Origem '!$A$1:$H$1688,7,0)*'Mark Up '!$C$2)),"X") -> 32501.7 | I96: =IFERROR(((VLOOKUP(B96,'Origem '!$A$1:$H$1688,8,0)*'Mark Up '!$C$2)),"X") -> 34797.84
B97: 11720-13 | C97: Mesa Jantar Bloom TP. (Canto Garrafa) | D97: 3,00 x 1,20 x 0,76 | E97: =IFERROR(((VLOOKUP(B97,'Origem '!$A$1:$D$1688,4,0)*'Mark Up '!$C$2)),"X") -> 34095.6 | F97: =IFERROR(((VLOOKUP(B97,'Origem '!$A$1:$E$1688,5,0)*'Mark Up '!$C$2)),"X") -> 35703.36 | G97: =IFERROR(((VLOOKUP(B97,'Origem '!$A$1:$H$1688,6,0)*'Mark Up '!$C$2)),"X") -> 38161.2 | H97: =IFERROR(((VLOOKUP(B97,'Origem '!$A$1:$H$1688,7,0)*'Mark Up '!$C$2)),"X") -> 39718.14 | I97: =IFERROR(((VLOOKUP(B97,'Origem '!$A$1:$H$1688,8,0)*'Mark Up '!$C$2)),"X") -> 42795.06
B98: 11720-14 | C98: Mesa Jantar Bloom TP. (Canto Garrafa) | D98: 3,20 x 1,20 x 0,76 | E98: =IFERROR(((VLOOKUP(B98,'Origem '!$A$1:$D$1688,4,0)*'Mark Up '!$C$2)),"X") -> 35125.86 | F98: =IFERROR(((VLOOKUP(B98,'Origem '!$A$1:$E$1688,5,0)*'Mark Up '!$C$2)),"X") -> 36844.5 | G98: =IFERROR(((VLOOKUP(B98,'Origem '!$A$1:$H$1688,6,0)*'Mark Up '!$C$2)),"X") -> 39501 | H98: =IFERROR(((VLOOKUP(B98,'Origem '!$A$1:$H$1688,7,0)*'Mark Up '!$C$2)),"X") -> 41067.18 | I98: =IFERROR(((VLOOKUP(B98,'Origem '!$A$1:$H$1688,8,0)*'Mark Up '!$C$2)),"X") -> 44365.86
A99: BRUXELAS | B99: 10500-72 | C99: Mesa Jantar Bruxelas (canto garrafa) (base em aço carbono laminado) | D99: 1,80 x 1,00 x 0,76 | E99: =IFERROR(((VLOOKUP(B99,'Origem '!$A$1:$D$1688,4,0)*'Mark Up '!$C$2)),"X") -> 23076.9 | F99: =IFERROR(((VLOOKUP(B99,'Origem '!$A$1:$E$1688,5,0)*'Mark Up '!$C$2)),"X") -> 27285.72 | G99: =IFERROR(((VLOOKUP(B99,'Origem '!$A$1:$H$1688,6,0)*'Mark Up '!$C$2)),"X") -> 27844.74 | H99: =IFERROR(((VLOOKUP(B99,'Origem '!$A$1:$H$1688,7,0)*'Mark Up '!$C$2)),"X") -> 28828.8 | I99: =IFERROR(((VLOOKUP(B99,'Origem '!$A$1:$H$1688,8,0)*'Mark Up '!$C$2)),"X") -> 31392.9
B100: 10500-76 | C100: Mesa Jantar Bruxelas (canto garrafa) (base em aço carbono laminado) | D100: 2,00 x 1,00 x 0,76 | E100: =IFERROR(((VLOOKUP(B100,'Origem '!$A$1:$D$1688,4,0)*'Mark Up '!$C$2)),"X") -> 25192.86 | F100: =IFERROR(((VLOOKUP(B100,'Origem '!$A$1:$E$1688,5,0)*'Mark Up '!$C$2)),"X") -> 29517.18 | G100: =IFERROR(((VLOOKUP(B100,'Origem '!$A$1:$H$1688,6,0)*'Mark Up '!$C$2)),"X") -> 30122.4 | H100: =IFERROR(((VLOOKUP(B100,'Origem '!$A$1:$H$1688,7,0)*'Mark Up '!$C$2)),"X") -> 31106.46 | I100: =IFERROR(((VLOOKUP(B100,'Origem '!$A$1:$H$1688,8,0)*'Mark Up '!$C$2)),"X") -> 33878.46
...

Sheet Informações
A1: INFORMAÇÕES ADICIONAIS SOBRE AS MESAS DE JANTAR
A2: OBS: Mesas acima de 3,50 com tampo de vidro somente será possível com vidro bipartido e tampos laminados sentido do veio na profundidade.
A3: * Para colocar VIDRO EXTRA CLEAR, ESPELHO PRATA OU ESPELHO BRONZE, acrescentar ao móvel valor descrito na pág. "Valores Vidros e Espelhos" * O vidro utilizado nos móveis é comum, pode haver diferença de tonalidade;
A4: * Para vidros comum 4mm e extra clear 4mm medida maxima de 3,20x1,30 ou redondos e quadrados de 2,00x2,00
A5: * Para vidros comum 6mm medida maxima de 3,59x1,50 ou redondos e quadrados de 2,00x2,00(sob consulta) esta espessura é mais esverdeado que o vidro comum 4mm
A6: *Para transformar mesa com canto reto em canto garrafa + 5%;
A7: *Para transformar mesa com canto reto ou canto garrafa em arredondado, elíptico (oval) e oblongo + 15%;
A8: *Para transformar tampo redondo para quadrado, ou quadrado para redondo - Sob consulta
A9: OBS: Mesas acima de 3,50 com tampo de vidro somente será possível com vidro bipartido e tampos laminados sentido do veio na profundidade.
A10: *Tampo bipartido p/mesas retangulares acrescentar 13%, EXCETO:(Alabama, Bruxelas, Celta, Jakarta, Lyon, Sintra, Trento e tampos arredondados, Elíptico, Oblongo e Orgânico), que não é possível a produção.

Sheet Racks
C1: RACK | I1: AMBIENTADAS
A2: COLEÇÃO | B2: REF | C2: DESCRIÇÃO | D2: COMP X PROF X ALT | E2: Em caso de cores diferentes, utilizar preço de maior valor
E3: COLUNA 1 | F3: COLUNA 2 | G3: COLUNA 3 | H3: COLUNA 4
E4: LACA LISA BRAZIL ( COM OU SEM VIDRO PINTADO) | F4: - CARVALHO CLARO - CARVALHO NATURAL - CARVALHO LAVADO - CARV. EBANIZADO - IMBUIA CLARA * ACRESCENTAR 12% SE COM VIDRO PINTADO | G4: - NOGUEIRA - NOGUEIRA NATURAL - LOURO FREIJÓ - LOURO FREIJÓ NATURAL - LACA METALIZADA BRAZIL - CARV. ÔNIX METALIZADO - CARV. N109 METALIZADO - CARV. ALBANIZADO - CARV. H155 FOSCO - CONCRETO (SOMENTE SEM VIDRO) | H4: - PAU FERRO
E5: OBS. O ACABAMENTO DO METAL NÃO INFLUENCIARÁ NO VALOR DO RACK
A6: AURORA | B6: 8997-12 | C6: Rack Aurora 3 Gavetas Pés de Metal | D6: 2,09 x 0,45 x 0,45 | E6: =IFERROR(((VLOOKUP(B6,'Origem '!$A$1:$D$1910,4,0)*'Mark Up '!$C$2)),"X") -> 19768.98 | F6: =IFERROR(((VLOOKUP(B6,'Origem '!$A$1:$E$1910,5,0)*'Mark Up '!$C$2)),"X") -> 23335.62 | G6: =IFERROR(((VLOOKUP(B6,'Origem '!$A$1:$F$1910,6,0)*'Mark Up '!$C$2)),"X") -> 26920.74 | H6: =IFERROR(((VLOOKUP(B6,'Origem '!$A$1:$H$1910,7,0)*'Mark Up '!$C$2)),"X") -> 29138.34
B7: 8997-16 | C7: Rack Aurora 3 Gavetas Pés de Metal | D7: 2,29 x 0,45 x 0,45 | E7: =IFERROR(((VLOOKUP(B7,'Origem '!$A$1:$D$1910,4,0)*'Mark Up '!$C$2)),"X") -> 21316.68 | F7: =IFERROR(((VLOOKUP(B7,'Origem '!$A$1:$E$1910,5,0)*'Mark Up '!$C$2)),"X") -> 25955.16 | G7: =IFERROR(((VLOOKUP(B7,'Origem '!$A$1:$F$1910,6,0)*'Mark Up '!$C$2)),"X") -> 29364.72 | H7: =IFERROR(((VLOOKUP(B7,'Origem '!$A$1:$H$1910,7,0)*'Mark Up '!$C$2)),"X") -> 31720.92
B8: 8997-19 | C8: Rack Aurora 3 Gavetas Pés de Metal | D8: 2,59 x 0,45 x 0,45 | E8: =IFERROR(((VLOOKUP(B8,'Origem '!$A$1:$D$1910,4,0)*'Mark Up '!$C$2)),"X") -> 23834.58 | F8: =IFERROR(((VLOOKUP(B8,'Origem '!$A$1:$E$1910,5,0)*'Mark Up '!$C$2)),"X") -> 28020.3 | G8: =IFERROR(((VLOOKUP(B8,'Origem '!$A$1:$F$1910,6,0)*'Mark Up '!$C$2)),"X") -> 31757.88 | H8: =IFERROR(((VLOOKUP(B8,'Origem '!$A$1:$H$1910,7,0)*'Mark Up '!$C$2)),"X") -> 35172.06
A9: FIRENZE | B9: 7301-0 | C9: Rack Firenze (3 gavetas/não pode ser desmontado) | D9: 2,00 x 0,45 x 0,55 | E9: =IFERROR(((VLOOKUP(B9,'Origem '!$A$1:$D$1910,4,0)*'Mark Up '!$C$2)),"X") -> 18761.82 | F9: =IFERROR(((VLOOKUP(B9,'Origem '!$A$1:$E$1910,5,0)*'Mark Up '!$C$2)),"X") -> 23118.48 | G9: =IFERROR(((VLOOKUP(B9,'Origem '!$A$1:$F$1910,6,0)*'Mark Up '!$C$2)),"X") -> 28098.84 | H9: =IFERROR(((VLOOKUP(B9,'Origem '!$A$1:$H$1910,7,0)*'Mark Up '!$C$2)),"X") -> 32829.72
B10: 7301-1 | C10: Rack Firenze (3 gavetas/não pode ser desmontado) | D10: 2,20 x 0,45 x 0,55 | E10: =IFERROR(((VLOOKUP(B10,'Origem '!$A$1:$D$1910,4,0)*'Mark Up '!$C$2)),"X") -> 20517.42 | F10: =IFERROR(((VLOOKUP(B10,'Origem '!$A$1:$E$1910,5,0)*'Mark Up '!$C$2)),"X") -> 24176.46 | G10: =IFERROR(((VLOOKUP(B10,'Origem '!$A$1:$F$1910,6,0)*'Mark Up '!$C$2)),"X") -> 29558.76 | H10: =IFERROR(((VLOOKUP(B10,'Origem '!$A$1:$H$1910,7,0)*'Mark Up '!$C$2)),"X") -> 34640.76
B11: 7301-2 | C11: Rack Firenze (3 gavetas/não pode ser desmontado) | D11: 2,50 x 0,45 x 0,55 | E11: =IFERROR(((VLOOKUP(B11,'Origem '!$A$1:$D$1910,4,0)*'Mark Up '!$C$2)),"X") -> 23266.32 | F11: =IFERROR(((VLOOKUP(B11,'Origem '!$A$1:$E$1910,5,0)*'Mark Up '!$C$2)),"X") -> 27960.24 | G11: =IFERROR(((VLOOKUP(B11,'Origem '!$A$1:$F$1910,6,0)*'Mark Up '!$C$2)),"X") -> 34132.56 | H11: =IFERROR(((VLOOKUP(B11,'Origem '!$A$1:$H$1910,7,0)*'Mark Up '!$C$2)),"X") -> 39810.54
B12: 7301-3 | C12: Rack Firenze (4 gavetas/não pode ser desmontado) | D12: 3,00 x 0,45 x 0,55 | E12: =IFERROR(((VLOOKUP(B12,'Origem '!$A$1:$D$1910,4,0)*'Mark Up '!$C$2)),"X") -> 29327.76 | F12: =IFERROR(((VLOOKUP(B12,'Origem '!$A$1:$E$1910,5,0)*'Mark Up '!$C$2)),"X") -> 36664.32 | G12: =IFERROR(((VLOOKUP(B12,'Origem '!$A$1:$F$1910,6,0)*'Mark Up '!$C$2)),"X") -> 42097.44 | H12: =IFERROR(((VLOOKUP(B12,'Origem '!$A$1:$H$1910,7,0)*'Mark Up '!$C$2)),"X") -> 48468.42

Sheet Sofá Table
C1: SOFÁ TABLE | I1: AMBIENTADAS
A2: COLEÇÃO | B2: REF | C2: DESCRIÇÃO | D2: COMP X PROF X ALT | E2: Em caso de cores diferentes Base ou Tampo, utilizar preço de maior valor
E3: COLUNA 1 | F3: COLUNA 2 | G3: COLUNA 3 | H3: COLUNA 4
E4: LACA LISA BRAZIL ( COM OU SEM VIDRO PINTADO) | F4: - CARVALHO CLARO - CARVALHO NATURAL - CARVALHO LAVADO - CARV. EBANIZADO - IMBUIA CLARA * ACRESCENTAR 12% SE COM VIDRO PINTADO | G4: - NOGUEIRA - NOGUEIRA NATURAL - LOURO FREIJÓ - LOURO FREIJÓ NATURAL - LACA METALIZADA BRAZIL - CARV. ÔNIX METALIZADO - CARV. N109 METALIZADO - CARV. ALBANIZADO - CARV. H155 FOSCO - CONCRETO (SOMENTE SEM VIDRO) | H4: - PAU FERRO
E5: OBS. O ACABAMENTO DO METAL NÃO INFLUENCIARÁ NO VALOR DO SOFÁ
