Workbook

Sheet Capa Tabela
A4: ACABAMENTOS:
A5: VIDROS:
A7: * Para colocar VIDRO EXTRA CLEAR, ESPELHO PRATA OU ESPELHO BRONZE, acrescentar ao móvel valor descrito na ultima página. * O vidro utilizado nos móveis é comum, pode haver diferença de tonalidade;
A8: * Vidros comum 4mm e extra clear 4mm medida maxima de 3,20x1,30 ou redondos e quadrados de 2,00x2,00
A9: * Vidros comum 6mm medida maxima de 3,59x1,50 ou redondos e quadrados de 2,00x2,00(sob consulta) esta espessura é mais esverdeado que o vidro comum 4mm
A10: OBS: A Nogueira a Canela o Carvalho e o Louro Freijó somente são fornecidos em laminados, as bases de madeira maciça serão produzidas em madeira tingida em cor semelhante.
A11: OBS: Os metais presentes nas peças podem ser feitos em qualquer cor de LACA PADRÃO BRILHO OU FOSCO (Informar no pedido)

Sheet Cores Capa
A1: LACAS LISAS BRAZIL | C1: LACAS METALIZADAS BRAZIL | E1: MADEIRAS TINGIDAS | G1: CARVALHOS TINGIDOS | I1: OUTRAS CORES
A2: Areia H109 Brilho / Fosco Branco Brilho / Fosco Cinza Claro H155 Brilho / Fosco Crômo Fosco Fendi N109 Brilho / Fosco Preto Fosco LACA CONCRETO BRAZIL Concreto (Somente s/ Vidro) | C2: Bronze Chumbo N109 Ônix METAIS Aço Cortein New Golden Preto Fosco Ônix Metalizado N109 Metalizado | E2: Imbuia Clara LÂMINAS Carvalho Canela Louro Freijó Nogueira Pau Ferro | G2: Carvalho Claro Carvalho Ebanizado Carvalho Lavado Carvalho Natural CARVALHOS LAQUEADO Albanizado Cinza Claro (H155 Fosco) CARVALHOS METALIZADOS N109 Metalizado Ônix Metalizado | I2: Lacas Especiais Sayerlack
A4: OBS: Lacas especiais Sayerlack Brilho ou Fosca acrescentar 15% sobre a terceira coluna da tabela, se for laca especial metalizada ou perolizada consultar a empresa.

Sheet Garantia

Sheet Mark Up 
A1: Local onde faz a multiplicação nas colunas da tabelas, se precisar dobrar o valor mudar o numero 1 para 2, se precisar triplicar o valor trocar numero 1 para 3 e por assim adiante.
A2: MARK UP | C2: 4.62

Sheet Origem 
A1: 10040-0 | B1: Mesa Jantar Kobe (Tampo Orgânico) " somente s/VIDRO" | C1: 1,35 Ø 0,76 alt | D1: 2854 | E1: 3270 | F1: 3270 | G1: 3532 | H1: X | J1: =D1-E1 -> -416 | K1: =E1-F1 -> 0 | L1: =F1-G1 -> -262 | M1: =G1-H1 -> #VALUE!
A2: 10040-1 | B2: Mesa Jantar Kobe (Tampo Orgânico) " somente s/VIDRO" | C2: 1,48 Ø 0,76 alt | D2: 3088 | E2: 3565 | F2: 3565 | G2: 3880 | H2: X | J2: =D2-E2 -> -477 | K2: =E2-F2 -> 0 | L2: =F2-G2 -> -315 | M2: =G2-H2 -> #VALUE!
A3: 10040-2 | B3: Mesa Jantar Kobe (Tampo Orgânico) " somente s/VIDRO" | C3: 1,60 Ø 0,76 alt | D3: 3238 | E3: 3802 | F3: 3802 | G3: 4171 | H3: X | J3: =D3-E3 -> -564 | K3: =E3-F3 -> 0 | L3: =F3-G3 -> -369 | M3: =G3-H3 -> #VALUE!
A4: 10040-3 | B4: Mesa Jantar Kobe (Tampo Orgânico) " somente s/VIDRO" | C4: 1,80 Ø 0,76 alt | D4: 3611 | E4: 4203 | F4: 4203 | G4: 4675 | H4: X | J4: =D4-E4 -> -592 | K4: =E4-F4 -> 0 | L4: =F4-G4 -> -472 | M4: =G4-H4 -> #VALUE!
A5: 9940-9 | B5: Mesa Jantar Salta TAMPO CANTO MOEDA | C5: 2,40 x 1,10 x 0,76 | D5: 5889 | E5: 6975 | F5: 7376 | G5: 7527 | H5: 7712 | J5: =D5-E5 -> -1086 | K5: =E5-F5 -> -401 | L5: =F5-G5 -> -151 | M5: =G5-H5 -> -185
A6: 9940-12 | B6: Mesa Jantar Salta TAMPO CANTO MOEDA | C6: 2,70 x 1,20 x 0,76 | D6: 6543 | E6: 7482 | F6: 8095 | G6: 8238 | H6: 8425 | J6: =D6-E6 -> -939 | K6: =E6-F6 -> -613 | L6: =F6-G6 -> -143 | M6: =G6-H6 -> -187
A7: 9940-13 | B7: Mesa Jantar Salta TAMPO CANTO MOEDA | C7: 3,00 x 1,20 x 0,76 | D7: 8168 | E7: 9529 | F7: 10199 | G7: 10370 | H7: 10574 | J7: =D7-E7 -> -1361 | K7: =E7-F7 -> -670 | L7: =F7-G7 -> -171 | M7: =G7-H7 -> -204
A8: 9940-14 | B8: Mesa Jantar Salta TAMPO CANTO MOEDA | C8: 3,20 x 1,20 x 0,76 | D8: 8374 | E8: 9750 | F8: 10468 | G8: 10641 | H8: 10865 | J8: =D8-E8 -> -1376 | K8: =E8-F8 -> -718 | L8: =F8-G8 -> -173 | M8: =G8-H8 -> -224
A9: 9940-16 | B9: Mesa Jantar Salta (tp reto) (se com vidro, vidro bi-partido) TAMPO CANTO MOEDA | C9: 3,50 x 1,20 x 0,76 | D9: 9871 | E9: 11279 | F9: 11991 | G9: 12194 | H9: 12431 | J9: =D9-E9 -> -1408 | K9: =E9-F9 -> -712 | L9: =F9-G9 -> -203 | M9: =G9-H9 -> -237
A10: 9940-18 | B10: Mesa Jantar Salta (tp reto) (se com vidro, vidro bi-partido) TAMPO CANTO MOEDA | C10: 3,70 x 1,20 x 0,76 | D10: 10399 | E10: 11833 | F10: 12887 | G10: 13175 | H10: 13402 | J10: =D10-E10 -> -1434 | K10: =E10-F10 -> -1054 | L10: =F10-G10 -> -288 | M10: =G10-H10 -> -227
A11: 9940-20 | B11: Mesa Jantar Salta (tp reto) (se com vidro, vidro bi-partido) TAMPO CANTO MOEDA | C11: 4,00 x 1,20 x 0,76 | D11: 11091 | E11: 12458 | F11: 13447 | G11: 13752 | H11: 13986 | J11: =D11-E11 -> -1367 | K11: =E11-F11 -> -989 | L11: =F11-G11 -> -305 | M11: =G11-H11 -> -234
A12: 11200-9 | B12: MESA JANTAR TOMIE "TP OBLONGO" | C12: 2,40 x 1,20 x 0,76 | D12: 7517 | E12: 8307 | F12: 8949 | G12: 9178 | H12: 9402 | J12: =D12-E12 -> -790 | K12: =E12-F12 -> -642 | L12: =F12-G12 -> -229 | M12: =G12-H12 -> -224
A13: 11200-12 | B13: MESA JANTAR TOMIE "TP OBLONGO" | C13: 2,70 x 1,20 x 0,76 | D13: 8031 | E13: 8706 | F13: 9709 | G13: 9906 | H13: 10156 | J13: =D13-E13 -> -675 | K13: =E13-F13 -> -1003 | L13: =F13-G13 -> -197 | M13: =G13-H13 -> -250
A14: 11200-13 | B14: MESA JANTAR TOMIE "TP OBLONGO" | C14: 3,00 x 1,20 x 0,76 | D14: 9184 | E14: 10054 | F14: 10799 | G14: 10998 | H14: 11257 | J14: =D14-E14 -> -870 | K14: =E14-F14 -> -745 | L14: =F14-G14 -> -199 | M14: =G14-H14 -> -259
A15: 11200-14 | B15: MESA JANTAR TOMIE "TP OBLONGO" | C15: 3,20 x 1,20 x 0,76 | D15: 9596 | E15: 10414 | F15: 11156 | G15: 11398 | H15: 11596 | J15: =D15-E15 -> -818 | K15: =E15-F15 -> -742 | L15: =F15-G15 -> -242 | M15: =G15-H15 -> -198
A16: 11200-16 | B16: MESA JANTAR TOMIE (SE COM VIDRO, VIDRO BI-PARTIDO)"TP OBLONGO SEUL" | C16: 3,50 x 1,20 x 0,76 | D16: 11295 | E16: 12064 | F16: 13068 | G16: 13356 | H16: 13652 | J16: =D16-E16 -> -769 | K16: =E16-F16 -> -1004 | L16: =F16-G16 -> -288 | M16: =G16-H16 -> -296
... A18: 11200-20 | B18: MESA JANTAR TOMIE (SE COM VIDRO, VIDRO BI-PARTIDO)"TP OBLONGO SEUL" | C18: 4,00 x 1,20 x 0,76 | D18: 12230 | E18: 13335 | F18: 14051 | G18: 14374 | H18: 14685 | J18: =D18-E18 -> -1105 | K18: =E18-F18 -> -716 | L18: =F18-G18 -> -323 | M18: =G18-H18 -> -311
A19: 10010-8 | B19: Mesa de Jantar Monza TAMPO CANTO MOEDA | C19: 2,20 x 1,10 x 0,76 | D19: 5280 | E19: 5252 | F19: 5466 | G19: 5577 | H19: X | J19: =D19-E19 -> 28 | K19: =E19-F19 -> -214 | L19: =F19-G19 -> -111 | M19: =G19-H19 -> #VALUE!
A20: 10010-9 | B20: Mesa de Jantar Monza TAMPO CANTO MOEDA | C20: 2,40 x 1,10 x 0,76 | D20: 5549 | E20: 5365 | F20: 5766 | G20: 5883 | H20: X | J20: =D20-E20 -> 184 | K20: =E20-F20 -> -401 | L20: =F20-G20 -> -117 | M20: =G20-H20 -> #VALUE!
A21: 10010-12 | B21: Mesa de Jantar Monza TAMPO CANTO MOEDA | C21: 2,70 x 1,20 x 0,76 | D21: 6440 | E21: 6161 | F21: 6775 | G21: 6913 | H21: X | J21: =D21-E21 -> 279 | K21: =E21-F21 -> -614 | L21: =F21-G21 -> -138 | M21: =G21-H21 -> #VALUE!
A22: 10010-13 | B22: Mesa de Jantar Monza TAMPO CANTO MOEDA | C22: 3,00 x 1,20 x 0,76 | D22: 7573 | E22: 7512 | F22: 8182 | G22: 8348 | H22: X | J22: =D22-E22 -> 61 | K22: =E22-F22 -> -670 | L22: =F22-G22 -> -166 | M22: =G22-H22 -> #VALUE!
A23: 10010-14 | B23: Mesa de Jantar Monza TAMPO CANTO MOEDA | C23: 3,20 x 1,20 x 0,76 | D23: 7779 | E23: 7732 | F23: 8450 | G23: 8622 | H23: X | J23: =D23-E23 -> 47 | K23: =E23-F23 -> -718 | L23: =F23-G23 -> -172 | M23: =G23-H23 -> #VALUE!
A24: 10050-8 | B24: Mesa de Jantar La Plata TAMPO CANTO MOEDA | C24: 2,20 x 1,10 x 0,76 | D24: 4949 | E24: 5191 | F24: 5500 | G24: 5882 | H24: 6053 | J24: =D24-E24 -> -242 | K24: =E24-F24 -> -309 | L24: =F24-G24 -> -382 | M24: =G24-H24 -> -171
A25: 10050-9 | B25: Mesa de Jantar La Plata TAMPO CANTO MOEDA | C25: 2,40 x 1,10 x 0,76 | D25: 5218 | E25: 5400 | F25: 5800 | G25: 6164 | H25: 6347 | J25: =D25-E25 -> -182 | K25: =E25-F25 -> -400 | L25: =F25-G25 -> -364 | M25: =G25-H25 -> -183
A26: 10050-12 | B26: Mesa de Jantar La Plata TAMPO CANTO MOEDA | C26: 2,70 x 1,20 x 0,76 | D26: 5922 | E26: 5957 | F26: 6571 | G26: 6932 | H26: 7110 | J26: =D26-E26 -> -35 | K26: =E26-F26 -> -614 | L26: =F26-G26 -> -361 | M26: =G26-H26 -> -178
A27: 10050-13 | B27: Mesa de Jantar La Plata TAMPO CANTO MOEDA | C27: 3,00 x 1,20 x 0,76 | D27: 7055 | E27: 7308 | F27: 7978 | G27: 8329 | H27: 8510 | J27: =D27-E27 -> -253 | K27: =E27-F27 -> -670 | L27: =F27-G27 -> -351 | M27: =G27-H27 -> -181
A28: 10050-14 | B28: Mesa de Jantar La Plata TAMPO CANTO MOEDA | C28: 3,20 x 1,20 x 0,76 | D28: 7261 | E28: 7527 | F28: 8246 | G28: 8600 | H28: 8781 | J28: =D28-E28 -> -266 | K28: =E28-F28 -> -719 | L28: =F28-G28 -> -354 | M28: =G28-H28 -> -181
A29: 11180-9 | B29: MESA DE JANTAR LESCHER | C29: 2,40 x 1,10 x 0,76 | D29: 12086 | E29: 11929 | F29: 12350 | G29: 12602 | H29: 12793 | J29: =D29-E29 -> 157 | K29: =E29-F29 -> -421 | L29: =F29-G29 -> -252 | M29: =G29-H29 -> -191
A30: 11180-12 | B30: MESA DE JANTAR LESCHER | C30: 2,70 x 1,20 x 0,76 | D30: 12601 | E30: 12461 | F30: 13106 | G30: 13373 | H30: 13576 | J30: =D30-E30 -> 140 | K30: =E30-F30 -> -645 | L30: =F30-G30 -> -267 | M30: =G30-H30 -> -203
A31: 11180-13 | B31: MESA DE JANTAR LESCHER | C31: 3,00 x 1,20 x 0,76 | D31: 13987 | E31: 13880 | F31: 14583 | G31: 14880 | H31: 15106 | J31: =D31-E31 -> 107 | K31: =E31-F31 -> -703 | L31: =F31-G31 -> -297 | M31: =G31-H31 -> -226
A32: 11180-14 | B32: MESA DE JANTAR LESCHER | C32: 3,20 x 1,20 x 0,76 | D32: 14205 | E32: 14111 | F32: 14864 | G32: 15167 | H32: 15397 | J32: =D32-E32 -> 94 | K32: =E32-F32 -> -753 | L32: =F32-G32 -> -303 | M32: =G32-H32 -> -230
A33: 11180-16 | B33: MESA DE JANTAR LESCHER | C33: 3,50 x 1,20 x 0,76 | D33: 17756 | E33: 17517 | F33: 18265 | G33: 18637 | H33: 18920 | J33: =D33-E33 -> 239 | K33: =E33-F33 -> -748 | L33: =F33-G33 -> -372 | M33: =G33-H33 -> -283
A34: 11180-18 | B34: MESA DE JANTAR LESCHER | C34: 3,70 x 1,20 x 0,76 | D34: 18289 | E34: 18099 | F34: 19207 | G34: 19598 | H34: 19896 | J34: =D34-E34 -> 190 | K34: =E34-F34 -> -1108 | L34: =F34-G34 -> -391 | M34: =G34-H34 -> -298
A35: 11180-20 | B35: MESA DE JANTAR LESCHER | C35: 4,00 x 1,20 x 0,76 | D35: 18965 | E35: 18755 | F35: 19793 | G35: 20196 | H35: 20503 | J35: =D35-E35 -> 210 | K35: =E35-F35 -> -1038 | L35: =F35-G35 -> -403 | M35: =G35-H35 -> -307
... A68: 10061-14 | B68: Mesa de Jantar Dijon TAMPO CANTO MOEDA, COM MARCHETARIA | C68: 3,20 x 1,20 x 0,76 | D68: 8492 | E68: 9103 | F68: 9900 | G68: 9913 | H68: 10071 | J68: =D68-E68 -> -611 | K68: =E68-F68 -> -797 | L68: =F68-G68 -> -13 | M68: =G68-H68 -> -158
A69: 10020-7 | B69: Mesa Jantar Elíptica Macaçar " somente s/VIDRO" | C69: 2,00 x 1,20 x 0,76 | D69: 3720 | E69: 4038 | F69: 4038 | G69: 4465 | H69: X | J69: =D69-E69 -> -318 | K69: =E69-F69 -> 0 | L69: =F69-G69 -> -427 | M69: =G69-H69 -> #VALUE!
A70: 10020-8 | B70: Mesa Jantar Elíptica Macaçar " somente s/VIDRO" | C70: 2,20 x 1,20 x 0,76 | D70: 4113 | E70: 4501 | F70: 4501 | G70: 4996 | H70: X | J70: =D70-E70 -> -388 | K70: =E70-F70 -> 0 | L70: =F70-G70 -> -495 | M70: =G70-H70 -> #VALUE!
A71: 10020-9 | B71: Mesa Jantar Elíptica Macaçar " somente s/VIDRO" | C71: 2,40 x 1,20 x 0,76 | D71: 4849 | E71: 4929 | F71: 4929 | G71: 5435 | H71: X | J71: =D71-E71 -> -80 | K71: =E71-F71 -> 0 | L71: =F71-G71 -> -506 | M71: =G71-H71 -> #VALUE!
A72: 10020-12 | B72: Mesa Jantar Elíptica Macaçar " somente s/VIDRO" | C72: 2,70 x 1,20 x 0,76 | D72: 5342 | E72: 5475 | F72: 5475 | G72: 6188 | H72: X | J72: =D72-E72 -> -133 | K72: =E72-F72 -> 0 | L72: =F72-G72 -> -713 | M72: =G72-H72 -> #VALUE!
A73: 10020-13 | B73: Mesa Jantar Elíptica Macaçar " somente s/VIDRO" | C73: 3,00 x 1,20 x 0,76 | D73: 6453 | E73: 6723 | F73: 6723 | G73: 7268 | H73: X | J73: =D73-E73 -> -270 | K73: =E73-F73 -> 0 | L73: =F73-G73 -> -545 | M73: =G73-H73 -> #VALUE!
A74: 10020-14 | B74: Mesa Jantar Elíptica Macaçar " somente s/VIDRO" | C74: 3,20 x 1,20 x 0,76 | D74: 6927 | E74: 7190 | F74: 7190 | G74: 7657 | H74: X | J74: =D74-E74 -> -263 | K74: =E74-F74 -> 0 | L74: =F74-G74 -> -467 | M74: =G74-H74 -> #VALUE!
A75: 9920-6 | B75: Mesa de Jantar Lipsia " somente s/VIDRO" | C75: 1,80 x 1,00 x 0,76 | D75: 3480 | E75: 3748 | F75: 3748 | G75: 4052 | H75: X | J75: =D75-E75 -> -268 | K75: =E75-F75 -> 0 | L75: =F75-G75 -> -304 | M75: =G75-H75 -> #VALUE!
A76: 9920-7 | B76: Mesa de Jantar Lipsia " somente s/VIDRO" | C76: 2,00 x 1,00 x 0,76 | D76: 3836 | E76: 4266 | F76: 4266 | G76: 4695 | H76: X | J76: =D76-E76 -> -430 | K76: =E76-F76 -> 0 | L76: =F76-G76 -> -429 | M76: =G76-H76 -> #VALUE!
A77: 9920-8 | B77: Mesa de Jantar Lipsia " somente s/VIDRO" | C77: 2,20 x 1,10 x 0,76 | D77: 4238 | E77: 4750 | F77: 4750 | G77: 5245 | H77: X | J77: =D77-E77 -> -512 | K77: =E77-F77 -> 0 | L77: =F77-G77 -> -495 | M77: =G77-H77 -> #VALUE!
A78: 9920-9 | B78: Mesa de Jantar Lipsia " somente s/VIDRO" | C78: 2,40 x 1,10 x 0,76 | D78: 4641 | E78: 5109 | F78: 5109 | G78: 5667 | H78: X | J78: =D78-E78 -> -468 | K78: =E78-F78 -> 0 | L78: =F78-G78 -> -558 | M78: =G78-H78 -> #VALUE!
A79: 9920-12 | B79: Mesa de Jantar Lipsia " somente s/VIDRO" | C79: 2,70 x 1,20 x 0,76 | D79: 5359 | E79: 5650 | F79: 5650 | G79: 6360 | H79: X | J79: =D79-E79 -> -291 | K79: =E79-F79 -> 0 | L79: =F79-G79 -> -710 | M79: =G79-H79 -> #VALUE!
A80: 9920-13 | B80: Mesa de Jantar Lipsia " somente s/VIDRO" | C80: 3,00 x 1,20 x 0,76 | D80: 6884 | E80: 7217 | F80: 7217 | G80: 7691 | H80: X | J80: =D80-E80 -> -333 | K80: =E80-F80 -> 0 | L80: =F80-G80 -> -474 | M80: =G80-H80 -> #VALUE!
A81: 9920-14 | B81: Mesa de Jantar Lipsia " somente s/VIDRO" | C81: 3,20 x 1,20 x 0,76 | D81: 7281 | E81: 7664 | F81: 7664 | G81: 8049 | H81: X | J81: =D81-E81 -> -383 | K81: =E81-F81 -> 0 | L81: =F81-G81 -> -385 | M81: =G81-H81 -> #VALUE!
A82: 3292-0 | B82: Mesa de Jantar Verona | C82: 1,35 Ø 0,76 alt | D82: 4372 | E82: 4271 | F82: 4512 | G82: 4590 | H82: 4669 | J82: =D82-E82 -> 101 | K82: =E82-F82 -> -241 | L82: =F82-G82 -> -78 | M82: =G82-H82 -> -79
A83: 3292-1 | B83: Mesa de Jantar Verona | C83: 1,48 Ø 0,76 alt | D83: 4652 | E83: 4560 | F83: 4928 | G83: 5013 | H83: 5099 | J83: =D83-E83 -> 92 | K83: =E83-F83 -> -368 | L83: =F83-G83 -> -85 | M83: =G83-H83 -> -86
A84: 3292-2 | B84: Mesa de Jantar Verona | C84: 1,60 Ø 0,76 alt | D84: 5089 | E84: 4946 | F84: 5337 | G84: 5429 | H84: 5522 | J84: =D84-E84 -> 143 | K84: =E84-F84 -> -391 | L84: =F84-G84 -> -92 | M84: =G84-H84 -> -93
A85: 3292-3 | B85: Mesa de Jantar Verona | C85: 1,80 Ø 0,76 alt | D85: 5893 | E85: 5718 | F85: 6202 | G85: 6354 | H85: 6463 | J85: =D85-E85 -> 175 | K85: =E85-F85 -> -484 | L85: =F85-G85 -> -152 | M85: =G85-H85 -> -109
A86: 3292-4 | B86: Mesa de Jantar Verona | C86: 2,00 Ø 0,76 alt | D86: 7532 | E86: 7292 | F86: 7398 | G86: 7480 | H86: 7698 | J86: =D86-E86 -> 240 | K86: =E86-F86 -> -106 | L86: =F86-G86 -> -82 | M86: =G86-H86 -> -218
A87: 6064-3 | B87: APARADOR TROIA | C87: 1,80 x 0,50 x 0,76 | D87: 2451 | E87: 2489 | F87: 2676 | G87: X | J87: =D87-E87 -> -38 | K87: =E87-F87 -> -187 | L87: =F87-G87 -> #VALUE! | M87: =G87-H87 -> #VALUE!
A88: 6064-4 | B88: APARADOR TROIA | C88: 2,00 x 0,50 x 0,76 | D88: 2546 | E88: 2587 | F88: 2771 | G88: X | J88: =D88-E88 -> -41 | K88: =E88-F88 -> -184 | L88: =F88-G88 -> #VALUE! | M88: =G88-H88 -> #VALUE!
A89: 6064-5 | B89: APARADOR TROIA | C89: 2,20 x 0,50 x 0,76 | D89: 2836 | E89: 2890 | F89: 3081 | G89: X | J89: =D89-E89 -> -54 | K89: =E89-F89 -> -191 | L89: =F89-G89 -> #VALUE! | M89: =G89-H89 -> #VALUE!
A90: 1064-1 | B90: APARADOR USSÉ | C90: 1,41 x 0,46 x 0,76 | D90: 1811 | E90: 2223 | F90: 2430 | G90: 2525 | J90: =D90-E90 -> -412 | K90: =E90-F90 -> -207 | L90: =F90-G90 -> -95 | M90: =G90-H90 -> 2525
A91: 1064-2 | B91: APARADOR USSÉ | C91: 1,61 x 0,46 x 0,76 | D91: 1959 | E91: 2344 | F91: 2560 | G91: 2647 | J91: =D91-E91 -> -385 | K91: =E91-F91 -> -216 | L91: =F91-G91 -> -87 | M91: =G91-H91 -> 2647
A92: 1064-3 | B92: APARADOR USSÉ | C92: 1,81 x 0,46 x 0,76 | D92: 2072 | E92: 2459 | F92: 2696 | G92: 2800 | J92: =D92-E92 -> -387 | K92: =E92-F92 -> -237 | L92: =F92-G92 -> -104 | M92: =G92-H92 -> 2800
A93: 1064-4 | B93: APARADOR USSÉ | C93: 2,01 x 0,46 x 0,76 | D93: 2531 | E93: 2664 | F93: 3317 | G93: 3426 | J93: =D93-E93 -> -133 | K93: =E93-F93 -> -653 | L93: =F93-G93 -> -109 | M93: =G93-H93 -> 3426
A94: 1014-1 | B94: APARADOR COBK VIDRO APENAS NA BANDEJA | C94: 1,36 x 0,39 x 0,76 | D94: 1919 | E94: 2203 | F94: 2444 | G94: 2501 | J94: =D94-E94 -> -284 | K94: =E94-F94 -> -241 | L94: =F94-G94 -> -57 | M94: =G94-H94 -> 2501
A95: 1014-2 | B95: APARADOR COBK VIDRO APENAS NA BANDEJA | C95: 1,60 x 0,39 x 0,76 | D95: 1989 | E95: 2317 | F95: 2529 | G95: 2624 | J95: =D95-E95 -> -328 | K95: =E95-F95 -> -212 | L95: =F95-G95 -> -95 | M95: =G95-H95 -> 2624
A96: 1014-3 | B96: APARADOR COBK VIDRO APENAS NA BANDEJA | C96: 1,80 x 0,39 x 0,76 | D96: 2096 | E96: 2454 | F96: 2680 | G96: 2730 | J96: =D96-E96 -> -358 | K96: =E96-F96 -> -226 | L96: =F96-G96 -> -50 | M96: =G96-H96 -> 2730
A97: 1014-4 | B97: APARADOR COBK VIDRO APENAS NA BANDEJA | C97: 2,00 x 0,39 x 0,76 | D97: 2237 | E97: 2614 | F97: 2928 | G97: 2973 | J97: =D97-E97 -> -377 | K97: =E97-F97 -> -314 | L97: =F97-G97 -> -45 | M97: =G97-H97 -> 2973
A98: 10024-2 | B98: APARADOR MACAÇAR "SOMENTE SEM VIDRO" | C98: 1,60 x 0,45 x 0,76 | D98: 2170 | E98: 2733 | F98: 2920 | G98: X | J98: =D98-E98 -> -563 | K98: =E98-F98 -> -187 | L98: =F98-G98 -> #VALUE! | M98: =G98-H98 -> #VALUE!
A99: 10024-3 | B99: APARADOR MACAÇAR "SOMENTE SEM VIDRO" | C99: 1,80 x 0,45 x 0,76 | D99: 2286 | E99: 2957 | F99: 3196 | G99: X | J99: =D99-E99 -> -671 | K99: =E99-F99 -> -239 | L99: =F99-G99 -> #VALUE! | M99: =G99-H99 -> #VALUE!
A100: 10024-4 | B100: APARADOR MACAÇAR "SOMENTE SEM VIDRO" | C100: 2,00 x 0,45 x 0,76 | D100: 2598 | E100: 3111 | F100: 3347 | G100: X | J100: =D100-E100 -> -513 | K100: =E100-F100 -> -236 | L100: =F100-G100 -> #VALUE! | M100: =G100-H100 -> #VALUE!
A101: 10054-2 | B101: APARADOR LA PLATA | C101: 1,60 x 0,45 x 0,76 | D101: 2066 | E101: 2417 | F101: 2653 | G101: 2741 | J101: =D101-E101 -> -351 | K101: =E101-F101 -> -236 | L101: =F101-G101 -> -88 | M101: =G101-H101 -> 2741
A102: 10054-3 | B102: APARADOR LA PLATA | C102: 1,80 x 0,45 x 0,76 | D102: 2144 | E102: 2486 | F102: 2728 | G102: 2815 | J102: =D102-E102 -> -342 | K102: =E102-F102 -> -242 | L102: =F102-G102 -> -87 | M102: =G102-H102 -> 2815
A103: 10054-4 | B103: APARADOR LA PLATA | C103: 2,00 x 0,45 x 0,76 | D103: 2288 | E103: 2614 | F103: 2884 | G103: 2971 | J103: =D103-E103 -> -326 | K103: =E103-F103 -> -270 | L103: =F103-G103 -> -87 | M103: =G103-H103 -> 2971
A104: 10054-5 | B104: APARADOR LA PLATA | C104: 2,20 x 0,45 x 0,76 | D104: 2406 | E104: 2732 | F104: 3045 | G104: 3132 | J104: =D104-E104 -> -326 | K104: =E104-F104 -> -313 | L104: =F104-G104 -> -87 | M104: =G104-H104 -> 3132
A105: 9924-1 | B105: APARADOR LIPSIA "SOMENTE SEM VIDRO" | C105: 1,40 x 0,45 x 0,76 | D105: 1943 | E105: 2169 | F105: 2279 | G105: X | J105: =D105-E105 -> -226 | K105: =E105-F105 -> -110 | L105: =F105-G105 -> #VALUE! | M105: =G105-H105 -> #VALUE!
A106: 9924-2 | B106: APARADOR LIPSIA "SOMENTE SEM VIDRO" | C106: 1,60 x 0,45 x 0,76 | D106: 2005 | E106: 2314 | F106: 2438 | G106: X | J106: =D106-E106 -> -309 | K106: =E106-F106 -> -124 | L106: =F106-G106 -> #VALUE! | M106: =G106-H106 -> #VALUE!
A107: 9924-3 | B107: APARADOR LIPSIA "SOMENTE SEM VIDRO" | C107: 1,80 x 0,45 x 0,76 | D107: 2115 | E107: 2442 | F107: 2576 | G107: X | J107: =D107-E107 -> -327 | K107: =E107-F107 -> -134 | L107: =F107-G107 -> #VALUE! | M107: =G107-H107 -> #VALUE!
A108: 9924-4 | B108: APARADOR LIPSIA "SOMENTE SEM VIDRO" | C108: 2,00 x 0,45 x 0,76 | D108: 2260 | E108: 2642 | F108: 2786 | G108: X | J108: =D108-E108 -> -382 | K108: =E108-F108 -> -144 | L108: =F108-G108 -> #VALUE! | M108: =G108-H108 -> #VALUE!
A109: 11094-4 | B109: APARADROR OITICICA | C109: 2,00 X 0,50 X 0,76 | D109: 3739 | E109: 4272 | F109: 4523 | G109: 4670 | J109: =D109-E109 -> -533 | K109: =E109-F109 -> -251 | L109: =F109-G109 -> -147 | M109: =G109-H109 -> 4670
A110: 11094-6 | B110: APARADROR OITICICA | C110: 2,40 X 0,50 X 0,76 | D110: 4027 | E110: 4565 | F110: 4860 | G110: 4978 | J110: =D110-E110 -> -538 | K110: =E110-F110 -> -295 | L110: =F110-G110 -> -118 | M110: =G110-H110 -> 4978
A111: 11104-4 | B111: APARADOR CILDO " somente s/VIDRO" | C111: 2,00 X 0,50 X 0,76 | D111: 3610 | E111: 4295 | F111: 4755 | G111: 4958 | J111: =D111-E111 -> -685 | K111: =E111-F111 -> -460 | L111: =F111-G111 -> -203 | M111: =G111-H111 -> 4958
A112: 11104-5 | B112: APARADOR CILDO " somente s/VIDRO" | C112: 2,20 X 0,50 X 0,76 | D112: 3738 | E112: 4515 | F112: 5005 | G112: 5170 | J112: =D112-E112 -> -777 | K112: =E112-F112 -> -490 | L112: =F112-G112 -> -165 | M112: =G112-H112 -> 5170
A113: 11104-6 | B113: APARADOR CILDO " somente s/VIDRO" | C113: 2,40 X 0,50 X 0,76 | D113: 4029 | E113: 4851 | F113: 5406 | G113: 5583 | J113: =D113-E113 -> -822 | K113: =E113-F113 -> -555 | L113: =F113-G113 -> -177 | M113: =G113-H113 -> 5583
A114: 5014-4 | B114: APARADOR NASSAU "SOMENTE S/VIDRO" | C114: 1,24 x 0,39 x 0,90 | D114: 3764 | E114: 4108 | F114: 4324 | G114: X | J114: =D114-E114 -> -344 | K114: =E114-F114 -> -216 | L114: =F114-G114 -> #VALUE! | M114: =G114-H114 -> #VALUE!
A115: 5016-6 | B115: MESA DE CENTRO NASSAU "SOMENTE S/VIDRO" | C115: 0,73 Ø X 0,33 | D115: 2358 | E115: 2612 | F115: 2612 | G115: 2738 | H115: X | J115: =D115-E115 -> -254 | K115: =E115-F115 -> 0 | L115: =F115-G115 -> -126 | M115: =G115-H115 -> #VALUE!
A116: 5016-10 | B116: MESA DE CENTRO NASSAU "SOMENTE S/VIDRO" | C116: 0,93 Ø X 0,35 | D116: 3211 | E116: 3653 | F116: 3653 | G116: 3864 | H116: X | J116: =D116-E116 -> -442 | K116: =E116-F116 -> 0 | L116: =F116-G116 -> -211 | M116: =G116-H116 -> #VALUE!
A117: 3196-3 | B117: MESA DE CENTRO NIDA "SOMENTE S/VIDRO" | C117: 0,70 Ø X 0,33 | D117: 1089 | E117: 1284 | F117: 1284 | G117: 1376 | H117: 1430 | J117: =D117-E117 -> -195 | K117: =E117-F117 -> 0 | L117: =F117-G117 -> -92 | M117: =G117-H117 -> -54
A118: 3196-4 | B118: MESA DE CENTRO NIDA "SOMENTE S/VIDRO" | C118: 0,90 Ø X 0,35 | D118: 1471 | E118: 1805 | F118: 1805 | G118: 1960 | H118: 2044 | J118: =D118-E118 -> -334 | K118: =E118-F118 -> 0 | L118: =F118-G118 -> -155 | M118: =G118-H118 -> -84
A119: 12038-3 | B119: mesa lateral Saint Clair " somente s/VIDRO" | C119: 0,83 X 0,54 X 0,50 | D119: 1703 | E119: 1802 | F119: 1802 | G119: 1930 | H119: 1970 | J119: =D119-E119 -> -99 | K119: =E119-F119 -> 0 | L119: =F119-G119 -> -128 | M119: =G119-H119 -> -40
A120: 12038-4 | B120: mesa lateral Saint Clair " somente s/VIDRO" | C120: 0,83 X 0,54 X 0,60 | D120: 1753 | E120: 1869 | F120: 1869 | G120: 1994 | H120: 2038 | J120: =D120-E120 -> -116 | K120: =E120-F120 -> 0 | L120: =F120-G120 -> -125 | M120: =G120-H120 -> -44
A121: 12036-11 | B121: MESA DE CENTRO Saint Clair " somente s/VIDRO" | C121: 2,23 X 1,08 X 0,38 | D121: 3193 | E121: 3919 | F121: 3919 | G121: 4353 | H121: 4457 | J121: =D121-E121 -> -726 | K121: =E121-F121 -> 0 | L121: =F121-G121 -> -434 | M121: =G121-H121 -> -104
A122: 12036-10 | B122: MESA DE CENTRO Saint Clair " somente s/VIDRO" | C122: 2,00 X 1,00 X 0,38 | D122: 3013 | E122: 3645 | F122: 3645 | G122: 4048 | H122: 4156 | J122: =D122-E122 -> -632 | K122: =E122-F122 -> 0 | L122: =F122-G122 -> -403 | M122: =G122-H122 -> -108
A123: 12036-4 | B123: MESA DE CENTRO Saint Clair " somente s/VIDRO" | C123: 1,80 X 0,90 X 0,38 | D123: 2817 | E123: 3374 | F123: 3374 | G123: 3674 | H123: 3758 | J123: =D123-E123 -> -557 | K123: =E123-F123 -> 0 | L123: =F123-G123 -> -300 | M123: =G123-H123 -> -84
A124: 12036-3 | B124: MESA DE CENTRO Saint Clair " somente s/VIDRO" | C124: 1,60 X 0,80 X 0,38 | D124: 2606 | E124: 3106 | F124: 3106 | G124: 3349 | H124: 3424 | J124: =D124-E124 -> -500 | K124: =E124-F124 -> 0 | L124: =F124-G124 -> -243 | M124: =G124-H124 -> -75
A125: 9921-2 | B125: MESA DE CENTRO LIPSIA REDONDA " somente s/VIDRO" | C125: 0,70 Ø X 0,30 | D125: 1381 | E125: 1580 | F125: 1580 | G125: 1640 | H125: X | J125: =D125-E125 -> -199 | K125: =E125-F125 -> 0 | L125: =F125-G125 -> -60 | M125: =G125-H125 -> #VALUE!
A126: 9921-4 | B126: MESA DE CENTRO LIPSIA REDONDA " somente s/VIDRO" | C126: 0,90 Ø X 0,35 | D126: 1672 | E126: 1908 | F126: 1908 | G126: 2019 | H126: X | J126: =D126-E126 -> -236 | K126: =E126-F126 -> 0 | L126: =F126-G126 -> -111 | M126: =G126-H126 -> #VALUE!
A127: 9921-5 | B127: MESA DE CENTRO LIPSIA REDONDA " somente s/VIDRO" | C127: 0,90 Ø X 0,30 | D127: 1639 | E127: 1875 | F127: 1875 | G127: 1986 | H127: X | J127: =D127-E127 -> -236 | K127: =E127-F127 -> 0 | L127: =F127-G127 -> -111 | M127: =G127-H127 -> #VALUE!
A128: 9921-6 | B128: MESA DE CENTRO LIPSIA REDONDA " somente s/VIDRO" | C128: 1,20 Ø X 0,35 | D128: 2178 | E128: 2513 | F128: 2513 | G128: 2722 | H128: X | J128: =D128-E128 -> -335 | K128: =E128-F128 -> 0 | L128: =F128-G128 -> -209 | M128: =G128-H128 -> #VALUE!
A129: 9926-7 | B129: MESA DE CENTRO LIPSIA " somente s/VIDRO" | C129: 1,35 X 0,70 X 0,30 | D129: 1969 | E129: 2182 | F129: 2182 | G129: 2330 | H129: X | J129: =D129-E129 -> -213 | K129: =E129-F129 -> 0 | L129: =F129-G129 -> -148 | M129: =G129-H129 -> #VALUE!
A130: 9926-8 | B130: MESA DE CENTRO LIPSIA " somente s/VIDRO" | C130: 1,60 X 0,70 X 0,30 | D130: 2156 | E130: 2408 | F130: 2408 | G130: 2573 | H130: X | J130: =D130-E130 -> -252 | K130: =E130-F130 -> 0 | L130: =F130-G130 -> -165 | M130: =G130-H130 -> #VALUE!
A131: 9926-10 | B131: MESA DE CENTRO LIPSIA " somente s/VIDRO" | C131: 1,80 X 0,80 X 0,30 | D131: 2315 | E131: 2927 | F131: 2927 | G131: 3141 | H131: X | J131: =D131-E131 -> -612 | K131: =E131-F131 -> 0 | L131: =F131-G131 -> -214 | M131: =G131-H131 -> #VALUE!
A132: 3300-7 | B132: MESA DE CENTRO CORA " somente s/VIDRO" | C132: 1,35 X 0,70 X 0,35 | D132: 1316 | E132: 1489 | F132: 1489 | G132: 1645 | H132: 1698 | J132: =D132-E132 -> -173 | K132: =E132-F132 -> 0 | L132: =F132-G132 -> -156 | M132: =G132-H132 -> -53
A133: 3300-8 | B133: MESA DE CENTRO CORA " somente s/VIDRO" | C133: 1,60 X 0,70 X 0,35 | D133: 1428 | E133: 1687 | F133: 1687 | G133: 1865 | H133: 1933 | J133: =D133-E133 -> -259 | K133: =E133-F133 -> 0 | L133: =F133-G133 -> -178 | M133: =G133-H133 -> -68
...

Sheet Aparadores
C1: APARADORES | G1: LANÇAMENTO 2025 | K1: LANÇAMENTO 2025
A2: COLEÇÃO | B2: REF | C2: DESCRIÇÃO | D2: COMP X PROF X ALT | E2: Em caso de cores diferentes Base ou Tampo, utilizar preço de maior valor | I2: Em caso de cores diferentes Base ou Tampo, utilizar preço de maior valor
E3: COLUNA 1 | F3: COLUNA 2 | G3: COLUNA 3 | H3: COLUNA 4 | I3: COLUNA 1 | J3: COLUNA 2 | K3: COLUNA 3 | L3: COLUNA 4
E4: LACA LISA BRAZIL ( COM OU SEM VIDRO PINTADO) | F4: - CARVALHO CLARO - CARVALHO NATURAL - CARVALHO LAVADO - CARV. EBANIZADO - IMBUIA CLARA * ACRESCENTAR 12% SE COM VIDRO PINTADO | G4: - NOGUEIRA - NOGUEIRA NATURAL - LOURO FREIJÓ - LOURO FREIJÓ NATURAL - CANELA - LACA METALIZADA BRAZIL - CARV. ÔNIX METALIZADO - CARV. N109 METALIZADO - CARV. ALBANIZADO - CARV. H155 FOSCO - CONCRETO (SOMENTE SEM VIDRO) | H4: - PAU FERRO | I4: LACA LISA BRAZIL ( COM OU SEM VIDRO PINTADO) | J4: - CARVALHO CLARO - CARVALHO NATURAL - CARVALHO LAVADO - CARV. EBANIZADO - IMBUIA CLARA * ACRESCENTAR 12% SE COM VIDRO PINTADO | K4: - NOGUEIRA - NOGUEIRA NATURAL - LOURO FREIJÓ - LOURO FREIJÓ NATURAL - CANELA - LACA METALIZADA BRAZIL - CARV. ÔNIX METALIZADO - CARV. N109 METALIZADO - CARV. ALBANIZADO - CARV. H155 FOSCO - CONCRETO (SOMENTE SEM VIDRO) | L4: - PAU FERRO
E5: OBS. O ACABAMENTO DO METAL NÃO INFLUENCIARÁ NO VALOR DO APARADOR | I5: OBS. O ACABAMENTO DO METAL NÃO INFLUENCIARÁ NO VALOR DO APARADOR
A6: CILDO | B6: 11104-4 | C6: Aparador Cildo "SOMENTE SEM VIDRO" | D6: 2,00 X 0,50 X 0,76 | E6: =VLOOKUP(B6,'Origem '!$A$1:$D$181,4,0) -> 3610 | F6: =VLOOKUP(B6,'Origem '!$A$1:$E$181,5,0) -> 4295 | G6: =VLOOKUP(B6,'Origem '!$A$1:$F$181,6,0) -> 4755 | H6: =VLOOKUP(B6,'Origem '!$A$1:$G$181,7,0) -> 4958 | I6: =E6*'Mark Up '!$C$2 -> 16678.2 | J6: =F6*'Mark Up '!$C$2 -> 19842.9 | K6: =G6*'Mark Up '!$C$2 -> 21968.1 | L6: =H6*'Mark Up '!$C$2 -> 22905.96
B7: 11104-5 | C7: Aparador Cildo "SOMENTE SEM VIDRO" | D7: 2,20 X 0,50 X 0,76 | E7: =VLOOKUP(B7,'Origem '!$A$1:$D$181,4,0) -> 3738 | F7: =VLOOKUP(B7,'Origem '!$A$1:$E$181,5,0) -> 4515 | G7: =VLOOKUP(B7,'Origem '!$A$1:$F$181,6,0) -> 5005 | H7: =VLOOKUP(B7,'Origem '!$A$1:$G$181,7,0) -> 5170 | I7: =E7*'Mark Up '!$C$2 -> 17269.56 | J7: =F7*'Mark Up '!$C$2 -> 20859.3 | K7: =G7*'Mark Up '!$C$2 -> 23123.1 | L7: =H7*'Mark Up '!$C$2 -> 23885.4
B8: 11104-6 | C8: Aparador Cildo "SOMENTE SEM VIDRO" | D8: 2,40 X 0,50 X 0,76 | E8: =VLOOKUP(B8,'Origem '!$A$1:$D$181,4,0) -> 4029 | F8: =VLOOKUP(B8,'Origem '!$A$1:$E$181,5,0) -> 4851 | G8: =VLOOKUP(B8,'Origem '!$A$1:$F$181,6,0) -> 5406 | H8: =VLOOKUP(B8,'Origem '!$A$1:$G$181,7,0) -> 5583 | I8: =E8*'Mark Up '!$C$2 -> 18613.98 | J8: =F8*'Mark Up '!$C$2 -> 22411.62 | K8: =G8*'Mark Up '!$C$2 -> 24975.72 | L8: =H8*'Mark Up '!$C$2 -> 25793.46
A9: COBK | B9: 1014-1 | C9: Aparador Cobk Vidro Apenas na Bandeja, Pés Metal | D9: 1,36 x 0,39 x 0,76 | E9: =VLOOKUP(B9,'Origem '!$A$1:$D$181,4,0) -> 1919 | F9: =VLOOKUP(B9,'Origem '!$A$1:$E$181,5,0) -> 2203 | G9: =VLOOKUP(B9,'Origem '!$A$1:$F$181,6,0) -> 2444 | H9: =VLOOKUP(B9,'Origem '!$A$1:$G$181,7,0) -> 2501 | I9: =E9*'Mark Up '!$C$2 -> 8865.78 | J9: =F9*'Mark Up '!$C$2 -> 10177.86 | K9: =G9*'Mark Up '!$C$2 -> 11291.28 | L9: =H9*'Mark Up '!$C$2 -> 11554.62
B10: 1014-2 | C10: Aparador Cobk Vidro Apenas na Bandeja, Pés Metal | D10: 1,60 x 0,39 x 0,76 | E10: =VLOOKUP(B10,'Origem '!$A$1:$D$181,4,0) -> 1989 | F10: =VLOOKUP(B10,'Origem '!$A$1:$E$181,5,0) -> 2317 | G10: =VLOOKUP(B10,'Origem '!$A$1:$F$181,6,0) -> 2529 | H10: =VLOOKUP(B10,'Origem '!$A$1:$G$181,7,0) -> 2624 | I10: =E10*'Mark Up '!$C$2 -> 9189.18 | J10: =F10*'Mark Up '!$C$2 -> 10704.54 | K10: =G10*'Mark Up '!$C$2 -> 11683.98 | L10: =H10*'Mark Up '!$C$2 -> 12122.88
B11: 1014-3 | C11: Aparador Cobk Vidro Apenas na Bandeja, Pés Metal | D11: 1,80 x 0,39 x 0,76 | E11: =VLOOKUP(B11,'Origem '!$A$1:$D$181,4,0) -> 2096 | F11: =VLOOKUP(B11,'Origem '!$A$1:$E$181,5,0) -> 2454 | G11: =VLOOKUP(B11,'Origem '!$A$1:$F$181,6,0) -> 2680 | H11: =VLOOKUP(B11,'Origem '!$A$1:$G$181,7,0) -> 2730 | I11: =E11*'Mark Up '!$C$2 -> 9683.52 | J11: =F11*'Mark Up '!$C$2 -> 11337.48 | K11: =G11*'Mark Up '!$C$2 -> 12381.6 | L11: =H11*'Mark Up '!$C$2 -> 12612.6
B12: 1014-4 | C12: Aparador Cobk Vidro Apenas na Bandeja, Pés Metal | D12: 2,00 x 0,39 x 0,76 | E12: =VLOOKUP(B12,'Origem '!$A$1:$D$181,4,0) -> 2237 | F12: =VLOOKUP(B12,'Origem '!$A$1:$E$181,5,0) -> 2614 | G12: =VLOOKUP(B12,'Origem '!$A$1:$F$181,6,0) -> 2928 | H12: =VLOOKUP(B12,'Origem '!$A$1:$G$181,7,0) -> 2973 | I12: =E12*'Mark Up '!$C$2 -> 10334.94 | J12: =F12*'Mark Up '!$C$2 -> 12076.68 | K12: =G12*'Mark Up '!$C$2 -> 13527.36 | L12: =H12*'Mark Up '!$C$2 -> 13735.26
A13: LA PLATA | B13: 10054-2 | C13: Aparador Lá Plata | D13: 1,60 x 0,45 x 0,76 | E13: =VLOOKUP(B13,'Origem '!$A$1:$D$181,4,0) -> 2066 | F13: =VLOOKUP(B13,'Origem '!$A$1:$E$181,5,0) -> 2417 | G13: =VLOOKUP(B13,'Origem '!$A$1:$F$181,6,0) -> 2653 | H13: =VLOOKUP(B13,'Origem '!$A$1:$G$181,7,0) -> 2741 | I13: =E13*'Mark Up '!$C$2 -> 9544.92 | J13: =F13*'Mark Up '!$C$2 -> 11166.54 | K13: =G13*'Mark Up '!$C$2 -> 12256.86 | L13: =H13*'Mark Up '!$C$2 -> 12663.42
B14: 10054-3 | C14: Aparador Lá Plata | D14: 1,80 x 0,45 x 0,76 | E14: =VLOOKUP(B14,'Origem '!$A$1:$D$181,4,0) -> 2144 | F14: =VLOOKUP(B14,'Origem '!$A$1:$E$181,5,0) -> 2486 | G14: =VLOOKUP(B14,'Origem '!$A$1:$F$181,6,0) -> 2728 | H14: =VLOOKUP(B14,'Origem '!$A$1:$G$181,7,0) -> 2815 | I14: =E14*'Mark Up '!$C$2 -> 9905.28 | J14: =F14*'Mark Up '!$C$2 -> 11485.32 | K14: =G14*'Mark Up '!$C$2 -> 12603.36 | L14: =H14*'Mark Up '!$C$2 -> 13005.3
B15: 10054-4 | C15: Aparador Lá Plata | D15: 2,00 x 0,45 x 0,76 | E15: =VLOOKUP(B15,'Origem '!$A$1:$D$181,4,0) -> 2288 | F15: =VLOOKUP(B15,'Origem '!$A$1:$E$181,5,0) -> 2614 | G15: =VLOOKUP(B15,'Origem '!$A$1:$F$181,6,0) -> 2884 | H15: =VLOOKUP(B15,'Origem '!$A$1:$G$181,7,0) -> 2971 | I15: =E15*'Mark Up '!$C$2 -> 10570.56 | J15: =F15*'Mark Up '!$C$2 -> 12076.68 | K15: =G15*'Mark Up '!$C$2 -> 13324.08 | L15: =H15*'Mark Up '!$C$2 -> 13726.02
B16: 10054-5 | C16: Aparador Lá Plata | D16: 2,20 x 0,45 x 0,76 | E16: =VLOOKUP(B16,'Origem '!$A$1:$D$181,4,0) -> 2406 | F16: =VLOOKUP(B16,'Origem '!$A$1:$E$181,5,0) -> 2732 | G16: =VLOOKUP(B16,'Origem '!$A$1:$F$181,6,0) -> 3045 | H16: =VLOOKUP(B16,'Origem '!$A$1:$G$181,7,0) -> 3132 | I16: =E16*'Mark Up '!$C$2 -> 11115.72 | J16: =F16*'Mark Up '!$C$2 -> 12621.84 | K16: =G16*'Mark Up '!$C$2 -> 14067.9 | L16: =H16*'Mark Up '!$C$2 -> 14469.84
A17: LIPSIA | B17: 9924-1 | C17: Aparador Lipsia "SOMENTE SEM VIDRO" | D17: 1,40 x 0,45 x 0,76 | E17: =VLOOKUP(B17,'Origem '!$A$1:$D$181,4,0) -> 1943 | F17: =VLOOKUP(B17,'Origem '!$A$1:$E$181,5,0) -> 2169 | G17: =VLOOKUP(B17,'Origem '!$A$1:$F$181,6,0) -> 2279 | H17: =VLOOKUP(B17,'Origem '!$A$1:$G$181,7,0) -> X | I17: =E17*'Mark Up '!$C$2 -> 8976.66 | J17: =F17*'Mark Up '!$C$2 -> 10020.78 | K17: =G17*'Mark Up '!$C$2 -> 10528.98 | L17: X
B18: 9924-2 | C18: Aparador Lipsia "SOMENTE SEM VIDRO" | D18: 1,60 x 0,45 x 0,76 | E18: =VLOOKUP(B18,'Origem '!$A$1:$D$181,4,0) -> 2005 | F18: =VLOOKUP(B18,'Origem '!$A$1:$E$181,5,0) -> 2314 | G18: =VLOOKUP(B18,'Origem '!$A$1:$F$181,6,0) -> 2438 | H18: =VLOOKUP(B18,'Origem '!$A$1:$G$181,7,0) -> X | I18: =E18*'Mark Up '!$C$2 -> 9263.1 | J18: =F18*'Mark Up '!$C$2 -> 10690.68 | K18: =G18*'Mark Up '!$C$2 -> 11263.56 | L18: X
B19: 9924-3 | C19: Aparador Lipsia "SOMENTE SEM VIDRO" | D19: 1,80 x 0,45 x 0,76 | E19: =VLOOKUP(B19,'Origem '!$A$1:$D$181,4,0) -> 2115 | F19: =VLOOKUP(B19,'Origem '!$A$1:$E$181,5,0) -> 2442 | G19: =VLOOKUP(B19,'Origem '!$A$1:$F$181,6,0) -> 2576 | H19: =VLOOKUP(B19,'Origem '!$A$1:$G$181,7,0) -> X | I19: =E19*'Mark Up '!$C$2 -> 9771.3 | J19: =F19*'Mark Up '!$C$2 -> 11282.04 | K19: =G19*'Mark Up '!$C$2 -> 11901.12 | L19: X
B20: 9924-4 | C20: Aparador Lipsia "SOMENTE SEM VIDRO" | D20: 2,00 x 0,45 x 0,76 | E20: =VLOOKUP(B20,'Origem '!$A$1:$D$181,4,0) -> 2260 | F20: =VLOOKUP(B20,'Origem '!$A$1:$E$181,5,0) -> 2642 | G20: =VLOOKUP(B20,'Origem '!$A$1:$F$181,6,0) -> 2786 | H20: =VLOOKUP(B20,'Origem '!$A$1:$G$181,7,0) -> X | I20: =E20*'Mark Up '!$C$2 -> 10441.2 | J20: =F20*'Mark Up '!$C$2 -> 12206.04 | K20: =G20*'Mark Up '!$C$2 -> 12871.32 | L20: X
A21: MACAÇAR | B21: 10024-2 | C21: Aparador Macaçar "SOMENTE SEM VIDRO" | D21: 1,60 x 0,45 x 0,76 | E21: =VLOOKUP(B21,'Origem '!$A$1:$D$181,4,0) -> 2170 | F21: =VLOOKUP(B21,'Origem '!$A$1:$E$181,5,0) -> 2733 | G21: =VLOOKUP(B21,'Origem '!$A$1:$F$181,6,0) -> 2920 | H21: =VLOOKUP(B21,'Origem '!$A$1:$G$181,7,0) -> X | I21: =E21*'Mark Up '!$C$2 -> 10025.4 | J21: =F21*'Mark Up '!$C$2 -> 12626.46 | K21: =G21*'Mark Up '!$C$2 -> 13490.4 | L21: X
B22: 10024-3 | C22: Aparador Macaçar "SOMENTE SEM VIDRO" | D22: 1,80 x 0,45 x 0,76 | E22: =VLOOKUP(B22,'Origem '!$A$1:$D$181,4,0) -> 2286 | F22: =VLOOKUP(B22,'Origem '!$A$1:$E$181,5,0) -> 2957 | G22: =VLOOKUP(B22,'Origem '!$A$1:$F$181,6,0) -> 3196 | H22: =VLOOKUP(B22,'Origem '!$A$1:$G$181,7,0) -> X | I22: =E22*'Mark Up '!$C$2 -> 10561.32 | J22: =F22*'Mark Up '!$C$2 -> 13661.34 | K22: =G22*'Mark Up '!$C$2 -> 14765.52 | L22: X
B23: 10024-4 | C23: Aparador Macaçar "SOMENTE SEM VIDRO" | D23: 2,00 x 0,45 x 0,76 | E23: =VLOOKUP(B23,'Origem '!$A$1:$D$181,4,0) -> 2598 | F23: =VLOOKUP(B23,'Origem '!$A$1:$E$181,5,0) -> 3111 | G23: =VLOOKUP(B23,'Origem '!$A$1:$F$181,6,0) -> 3347 | H23: =VLOOKUP(B23,'Origem '!$A$1:$G$181,7,0) -> X | I23: =E23*'Mark Up '!$C$2 -> 12002.76 | J23: =F23*'Mark Up '!$C$2 -> 14372.82 | K23: =G23*'Mark Up '!$C$2 -> 15463.14 | L23: X
A24: OITICICA | B24: 11094-4 | C24: Aparador Oiticica "SOMENTE SEM VIDRO" | D24: 2,00 X 0,50 X 0,76 | E24: =VLOOKUP(B24,'Origem '!$A$1:$D$181,4,0) -> 3739 | F24: =VLOOKUP(B24,'Origem '!$A$1:$E$181,5,0) -> 4272 | G24: =VLOOKUP(B24,'Origem '!$A$1:$F$181,6,0) -> 4523 | H24: =VLOOKUP(B24,'Origem '!$A$1:$G$181,7,0) -> 4670 | I24: =E24*'Mark Up '!$C$2 -> 17274.18 | J24: =F24*'Mark Up '!$C$2 -> 19736.64 | K24: =G24*'Mark Up '!$C$2 -> 20896.26 | L24: =H24*'Mark Up '!$C$2 -> 21575.4
B25: 11094-6 | C25: Aparador Oiticica "SOMENTE SEM VIDRO" | D25: 2,40 X 0,50 X 0,76 | E25: =VLOOKUP(B25,'Origem '!$A$1:$D$181,4,0) -> 4027 | F25: =VLOOKUP(B25,'Origem '!$A$1:$E$181,5,0) -> 4565 | G25: =VLOOKUP(B25,'Origem '!$A$1:$F$181,6,0) -> 4860 | H25: =VLOOKUP(B25,'Origem '!$A$1:$G$181,7,0) -> 4978 | I25: =E25*'Mark Up '!$C$2 -> 18604.74 | J25: =F25*'Mark Up '!$C$2 -> 21090.3 | K25: =G25*'Mark Up '!$C$2 -> 22453.2 | L25: =H25*'Mark Up '!$C$2 -> 22998.36
A26: TROIA | B26: 6064-3 | C26: Aparador Troia | D26: 1,80 x 0,50 x 0,76 | E26: =VLOOKUP(B26,'Origem '!$A$1:$D$181,4,0) -> 2451 | F26: =VLOOKUP(B26,'Origem '!$A$1:$E$181,5,0) -> 2489 | G26: =VLOOKUP(B26,'Origem '!$A$1:$F$181,6,0) -> 2676 | H26: =VLOOKUP(B26,'Origem '!$A$1:$G$181,7,0) -> X | I26: =E26*'Mark Up '!$C$2 -> 11323.62 | J26: =F26*'Mark Up '!$C$2 -> 11499.18 | K26: =G26*'Mark Up '!$C$2 -> 12363.12 | L26: X
B27: 6064-4 | C27: Aparador Troia | D27: 2,00 x 0,50 x 0,76 | E27: =VLOOKUP(B27,'Origem '!$A$1:$D$181,4,0) -> 2546 | F27: =VLOOKUP(B27,'Origem '!$A$1:$E$181,5,0) -> 2587 | G27: =VLOOKUP(B27,'Origem '!$A$1:$F$181,6,0) -> 2771 | H27: =VLOOKUP(B27,'Origem '!$A$1:$G$181,7,0) -> X | I27: =E27*'Mark Up '!$C$2 -> 11762.52 | J27: =F27*'Mark Up '!$C$2 -> 11951.94 | K27: =G27*'Mark Up '!$C$2 -> 12802.02 | L27: X
B28: 6064-5 | C28: Aparador Troia | D28: 2,20 x 0,50 x 0,76 | E28: =VLOOKUP(B28,'Origem '!$A$1:$D$181,4,0) -> 2836 | F28: =VLOOKUP(B28,'Origem '!$A$1:$E$181,5,0) -> 2890 | G28: =VLOOKUP(B28,'Origem '!$A$1:$F$181,6,0) -> 3081 | H28: =VLOOKUP(B28,'Origem '!$A$1:$G$181,7,0) -> X | I28: =E28*'Mark Up '!$C$2 -> 13102.32 | J28: =F28*'Mark Up '!$C$2 -> 13351.8 | K28: =G28*'Mark Up '!$C$2 -> 14234.22 | L28: X
A29: USSÉ | B29: 1064-1 | C29: Aparador Ussé | D29: 1,41 x 0,46 x 0,76 | E29: =VLOOKUP(B29,'Origem '!$A$1:$D$181,4,0) -> 1811 | F29: =VLOOKUP(B29,'Origem '!$A$1:$E$181,5,0) -> 2223 | G29: =VLOOKUP(B29,'Origem '!$A$1:$F$181,6,0) -> 2430 | H29: =VLOOKUP(B29,'Origem '!$A$1:$G$181,7,0) -> 2525 | I29: =E29*'Mark Up '!$C$2 -> 8366.82 | J29: =F29*'Mark Up '!$C$2 -> 10270.26 | K29: =G29*'Mark Up '!$C$2 -> 11226.6 | L29: =H29*'Mark Up '!$C$2 -> 11665.5
B30: 1064-2 | C30: Aparador Ussé | D30: 1,61 x 0,46 x 0,76 | E30: =VLOOKUP(B30,'Origem '!$A$1:$D$181,4,0) -> 1959 | F30: =VLOOKUP(B30,'Origem '!$A$1:$E$181,5,0) -> 2344 | G30: =VLOOKUP(B30,'Origem '!$A$1:$F$181,6,0) -> 2560 | H30: =VLOOKUP(B30,'Origem '!$A$1:$G$181,7,0) -> 2647 | I30: =E30*'Mark Up '!$C$2 -> 9050.58 | J30: =F30*'Mark Up '!$C$2 -> 10829.28 | K30: =G30*'Mark Up '!$C$2 -> 11827.2 | L30: =H30*'Mark Up '!$C$2 -> 12229.14
B31: 1064-3 | C31: Aparador Ussé | D31: 1,81 x 0,46 x 0,76 | E31: =VLOOKUP(B31,'Origem '!$A$1:$D$181,4,0) -> 2072 | F31: =VLOOKUP(B31,'Origem '!$A$1:$E$181,5,0) -> 2459 | G31: =VLOOKUP(B31,'Origem '!$A$1:$F$181,6,0) -> 2696 | H31: =VLOOKUP(B31,'Origem '!$A$1:$G$181,7,0) -> 2800 | I31: =E31*'Mark Up '!$C$2 -> 9572.64 | J31: =F31*'Mark Up '!$C$2 -> 11360.58 | K31: =G31*'Mark Up '!$C$2 -> 12455.52 | L31: =H31*'Mark Up '!$C$2 -> 12936
B32: 1064-4 | C32: Aparador Ussé | D32: 2,01 x 0,46 x 0,76 | E32: =VLOOKUP(B32,'Origem '!$A$1:$D$181,4,0) -> 2531 | F32: =VLOOKUP(B32,'Origem '!$A$1:$E$181,5,0) -> 2664 | G32: =VLOOKUP(B32,'Origem '!$A$1:$F$181,6,0) -> 3317 | H32: =VLOOKUP(B32,'Origem '!$A$1:$G$181,7,0) -> 3426 | I32: =E32*'Mark Up '!$C$2 -> 11693.22 | J32: =F32*'Mark Up '!$C$2 -> 12307.68 | K32: =G32*'Mark Up '!$C$2 -> 15324.54 | L32: =H32*'Mark Up '!$C$2 -> 15828.12

Sheet Gaveteiros
C1: GAVETEIROS | G1: LANÇAMENTO 2025 | K1: LANÇAMENTO 2025
A2: COLEÇÃO | B2: REF | C2: DESCRIÇÃO | D2: COMP X PROF X ALT | E2: Em caso de cores diferentes, utilizar preço de maior valor | I2: Em caso de cores diferentes, utilizar preço de maior valor
E3: COLUNA 1 | F3: COLUNA 2 | G3: COLUNA 3 | H3: COLUNA 4 | I3: COLUNA 1 | J3: COLUNA 2 | K3: COLUNA 3 | L3: COLUNA 4
E4: LACA LISA BRAZIL ( COM OU SEM VIDRO PINTADO) | F4: - CARVALHO CLARO - CARVALHO NATURAL - CARVALHO LAVADO - CARV. EBANIZADO - IMBUIA CLARA * ACRESCENTAR 12% SE COM VIDRO PINTADO | G4: - NOGUEIRA - NOGUEIRA NATURAL - LOURO FREIJÓ - LOURO FREIJÓ NATURAL - CANELA - LACA METALIZADA BRAZIL - CARV. ÔNIX METALIZADO - CARV. N109 METALIZADO - CARV. ALBANIZADO - CARV. H155 FOSCO - CONCRETO (SOMENTE SEM VIDRO) | H4: - PAU FERRO | I4: LACA LISA BRAZIL ( COM OU SEM VIDRO PINTADO) | J4: - CARVALHO CLARO - CARVALHO NATURAL - CARVALHO LAVADO - CARV. EBANIZADO - IMBUIA CLARA * ACRESCENTAR 12% SE COM VIDRO PINTADO | K4: - NOGUEIRA - NOGUEIRA NATURAL - LOURO FREIJÓ - LOURO FREIJÓ NATURAL - CANELA - LACA METALIZADA BRAZIL - CARV. ÔNIX METALIZADO - CARV. N109 METALIZADO - CARV. ALBANIZADO - CARV. H155 FOSCO - CONCRETO (SOMENTE SEM VIDRO) | L4: - PAU FERRO
E5: OBS. O ACABAMENTO DO METAL NÃO INFLUENCIARÁ NO VALOR DOS GAVETEIROS | I5: OBS. O ACABAMENTO DO METAL NÃO INFLUENCIARÁ NO VALOR DOS GAVETEIROS
A6: ERNESTO | B6: 11122-0 | C6: Gaveteiro Ernesto Pés Metal | D6: 0,54 X 0,46 X 0,58 | E6: =VLOOKUP(B6,'Origem '!$A$1:$D$181,4,0) -> 2258 | F6: =VLOOKUP(B6,'Origem '!$A$1:$E$181,5,0) -> 2656 | G6: =VLOOKUP(B6,'Origem '!$A$1:$F$181,6,0) -> 2798 | H6: =VLOOKUP(B6,'Origem '!$A$1:$G$181,7,0) -> 2885 | I6: =E6*'Mark Up '!$C$2 -> 10431.96 | J6: =F6*'Mark Up '!$C$2 -> 12270.72 | K6: =G6*'Mark Up '!$C$2 -> 12926.76 | L6: =H6*'Mark Up '!$C$2 -> 13328.7
B7: 11122-2 | C7: Gaveteiro Ernesto Pés Metal | D7: 0,74 X 0,46 X 0,58 | E7: =VLOOKUP(B7,'Origem '!$A$1:$D$181,4,0) -> 2451 | F7: =VLOOKUP(B7,'Origem '!$A$1:$E$181,5,0) -> 2909 | G7: =VLOOKUP(B7,'Origem '!$A$1:$F$181,6,0) -> 3189 | H7: =VLOOKUP(B7,'Origem '!$A$1:$G$181,7,0) -> 3305 | I7: =E7*'Mark Up '!$C$2 -> 11323.62 | J7: =F7*'Mark Up '!$C$2 -> 13439.58 | K7: =G7*'Mark Up '!$C$2 -> 14733.18 | L7: =H7*'Mark Up '!$C$2 -> 15269.1
A8: HADAR | B8: 3322-0 | C8: Gaveteiro Hadar Pés Metal | D8: 54 x 46,5 x 60 | E8: =VLOOKUP(B8,'Origem '!$A$1:$D$181,4,0) -> 1882 | F8: =VLOOKUP(B8,'Origem '!$A$1:$E$181,5,0) -> 2462 | G8: =VLOOKUP(B8,'Origem '!$A$1:$F$181,6,0) -> 2623 | H8: =VLOOKUP(B8,'Origem '!$A$1:$G$181,7,0) -> 2687 | I8: =E8*'Mark Up '!$C$2 -> 8694.84 | J8: =F8*'Mark Up '!$C$2 -> 11374.44 | K8: =G8*'Mark Up '!$C$2 -> 12118.26 | L8: =H8*'Mark Up '!$C$2 -> 12413.94
B9: 3322-2 | C9: Gaveteiro Hadar Pés Metal | D9: 74 x 46,5 x 60 | E9: =VLOOKUP(B9,'Origem '!$A$1:$D$181,4,0) -> 1998 | F9: =VLOOKUP(B9,'Origem '!$A$1:$E$181,5,0) -> 2698 | G9: =VLOOKUP(B9,'Origem '!$A$1:$F$181,6,0) -> 2819 | H9: =VLOOKUP(B9,'Origem '!$A$1:$G$181,7,0) -> 2896 | I9: =E9*'Mark Up '!$C$2 -> 9230.76 | J9: =F9*'Mark Up '!$C$2 -> 12464.76 | K9: =G9*'Mark Up '!$C$2 -> 13023.78 | L9: =H9*'Mark Up '!$C$2 -> 13379.52
A10: LASI | B10: 3222-5 | C10: Gaveteiro Lasi | D10: 0,41 Ø X 0,65 | E10: =VLOOKUP(B10,'Origem '!$A$1:$D$181,4,0) -> 1698 | F10: =VLOOKUP(B10,'Origem '!$A$1:$E$181,5,0) -> 2160 | G10: =VLOOKUP(B10,'Origem '!$A$1:$F$181,6,0) -> 2255 | H10: =VLOOKUP(B10,'Origem '!$A$1:$G$181,7,0) -> 2348 | I10: =E10*'Mark Up '!$C$2 -> 7844.76 | J10: =F10*'Mark Up '!$C$2 -> 9979.2 | K10: =G10*'Mark Up '!$C$2 -> 10418.1 | L10: =H10*'Mark Up '!$C$2 -> 10847.76

Sheet Complementos
C1: COMPLEMENTOS | G1: LANÇAMENTO 2025 | K1: LANÇAMENTO 2025
A2: COLEÇÃO | B2: REF | C2: DESCRIÇÃO | D2: COMP X PROF X ALT | E2: Em caso de cores diferentes Base ou Tampo, utilizar preço de maior valor | I2: Em caso de cores diferentes Base ou Tampo, utilizar preço de maior valor
E3: COLUNA 1 | F3: COLUNA 2 | G3: COLUNA 3 | H3: COLUNA 4 | I3: COLUNA 1 | J3: COLUNA 2 | K3: COLUNA 3 | L3: COLUNA 4
E4: LACA LISA BRAZIL ( COM OU SEM VIDRO PINTADO) | F4: - CARVALHO CLARO - CARVALHO NATURAL - CARVALHO LAVADO - CARV. EBANIZADO - IMBUIA CLARA * ACRESCENTAR 12% SE COM VIDRO PINTADO | G4: - NOGUEIRA - NOGUEIRA NATURAL - LOURO FREIJÓ - LOURO FREIJÓ NATURAL - CANELA - LACA METALIZADA BRAZIL - CARV. ÔNIX METALIZADO - CARV. N109 METALIZADO - CARV. ALBANIZADO - CARV. H155 FOSCO - CONCRETO (SOMENTE SEM VIDRO) | H4: - PAU FERRO | I4: LACA LISA BRAZIL ( COM OU SEM VIDRO PINTADO) | J4: - CARVALHO CLARO - CARVALHO NATURAL - CARVALHO LAVADO - CARV. EBANIZADO - IMBUIA CLARA * ACRESCENTAR 12% SE COM VIDRO PINTADO | K4: - NOGUEIRA - NOGUEIRA NATURAL - LOURO FREIJÓ - LOURO FREIJÓ NATURAL - CANELA - LACA METALIZADA BRAZIL - CARV. ÔNIX METALIZADO - CARV. N109 METALIZADO - CARV. ALBANIZADO - CARV. H155 FOSCO - CONCRETO (SOMENTE SEM VIDRO) | L4: - PAU FERRO
E5: OBS. O ACABAMENTO DO METAL NÃO INFLUENCIARÁ NO VALOR DO MÓVEL | I5: OBS. O ACABAMENTO DO METAL NÃO INFLUENCIARÁ NO VALOR DO MÓVEL
A6: RESPIRO | B6: 4060-4 | C6: Banco Respiro | D6: 1,80 X 0,45 X 0,42 | E6: =VLOOKUP(B6,'Origem '!$A$1:$D$181,4,0) -> 2471 | F6: =VLOOKUP(B6,'Origem '!$A$1:$E$181,5,0) -> 2714 | G6: =VLOOKUP(B6,'Origem '!$A$1:$F$181,6,0) -> 2837 | H6: =VLOOKUP(B6,'Origem '!$A$1:$G$181,7,0) -> X | I6: =E6*'Mark Up '!$C$2 -> 11416.02 | J6: =F6*'Mark Up '!$C$2 -> 12538.68 | K6: =G6*'Mark Up '!$C$2 -> 13106.94 | L6: X
B7: 4060-5 | C7: Banco Respiro | D7: 2,00 X 0,45 X 0,42 | E7: =VLOOKUP(B7,'Origem '!$A$1:$D$181,4,0) -> 2586 | F7: =VLOOKUP(B7,'Origem '!$A$1:$E$181,5,0) -> 2858 | G7: =VLOOKUP(B7,'Origem '!$A$1:$F$181,6,0) -> 2990 | H7: =VLOOKUP(B7,'Origem '!$A$1:$G$181,7,0) -> X | I7: =E7*'Mark Up '!$C$2 -> 11947.32 | J7: =F7*'Mark Up '!$C$2 -> 13203.96 | K7: =G7*'Mark Up '!$C$2 -> 13813.8 | L7: X
A8: IRAN | B8: 11133-2 | C8: Moldura Iran | D8: 1,96 X 0,95 X 0,75 | E8: =VLOOKUP(B8,'Origem '!$A$1:$D$181,4,0) -> 4046 | F8: =VLOOKUP(B8,'Origem '!$A$1:$E$181,5,0) -> 4770 | G8: =VLOOKUP(B8,'Origem '!$A$1:$F$181,6,0) -> 4794 | H8: =VLOOKUP(B8,'Origem '!$A$1:$G$181,7,0) -> 4876 | I8: =E8*'Mark Up '!$C$2 -> 18692.52 | J8: =F8*'Mark Up '!$C$2 -> 22037.4 | K8: =G8*'Mark Up '!$C$2 -> 22148.28 | L8: =H8*'Mark Up '!$C$2 -> 22527.12
A9: MUNIZ | B9: 3310-0 | C9: Moldura Muniz | D9: 1,06 X 0,13 X 1,13 | E9: =VLOOKUP(B9,'Origem '!$A$1:$D$181,4,0) -> 2246 | F9: =VLOOKUP(B9,'Origem '!$A$1:$E$181,5,0) -> 2289 | G9: =VLOOKUP(B9,'Origem '!$A$1:$F$181,6,0) -> 2449 | H9: =VLOOKUP(B9,'Origem '!$A$1:$G$181,7,0) -> 2506 | I9: =E9*'Mark Up '!$C$2 -> 10376.52 | J9: =F9*'Mark Up '!$C$2 -> 10575.18 | K9: =G9*'Mark Up '!$C$2 -> 11314.38 | L9: =H9*'Mark Up '!$C$2 -> 11577.72

Sheet Mesa Centro e Laterais
C1: MESAS DE CENTRO E LATERAIS | H1: LANÇAMENTO 2025 | M1: LANÇAMENTO 2025
A2: COLEÇÃO | B2: REF | C2: DESCRIÇÃO | D2: COMP X PROF X ALT | E2: Em caso de cores diferentes Base ou Tampo, utilizar preço de maior valor | J2: Em caso de cores diferentes Base ou Tampo, utilizar preço de maior valor
E3: COLUNA 1 | F3: COLUNA 2 | G3: COLUNA 3 | H3: COLUNA 4 | I3: COLUNA 5 | J3: COLUNA 1 | K3: COLUNA 2 | L3: COLUNA 3 | M3: COLUNA 4 | N3: COLUNA 5
E4: LACA LISA BRAZIL ( COM OU SEM VIDRO PINTADO) | F4: - CARVALHO CLARO - CARVALHO NATURAL - CARVALHO LAVADO - CARV. EBANIZADO - IMBUIA CLARA * ACRESCENTAR 12% SE COM VIDRO PINTADO | G4: MESA COM TAMPO LACA LISA (COM OU SEM VIDRO PINTADO) E BASE EM: - CARVALHO CLARO - CARVALHO NATURAL - CARVALHO LAVADO - CARV. EBANIZADO - IMBUIA CLARA | H4: - NOGUEIRA - NOGUEIRA NATURAL - LOURO FREIJÓ - LOURO FREIJÓ NATURAL - CANELA - LACA METALIZADA BRAZIL - CARVALHO ÔNIX METALIZADO - CARVALHO N109 METALIZADO - CARVALHO ALBANIZADO - CARVALHO H155 FOSCO (TAMPO COM OU SEM VIDRO) - CONCRETO (SOMENTE SEM VIDRO) | I4: - PAU FERRO | J4: LACA LISA BRAZIL ( COM OU SEM VIDRO PINTADO) | K4: - CARVALHO CLARO - CARVALHO NATURAL - CARVALHO LAVADO - CARV. EBANIZADO - IMBUIA CLARA * ACRESCENTAR 12% SE COM VIDRO PINTADO | L4: MESA COM TAMPO LACA LISA (COM OU SEM VIDRO PINTADO) E BASE EM: - CARVALHO CLARO - CARVALHO NATURAL - CARVALHO LAVADO - CARV. EBANIZADO - IMBUIA CLARA | M4: - NOGUEIRA - NOGUEIRA NATURAL - LOURO FREIJÓ - LOURO FREIJÓ NATURAL - CANELA - LACA METALIZADA BRAZIL - CARVALHO ÔNIX METALIZADO - CARVALHO N109 METALIZADO - CARVALHO ALBANIZADO - CARVALHO H155 FOSCO (TAMPO COM OU SEM VIDRO) - CONCRETO (SOMENTE SEM VIDRO) | N4: - PAU FERRO
E5: OBS. O ACABAMENTO DO METAL NÃO INFLUENCIARÁ NO VALOR DA MESA CENTRO/LATERAL | J5: OBS. O ACABAMENTO DO METAL NÃO INFLUENCIARÁ NO VALOR DA MESA CENTRO/LATERAL
A6: ADORE | B6: 3166-8 | C6: Mesa Centro Adore "SOMENTE S/VIDRO" | D6: 1,60 X 0,70 X 0,33 | E6: =VLOOKUP(B6,'Origem '!$A$1:$D$181,4,0) -> 2350 | F6: =VLOOKUP(B6,'Origem '!$A$1:$E$181,5,0) -> 3036 | G6: =VLOOKUP(B6,'Origem '!$A$1:$F$181,6,0) -> 3036 | H6: =VLOOKUP(B6,'Origem '!$A$1:$G$181,7,0) -> 3349 | I6: =VLOOKUP(B6,'Origem '!$A$1:$H$181,8,0) -> 3463 | J6: =E6*'Mark Up '!$C$2 -> 10857 | K6: =F6*'Mark Up '!$C$2 -> 14026.32 | L6: =G6*'Mark Up '!$C$2 -> 14026.32 | M6: =H6*'Mark Up '!$C$2 -> 15472.38 | N6: =I6*'Mark Up '!$C$2 -> 15999.06
B7: 3166-10 | C7: Mesa Centro Adore "SOMENTE S/VIDRO" | D7: 1,80 X 0,80 X 0,33 | E7: =VLOOKUP(B7,'Origem '!$A$1:$D$181,4,0) -> 2686 | F7: =VLOOKUP(B7,'Origem '!$A$1:$E$181,5,0) -> 3251 | G7: =VLOOKUP(B7,'Origem '!$A$1:$F$181,6,0) -> 3251 | H7: =VLOOKUP(B7,'Origem '!$A$1:$G$181,7,0) -> 3619 | I7: =VLOOKUP(B7,'Origem '!$A$1:$H$181,8,0) -> 3769 | J7: =E7*'Mark Up '!$C$2 -> 12409.32 | K7: =F7*'Mark Up '!$C$2 -> 15019.62 | L7: =G7*'Mark Up '!$C$2 -> 15019.62 | M7: =H7*'Mark Up '!$C$2 -> 16719.78 | N7: =I7*'Mark Up '!$C$2 -> 17412.78
A8: ATLAS | B8: 3178-3 | C8: Mesa Lateral Atlas | D8: 0,90 X 0,34 X 0,63 | E8: =VLOOKUP(B8,'Origem '!$A$1:$D$181,4,0) -> 1288 | F8: =VLOOKUP(B8,'Origem '!$A$1:$E$181,5,0) -> 1359 | G8: =VLOOKUP(B8,'Origem '!$A$1:$F$181,6,0) -> 1392 | H8: =VLOOKUP(B8,'Origem '!$A$1:$G$181,7,0) -> 1445 | I8: =VLOOKUP(B8,'Origem '!$A$1:$H$181,8,0) -> X | J8: =E8*'Mark Up '!$C$2 -> 5950.56 | K8: =F8*'Mark Up '!$C$2 -> 6278.58 | L8: =G8*'Mark Up '!$C$2 -> 6431.04 | M8: =H8*'Mark Up '!$C$2 -> 6675.9 | N8: X
A9: BASKA | B9: 3278-3 | C9: Mesa Lateral Baska | D9: 0,45 Ø X 0,55 | E9: =VLOOKUP(B9,'Origem '!$A$1:$D$181,4,0) -> 1056 | F9: =VLOOKUP(B9,'Origem '!$A$1:$E$181,5,0) -> 1109 | G9: =VLOOKUP(B9,'Origem '!$A$1:$F$181,6,0) -> 1170 | H9: =VLOOKUP(B9,'Origem '!$A$1:$G$181,7,0) -> 1195 | I9: =VLOOKUP(B9,'Origem '!$A$1:$H$181,8,0) -> X | J9: =E9*'Mark Up '!$C$2 -> 4878.72 | K9: =F9*'Mark Up '!$C$2 -> 5123.58 | L9: =G9*'Mark Up '!$C$2 -> 5405.4 | M9: =H9*'Mark Up '!$C$2 -> 5520.9 | N9: X
B10: 3278-4 | C10: Mesa Lateral Baska | D10: 0,48 Ø X 0,63 | E10: =VLOOKUP(B10,'Origem '!$A$1:$D$181,4,0) -> 1189 | F10: =VLOOKUP(B10,'Origem '!$A$1:$E$181,5,0) -> 1202 | G10: =VLOOKUP(B10,'Origem '!$A$1:$F$181,6,0) -> 1277 | H10: =VLOOKUP(B10,'Origem '!$A$1:$G$181,7,0) -> 1299 | I10: =VLOOKUP(B10,'Origem '!$A$1:$H$181,8,0) -> X | J10: =E10*'Mark Up '!$C$2 -> 5493.18 | K10: =F10*'Mark Up '!$C$2 -> 5553.24 | L10: =G10*'Mark Up '!$C$2 -> 5899.74 | M10: =H10*'Mark Up '!$C$2 -> 6001.38 | N10: X
A11: COLLE | B11: 3248-1 | C11: Mesa Lateral Colle | D11: 0,50 Ø X 0,55 | E11: =VLOOKUP(B11,'Origem '!$A$1:$D$181,4,0) -> 823 | F11: =VLOOKUP(B11,'Origem '!$A$1:$E$181,5,0) -> 809 | G11: =VLOOKUP(B11,'Origem '!$A$1:$F$181,6,0) -> 895 | H11: =VLOOKUP(B11,'Origem '!$A$1:$G$181,7,0) -> 909 | I11: =VLOOKUP(B11,'Origem '!$A$1:$H$181,8,0) -> X | J11: =E11*'Mark Up '!$C$2 -> 3802.26 | K11: =F11*'Mark Up '!$C$2 -> 3737.58 | L11: =G11*'Mark Up '!$C$2 -> 4134.9 | M11: =H11*'Mark Up '!$C$2 -> 4199.58 | N11: X
B12: 3248-2 | C12: Mesa Lateral Colle | D12: 0,60 Ø X 0,63 | E12: =VLOOKUP(B12,'Origem '!$A$1:$D$181,4,0) -> 924 | F12: =VLOOKUP(B12,'Origem '!$A$1:$E$181,5,0) -> 895 | G12: =VLOOKUP(B12,'Origem '!$A$1:$F$181,6,0) -> 1008 | H12: =VLOOKUP(B12,'Origem '!$A$1:$G$181,7,0) -> 1023 | I12: =VLOOKUP(B12,'Origem '!$A$1:$H$181,8,0) -> X | J12: =E12*'Mark Up '!$C$2 -> 4268.88 | K12: =F12*'Mark Up '!$C$2 -> 4134.9 | L12: =G12*'Mark Up '!$C$2 -> 4656.96 | M12: =H12*'Mark Up '!$C$2 -> 4726.26 | N12: X
A13: CORA | B13: 3301-3 | C13: Mesa Centro Cora Redonda "SOMENTE S/VIDRO" | D13: 0,70 Ø X 0,29 | E13: =VLOOKUP(B13,'Origem '!$A$1:$D$181,4,0) -> 1096 | F13: =VLOOKUP(B13,'Origem '!$A$1:$E$181,5,0) -> 1211 | G13: =VLOOKUP(B13,'Origem '!$A$1:$F$181,6,0) -> 1211 | H13: =VLOOKUP(B13,'Origem '!$A$1:$G$181,7,0) -> 1289 | I13: =VLOOKUP(B13,'Origem '!$A$1:$H$181,8,0) -> 1325 | J13: =E13*'Mark Up '!$C$2 -> 5063.52 | K13: =F13*'Mark Up '!$C$2 -> 5594.82 | L13: =G13*'Mark Up '!$C$2 -> 5594.82 | M13: =H13*'Mark Up '!$C$2 -> 5955.18 | N13: =I13*'Mark Up '!$C$2 -> 6121.5
B14: 3301-4 | C14: Mesa Centro Cora Redonda "SOMENTE S/VIDRO" | D14: 0,90 Ø X 0,29 | E14: =VLOOKUP(B14,'Origem '!$A$1:$D$181,4,0) -> 1294 | F14: =VLOOKUP(B14,'Origem '!$A$1:$E$181,5,0) -> 1461 | G14: =VLOOKUP(B14,'Origem '!$A$1:$F$181,6,0) -> 1461 | H14: =VLOOKUP(B14,'Origem '!$A$1:$G$181,7,0) -> 1586 | I14: =VLOOKUP(B14,'Origem '!$A$1:$H$181,8,0) -> 1647 | J14: =E14*'Mark Up '!$C$2 -> 5978.28 | K14: =F14*'Mark Up '!$C$2 -> 6749.82 | L14: =G14*'Mark Up '!$C$2 -> 6749.82 | M14: =H14*'Mark Up '!$C$2 -> 7327.32 | N14: =I14*'Mark Up '!$C$2 -> 7609.14
B15: 3300-7 | C15: Mesa Centro Cora "SOMENTE S/VIDRO" | D15: 1,35 X 0,70 X 0,35 | E15: =VLOOKUP(B15,'Origem '!$A$1:$D$181,4,0) -> 1316 | F15: =VLOOKUP(B15,'Origem '!$A$1:$E$181,5,0) -> 1489 | G15: =VLOOKUP(B15,'Origem '!$A$1:$F$181,6,0) -> 1489 | H15: =VLOOKUP(B15,'Origem '!$A$1:$G$181,7,0) -> 1645 | I15: =VLOOKUP(B15,'Origem '!$A$1:$H$181,8,0) -> 1698 | J15: =E15*'Mark Up '!$C$2 -> 6079.92 | K15: =F15*'Mark Up '!$C$2 -> 6879.18 | L15: =G15*'Mark Up '!$C$2 -> 6879.18 | M15: =H15*'Mark Up '!$C$2 -> 7599.9 | N15: =I15*'Mark Up '!$C$2 -> 7844.76
B16: 3300-8 | C16: Mesa Centro Cora "SOMENTE S/VIDRO" | D16: 1,60 X 0,70 X 0,35 | E16: =VLOOKUP(B16,'Origem '!$A$1:$D$181,4,0) -> 1428 | F16: =VLOOKUP(B16,'Origem '!$A$1:$E$181,5,0) -> 1687 | G16: =VLOOKUP(B16,'Origem '!$A$1:$F$181,6,0) -> 1687 | H16: =VLOOKUP(B16,'Origem '!$A$1:$G$181,7,0) -> 1865 | I16: =VLOOKUP(B16,'Origem '!$A$1:$H$181,8,0) -> 1933 | J16: =E16*'Mark Up '!$C$2 -> 6597.36 | K16: =F16*'Mark Up '!$C$2 -> 7793.94 | L16: =G16*'Mark Up '!$C$2 -> 7793.94 | M16: =H16*'Mark Up '!$C$2 -> 8616.3 | N16: =I16*'Mark Up '!$C$2 -> 8930.46
A17: DALI | B17: 3238-1 | C17: Mesa Lateral Dali ''PRODUZIDO APENAS EM LACA PADRÃO E METALIZADA"" | D17: 0,31 Ø X 0,55 | E17: =VLOOKUP(B17,'Origem '!$A$1:$D$181,4,0) -> 984 | F17: =VLOOKUP(B17,'Origem '!$A$1:$E$181,5,0) -> X | G17: =VLOOKUP(B17,'Origem '!$A$1:$F$181,6,0) -> X | H17: =VLOOKUP(B17,'Origem '!$A$1:$G$181,7,0) -> 1079 | I17: =VLOOKUP(B17,'Origem '!$A$1:$H$181,8,0) -> X | J17: =E17*'Mark Up '!$C$2 -> 4546.08 | K17: X | L17: X | M17: =H17*'Mark Up '!$C$2 -> 4984.98 | N17: X
B18: 3238-2 | C18: Mesa Lateral Dali ''PRODUZIDO APENAS EM LACA PADRÃO E METALIZADA"" | D18: 0,31 Ø X 0,63 | E18: =VLOOKUP(B18,'Origem '!$A$1:$D$181,4,0) -> 1044 | F18: =VLOOKUP(B18,'Origem '!$A$1:$E$181,5,0) -> X | G18: =VLOOKUP(B18,'Origem '!$A$1:$F$181,6,0) -> X | H18: =VLOOKUP(B18,'Origem '!$A$1:$G$181,7,0) -> 1150 | I18: =VLOOKUP(B18,'Origem '!$A$1:$H$181,8,0) -> X | J18: =E18*'Mark Up '!$C$2 -> 4823.28 | K18: X | L18: X | M18: =H18*'Mark Up '!$C$2 -> 5313 | N18: X
A19: DEVILLE | B19: 3208-0 | C19: Mesa Lateral Deville "SOMENTE S/VIDRO" | D19: 0,50 Ø X 0,51 | E19: =VLOOKUP(B19,'Origem '!$A$1:$D$181,4,0) -> 1027 | F19: =VLOOKUP(B19,'Origem '!$A$1:$E$181,5,0) -> 1290 | G19: =VLOOKUP(B19,'Origem '!$A$1:$F$181,6,0) -> 1290 | H19: =VLOOKUP(B19,'Origem '!$A$1:$G$181,7,0) -> 1374 | I19: =VLOOKUP(B19,'Origem '!$A$1:$H$181,8,0) -> 1433 | J19: =E19*'Mark Up '!$C$2 -> 4744.74 | K19: =F19*'Mark Up '!$C$2 -> 5959.8 | L19: =G19*'Mark Up '!$C$2 -> 5959.8 | M19: =H19*'Mark Up '!$C$2 -> 6347.88 | N19: =I19*'Mark Up '!$C$2 -> 6620.46
B20: 3208-1 | C20: Mesa Lateral Deville "SOMENTE S/VIDRO" | D20: 0,50 Ø X 0,56 | E20: =VLOOKUP(B20,'Origem '!$A$1:$D$181,4,0) -> 1045 | F20: =VLOOKUP(B20,'Origem '!$A$1:$E$181,5,0) -> 1316 | G20: =VLOOKUP(B20,'Origem '!$A$1:$F$181,6,0) -> 1316 | H20: =VLOOKUP(B20,'Origem '!$A$1:$G$181,7,0) -> 1403 | I20: =VLOOKUP(B20,'Origem '!$A$1:$H$181,8,0) -> 1519 | J20: =E20*'Mark Up '!$C$2 -> 4827.9 | K20: =F20*'Mark Up '!$C$2 -> 6079.92 | L20: =G20*'Mark Up '!$C$2 -> 6079.92 | M20: =H20*'Mark Up '!$C$2 -> 6481.86 | N20: =I20*'Mark Up '!$C$2 -> 7017.78
B21: 3208-2 | C21: Mesa Lateral Deville "SOMENTE S/VIDRO" | D21: 0,50 Ø X 0,64 | E21: =VLOOKUP(B21,'Origem '!$A$1:$D$181,4,0) -> 1084 | F21: =VLOOKUP(B21,'Origem '!$A$1:$E$181,5,0) -> 1394 | G21: =VLOOKUP(B21,'Origem '!$A$1:$F$181,6,0) -> 1394 | H21: =VLOOKUP(B21,'Origem '!$A$1:$G$181,7,0) -> 1507 | I21: =VLOOKUP(B21,'Origem '!$A$1:$H$181,8,0) -> 1633 | J21: =E21*'Mark Up '!$C$2 -> 5008.08 | K21: =F21*'Mark Up '!$C$2 -> 6440.28 | L21: =G21*'Mark Up '!$C$2 -> 6440.28 | M21: =H21*'Mark Up '!$C$2 -> 6962.34 | N21: =I21*'Mark Up '!$C$2 -> 7544.46
A22: LIPSIA | B22: 9921-2 | C22: Mesa Centro Lipsia Redonda "SOMENTE S/VIDRO" | D22: 0,70 Ø X 0,30 | E22: =VLOOKUP(B22,'Origem '!$A$1:$D$181,4,0) -> 1381 | F22: =VLOOKUP(B22,'Origem '!$A$1:$E$181,5,0) -> 1580 | G22: =VLOOKUP(B22,'Origem '!$A$1:$F$181,6,0) -> 1580 | H22: =VLOOKUP(B22,'Origem '!$A$1:$G$181,7,0) -> 1640 | I22: =VLOOKUP(B22,'Origem '!$A$1:$H$181,8,0) -> X | J22: =E22*'Mark Up '!$C$2 -> 6380.22 | K22: =F22*'Mark Up '!$C$2 -> 7299.6 | L22: =G22*'Mark Up '!$C$2 -> 7299.6 | M22: =H22*'Mark Up '!$C$2 -> 7576.8 | N22: X
B23: 9921-5 | C23: Mesa Centro Lipsia Redonda "SOMENTE S/VIDRO" | D23: 0,90 Ø X 0,30 | E23: =VLOOKUP(B23,'Origem '!$A$1:$D$181,4,0) -> 1639 | F23: =VLOOKUP(B23,'Origem '!$A$1:$E$181,5,0) -> 1875 | G23: =VLOOKUP(B23,'Origem '!$A$1:$F$181,6,0) -> 1875 | H23: =VLOOKUP(B23,'Origem '!$A$1:$G$181,7,0) -> 1986 | I23: =VLOOKUP(B23,'Origem '!$A$1:$H$181,8,0) -> X | J23: =E23*'Mark Up '!$C$2 -> 7572.18 | K23: =F23*'Mark Up '!$C$2 -> 8662.5 | L23: =G23*'Mark Up '!$C$2 -> 8662.5 | M23: =H23*'Mark Up '!$C$2 -> 9175.32 | N23: X
B24: 9921-4 | C24: Mesa Centro Lipsia Redonda "SOMENTE S/VIDRO" | D24: 0,90 Ø X 0,35 | E24: =VLOOKUP(B24,'Origem '!$A$1:$D$181,4,0) -> 1672 | F24: =VLOOKUP(B24,'Origem '!$A$1:$E$181,5,0) -> 1908 | G24: =VLOOKUP(B24,'Origem '!$A$1:$F$181,6,0) -> 1908 | H24: =VLOOKUP(B24,'Origem '!$A$1:$G$181,7,0) -> 2019 | I24: =VLOOKUP(B24,'Origem '!$A$1:$H$181,8,0) -> X | J24: =E24*'Mark Up '!$C$2 -> 7724.64 | K24: =F24*'Mark Up '!$C$2 -> 8814.96 | L24: =G24*'Mark Up '!$C$2 -> 8814.96 | M24: =H24*'Mark Up '!$C$2 -> 9327.78 | N24: X
B25: 9921-6 | C25: Mesa Centro Lipsia Redonda "SOMENTE S/VIDRO" | D25: 1,20 Ø X 0,35 | E25: =VLOOKUP(B25,'Origem '!$A$1:$D$181,4,0) -> 2178 | F25: =VLOOKUP(B25,'Origem '!$A$1:$E$181,5,0) -> 2513 | G25: =VLOOKUP(B25,'Origem '!$A$1:$F$181,6,0) -> 2513 | H25: =VLOOKUP(B25,'Origem '!$A$1:$G$181,7,0) -> 2722 | I25: =VLOOKUP(B25,'Origem '!$A$1:$H$181,8,0) -> X | J25: =E25*'Mark Up '!$C$2 -> 10062.36 | K25: =F25*'Mark Up '!$C$2 -> 11610.06 | L25: =G25*'Mark Up '!$C$2 -> 11610.06 | M25: =H25*'Mark Up '!$C$2 -> 12575.64 | N25: X
B26: 9926-7 | C26: Mesa Centro Lipsia "SOMENTE S/VIDRO" | D26: 1,35 X 0,70 X 0,30 | E26: =VLOOKUP(B26,'Origem '!$A$1:$D$181,4,0) -> 1969 | F26: =VLOOKUP(B26,'Origem '!$A$1:$E$181,5,0) -> 2182 | G26: =VLOOKUP(B26,'Origem '!$A$1:$F$181,6,0) -> 2182 | H26: =VLOOKUP(B26,'Origem '!$A$1:$G$181,7,0) -> 2330 | I26: =VLOOKUP(B26,'Origem '!$A$1:$H$181,8,0) -> X | J26: =E26*'Mark Up '!$C$2 -> 9096.78 | K26: =F26*'Mark Up '!$C$2 -> 10080.84 | L26: =G26*'Mark Up '!$C$2 -> 10080.84 | M26: =H26*'Mark Up '!$C$2 -> 10764.6 | N26: X
B27: 9926-8 | C27: Mesa Centro Lipsia "SOMENTE S/VIDRO" | D27: 1,60 X 0,70 X 0,30 | E27: =VLOOKUP(B27,'Origem '!$A$1:$D$181,4,0) -> 2156 | F27: =VLOOKUP(B27,'Origem '!$A$1:$E$181,5,0) -> 2408 | G27: =VLOOKUP(B27,'Origem '!$A$1:$F$181,6,0) -> 2408 | H27: =VLOOKUP(B27,'Origem '!$A$1:$G$181,7,0) -> 2573 | I27: =VLOOKUP(B27,'Origem '!$A$1:$H$181,8,0) -> X | J27: =E27*'Mark Up '!$C$2 -> 9960.72 | K27: =F27*'Mark Up '!$C$2 -> 11124.96 | L27: =G27*'Mark Up '!$C$2 -> 11124.96 | M27: =H27*'Mark Up '!$C$2 -> 11887.26 | N27: X
B28: 9926-10 | C28: Mesa Centro Lipsia "SOMENTE S/VIDRO" | D28: 1,80 X 0,80 X 0,30 | E28: =VLOOKUP(B28,'Origem '!$A$1:$D$181,4,0) -> 2315 | F28: =VLOOKUP(B28,'Origem '!$A$1:$E$181,5,0) -> 2927 | G28: =VLOOKUP(B28,'Origem '!$A$1:$F$181,6,0) -> 2927 | H28: =VLOOKUP(B28,'Origem '!$A$1:$G$181,7,0) -> 3141 | I28: =VLOOKUP(B28,'Origem '!$A$1:$H$181,8,0) -> X | J28: =E28*'Mark Up '!$C$2 -> 10695.3 | K28: =F28*'Mark Up '!$C$2 -> 13522.74 | L28: =G28*'Mark Up '!$C$2 -> 13522.74 | M28: =H28*'Mark Up '!$C$2 -> 14511.42 | N28: X
A29: LIRA | B29: 3338-0 | C29: Mesa Lateral Lira "Base Somente Textura Concreto" | D29: 0,30 Ø X 0,50 | E29: =VLOOKUP(B29,'Origem '!$A$1:$D$181,4,0) -> 1037 | F29: =VLOOKUP(B29,'Origem '!$A$1:$E$181,5,0) -> 1026 | G29: =VLOOKUP(B29,'Origem '!$A$1:$F$181,6,0) -> 1075 | H29: =VLOOKUP(B29,'Origem '!$A$1:$G$181,7,0) -> 1092 | I29: =VLOOKUP(B29,'Origem '!$A$1:$H$181,8,0) -> 1112 | J29: =E29*'Mark Up '!$C$2 -> 4790.94 | K29: =F29*'Mark Up '!$C$2 -> 4740.12 | L29: =G29*'Mark Up '!$C$2 -> 4966.5 | M29: =H29*'Mark Up '!$C$2 -> 5045.04 | N29: =I29*'Mark Up '!$C$2 -> 5137.44
B30: 3338-1 | C30: Mesa Lateral Lira "Base Somente Textura Concreto" | D30: 0,30 Ø X 0,55 | E30: =VLOOKUP(B30,'Origem '!$A$1:$D$181,4,0) -> 1052 | F30: =VLOOKUP(B30,'Origem '!$A$1:$E$181,5,0) -> 1039 | G30: =VLOOKUP(B30,'Origem '!$A$1:$F$181,6,0) -> 1091 | H30: =VLOOKUP(B30,'Origem '!$A$1:$G$181,7,0) -> 1112 | I30: =VLOOKUP(B30,'Origem '!$A$1:$H$181,8,0) -> 1131 | J30: =E30*'Mark Up '!$C$2 -> 4860.24 | K30: =F30*'Mark Up '!$C$2 -> 4800.18 | L30: =G30*'Mark Up '!$C$2 -> 5040.42 | M30: =H30*'Mark Up '!$C$2 -> 5137.44 | N30: =I30*'Mark Up '!$C$2 -> 5225.22
B31: 3338-2 | C31: Mesa Lateral Lira "Base Somente Textura Concreto" | D31: 0,30 Ø X 0,61 | E31: =VLOOKUP(B31,'Origem '!$A$1:$D$181,4,0) -> 1072 | F31: =VLOOKUP(B31,'Origem '!$A$1:$E$181,5,0) -> 1061 | G31: =VLOOKUP(B31,'Origem '!$A$1:$F$181,6,0) -> 1098 | H31: =VLOOKUP(B31,'Origem '!$A$1:$G$181,7,0) -> 1120 | I31: =VLOOKUP(B31,'Origem '!$A$1:$H$181,8,0) -> 1141 | J31: =E31*'Mark Up '!$C$2 -> 4952.64 | K31: =F31*'Mark Up '!$C$2 -> 4901.82 | L31: =G31*'Mark Up '!$C$2 -> 5072.76 | M31: =H31*'Mark Up '!$C$2 -> 5174.4 | N31: =I31*'Mark Up '!$C$2 -> 5271.42
A32: MILHARES | B32: 11175-8 | C32: Mesa Centro Milhares "SOMENTE S/VIDRO" | D32: 1,60 x 0,55 x 0,40 | E32: =VLOOKUP(B32,'Origem '!$A$1:$D$181,4,0) -> 2480 | F32: =VLOOKUP(B32,'Origem '!$A$1:$E$181,5,0) -> 3328 | G32: =VLOOKUP(B32,'Origem '!$A$1:$F$181,6,0) -> 3328 | H32: =VLOOKUP(B32,'Origem '!$A$1:$G$181,7,0) -> 3495 | I32: =VLOOKUP(B32,'Origem '!$A$1:$H$181,8,0) -> 3609 | J32: =E32*'Mark Up '!$C$2 -> 11457.6 | K32: =F32*'Mark Up '!$C$2 -> 15375.36 | L32: =G32*'Mark Up '!$C$2 -> 15375.36 | M32: =H32*'Mark Up '!$C$2 -> 16146.9 | N32: =I32*'Mark Up '!$C$2 -> 16673.58
B33: 11175-10 | C33: Mesa Centro Milhares "SOMENTE S/VIDRO" | D33: 1,80 x 0,70 x 0,32 | E33: =VLOOKUP(B33,'Origem '!$A$1:$D$181,4,0) -> 3004 | F33: =VLOOKUP(B33,'Origem '!$A$1:$E$181,5,0) -> 4085 | G33: =VLOOKUP(B33,'Origem '!$A$1:$F$181,6,0) -> 4085 | H33: =VLOOKUP(B33,'Origem '!$A$1:$G$181,7,0) -> 4357 | I33: =VLOOKUP(B33,'Origem '!$A$1:$H$181,8,0) -> 4477 | J33: =E33*'Mark Up '!$C$2 -> 13878.48 | K33: =F33*'Mark Up '!$C$2 -> 18872.7 | L33: =G33*'Mark Up '!$C$2 -> 18872.7 | M33: =H33*'Mark Up '!$C$2 -> 20129.34 | N33: =I33*'Mark Up '!$C$2 -> 20683.74
B34: 11175-11 | C34: Mesa Centro Milhares "SOMENTE S/VIDRO" | D34: 2,25 x 0,70 x 0,32 | E34: =VLOOKUP(B34,'Origem '!$A$1:$D$181,4,0) -> 3340 | F34: =VLOOKUP(B34,'Origem '!$A$1:$E$181,5,0) -> 4624 | G34: =VLOOKUP(B34,'Origem '!$A$1:$F$181,6,0) -> 4624 | H34: =VLOOKUP(B34,'Origem '!$A$1:$G$181,7,0) -> 4950 | I34: =VLOOKUP(B34,'Origem '!$A$1:$H$181,8,0) -> 5139 | J34: =E34*'Mark Up '!$C$2 -> 15430.8 | K34: =F34*'Mark Up '!$C$2 -> 21362.88 | L34: =G34*'Mark Up '!$C$2 -> 21362.88 | M34: =H34*'Mark Up '!$C$2 -> 22869 | N34: =I34*'Mark Up '!$C$2 -> 23742.18
B35: 11176-8 | C35: Mesa Centro Milhares C/ detalhe em pedra "SOMENTE S/VIDRO" | D35: 1,60 x 0,55 x 0,40 | E35: =VLOOKUP(B35,'Origem '!$A$1:$D$181,4,0) -> 2780 | F35: =VLOOKUP(B35,'Origem '!$A$1:$E$181,5,0) -> 3856 | G35: =VLOOKUP(B35,'Origem '!$A$1:$F$181,6,0) -> 3856 | H35: =VLOOKUP(B35,'Origem '!$A$1:$G$181,7,0) -> 4100 | I35: =VLOOKUP(B35,'Origem '!$A$1:$H$181,8,0) -> 4276 | J35: =E35*'Mark Up '!$C$2 -> 12843.6 | K35: =F35*'Mark Up '!$C$2 -> 17814.72 | L35: =G35*'Mark Up '!$C$2 -> 17814.72 | M35: =H35*'Mark Up '!$C$2 -> 18942 | N35: =I35*'Mark Up '!$C$2 -> 19755.12
B36: 11176-10 | C36: Mesa Centro Milhares C/ detalhe em pedra "SOMENTE S/VIDRO" | D36: 1,80 x 0,70 x 0,32 | E36: =VLOOKUP(B36,'Origem '!$A$1:$D$181,4,0) -> 3508 | F36: =VLOOKUP(B36,'Origem '!$A$1:$E$181,5,0) -> 4573 | G36: =VLOOKUP(B36,'Origem '!$A$1:$F$181,6,0) -> 4573 | H36: =VLOOKUP(B36,'Origem '!$A$1:$G$181,7,0) -> 4832 | I36: =VLOOKUP(B36,'Origem '!$A$1:$H$181,8,0) -> 4996 | J36: =E36*'Mark Up '!$C$2 -> 16206.96 | K36: =F36*'Mark Up '!$C$2 -> 21127.26 | L36: =G36*'Mark Up '!$C$2 -> 21127.26 | M36: =H36*'Mark Up '!$C$2 -> 22323.84 | N36: =I36*'Mark Up '!$C$2 -> 23081.52
B37: 11176-11 | C37: Mesa Centro Milhares C/ detalhe em pedra "SOMENTE S/VIDRO" | D37: 2,25 x 0,70 x 0,32 | E37: =VLOOKUP(B37,'Origem '!$A$1:$D$181,4,0) -> 3864 | F37: =VLOOKUP(B37,'Origem '!$A$1:$E$181,5,0) -> 5240 | G37: =VLOOKUP(B37,'Origem '!$A$1:$F$181,6,0) -> 5240 | H37: =VLOOKUP(B37,'Origem '!$A$1:$G$181,7,0) -> 5577 | I37: =VLOOKUP(B37,'Origem '!$A$1:$H$181,8,0) -> 5748 | J37: =E37*'Mark Up '!$C$2 -> 17851.68 | K37: =F37*'Mark Up '!$C$2 -> 24208.8 | L37: =G37*'Mark Up '!$C$2 -> 24208.8 | M37: =H37*'Mark Up '!$C$2 -> 25765.74 | N37: =I37*'Mark Up '!$C$2 -> 26555.76
A38: MUNIQUE | B38: 3218-8 | C38: Mesa Lateral Munique "SOMENTE S/VIDRO" | D38: 0,46 Ø X 0,50 | E38: =VLOOKUP(B38,'Origem '!$A$1:$D$181,4,0) -> 1112 | F38: =VLOOKUP(B38,'Origem '!$A$1:$E$181,5,0) -> 1235 | G38: =VLOOKUP(B38,'Origem '!$A$1:$F$181,6,0) -> 1235 | H38: =VLOOKUP(B38,'Origem '!$A$1:$G$181,7,0) -> 1304 | I38: =VLOOKUP(B38,'Origem '!$A$1:$H$181,8,0) -> 1327 | J38: =E38*'Mark Up '!$C$2 -> 5137.44 | K38: =F38*'Mark Up '!$C$2 -> 5705.7 | L38: =G38*'Mark Up '!$C$2 -> 5705.7 | M38: =H38*'Mark Up '!$C$2 -> 6024.48 | N38: =I38*'Mark Up '!$C$2 -> 6130.74
B39: 3218-12 | C39: Mesa Lateral Munique "SOMENTE S/VIDRO" | D39: 0,62 Ø X 0,60 | E39: =VLOOKUP(B39,'Origem '!$A$1:$D$181,4,0) -> 1251 | F39: =VLOOKUP(B39,'Origem '!$A$1:$E$181,5,0) -> 1445 | G39: =VLOOKUP(B39,'Origem '!$A$1:$F$181,6,0) -> 1445 | H39: =VLOOKUP(B39,'Origem '!$A$1:$G$181,7,0) -> 1566 | I39: =VLOOKUP(B39,'Origem '!$A$1:$H$181,8,0) -> 1607 | J39: =E39*'Mark Up '!$C$2 -> 5779.62 | K39: =F39*'Mark Up '!$C$2 -> 6675.9 | L39: =G39*'Mark Up '!$C$2 -> 6675.9 | M39: =H39*'Mark Up '!$C$2 -> 7234.92 | N39: =I39*'Mark Up '!$C$2 -> 7424.34
A40: NIDA | B40: 3196-3 | C40: Mesa Centro Nida "SOMENTE S/VIDRO" | D40: 0,70 Ø X 0,33 | E40: =VLOOKUP(B40,'Origem '!$A$1:$D$181,4,0) -> 1089 | F40: =VLOOKUP(B40,'Origem '!$A$1:$E$181,5,0) -> 1284 | G40: =VLOOKUP(B40,'Origem '!$A$1:$F$181,6,0) -> 1284 | H40: =VLOOKUP(B40,'Origem '!$A$1:$G$181,7,0) -> 1376 | I40: =VLOOKUP(B40,'Origem '!$A$1:$H$181,8,0) -> 1430 | J40: =E40*'Mark Up '!$C$2 -> 5031.18 | K40: =F40*'Mark Up '!$C$2 -> 5932.08 | L40: =G40*'Mark Up '!$C$2 -> 5932.08 | M40: =H40*'Mark Up '!$C$2 -> 6357.12 | N40: =I40*'Mark Up '!$C$2 -> 6606.6
B41: 3196-4 | C41: Mesa Centro Nida "SOMENTE S/VIDRO" | D41: 0,90 Ø X 0,35 | E41: =VLOOKUP(B41,'Origem '!$A$1:$D$181,4,0) -> 1471 | F41: =VLOOKUP(B41,'Origem '!$A$1:$E$181,5,0) -> 1805 | G41: =VLOOKUP(B41,'Origem '!$A$1:$F$181,6,0) -> 1805 | H41: =VLOOKUP(B41,'Origem '!$A$1:$G$181,7,0) -> 1960 | I41: =VLOOKUP(B41,'Origem '!$A$1:$H$181,8,0) -> 2044 | J41: =E41*'Mark Up '!$C$2 -> 6796.02 | K41: =F41*'Mark Up '!$C$2 -> 8339.1 | L41: =G41*'Mark Up '!$C$2 -> 8339.1 | M41: =H41*'Mark Up '!$C$2 -> 9055.2 | N41: =I41*'Mark Up '!$C$2 -> 9443.28
A42: RECATO | B42: 3188-3 | C42: Mesa Lateral Recato | D42: 0,90 X 0,39 X 0,65 | E42: =VLOOKUP(B42,'Origem '!$A$1:$D$181,4,0) -> 1865 | F42: =VLOOKUP(B42,'Origem '!$A$1:$E$181,5,0) -> 1959 | G42: =VLOOKUP(B42,'Origem '!$A$1:$F$181,6,0) -> 1992 | H42: =VLOOKUP(B42,'Origem '!$A$1:$G$181,7,0) -> 2071 | I42: =VLOOKUP(B42,'Origem '!$A$1:$H$181,8,0) -> 2114 | J42: =E42*'Mark Up '!$C$2 -> 8616.3 | K42: =F42*'Mark Up '!$C$2 -> 9050.58 | L42: =G42*'Mark Up '!$C$2 -> 9203.04 | M42: =H42*'Mark Up '!$C$2 -> 9568.02 | N42: =I42*'Mark Up '!$C$2 -> 9766.68
A43: SAINT CLAIR | B43: 12036-3 | C43: Mesa Centro Saint Clair "SOMENTE S/VIDRO" | D43: 1,60 X 0,80 X 0,38 | E43: =VLOOKUP(B43,'Origem '!$A$1:$D$181,4,0) -> 2606 | F43: =VLOOKUP(B43,'Origem '!$A$1:$E$181,5,0) -> 3106 | G43: =VLOOKUP(B43,'Origem '!$A$1:$F$181,6,0) -> 3106 | H43: =VLOOKUP(B43,'Origem '!$A$1:$G$181,7,0) -> 3349 | I43: =VLOOKUP(B43,'Origem '!$A$1:$H$181,8,0) -> 3424 | J43: =E43*'Mark Up '!$C$2 -> 12039.72 | K43: =F43*'Mark Up '!$C$2 -> 14349.72 | L43: =G43*'Mark Up '!$C$2 -> 14349.72 | M43: =H43*'Mark Up '!$C$2 -> 15472.38 | N43: =I43*'Mark Up '!$C$2 -> 15818.88
B44: 12036-4 | C44: Mesa Centro Saint Clair "SOMENTE S/VIDRO" | D44: 1,80 X 0,90 X 0,38 | E44: =VLOOKUP(B44,'Origem '!$A$1:$D$181,4,0) -> 2817 | F44: =VLOOKUP(B44,'Origem '!$A$1:$E$181,5,0) -> 3374 | G44: =VLOOKUP(B44,'Origem '!$A$1:$F$181,6,0) -> 3374 | H44: =VLOOKUP(B44,'Origem '!$A$1:$G$181,7,0) -> 3674 | I44: =VLOOKUP(B44,'Origem '!$A$1:$H$181,8,0) -> 3758 | J44: =E44*'Mark Up '!$C$2 -> 13014.54 | K44: =F44*'Mark Up '!$C$2 -> 15587.88 | L44: =G44*'Mark Up '!$C$2 -> 15587.88 | M44: =H44*'Mark Up '!$C$2 -> 16973.88 | N44: =I44*'Mark Up '!$C$2 -> 17361.96
B45: 12036-10 | C45: Mesa Centro Saint Clair "SOMENTE S/VIDRO" | D45: 2,00 X 1,00 X 0,38 | E45: =VLOOKUP(B45,'Origem '!$A$1:$D$181,4,0) -> 3013 | F45: =VLOOKUP(B45,'Origem '!$A$1:$E$181,5,0) -> 3645 | G45: =VLOOKUP(B45,'Origem '!$A$1:$F$181,6,0) -> 3645 | H45: =VLOOKUP(B45,'Origem '!$A$1:$G$181,7,0) -> 4048 | I45: =VLOOKUP(B45,'Origem '!$A$1:$H$181,8,0) -> 4156 | J45: =E45*'Mark Up '!$C$2 -> 13920.06 | K45: =F45*'Mark Up '!$C$2 -> 16839.9 | L45: =G45*'Mark Up '!$C$2 -> 16839.9 | M45: =H45*'Mark Up '!$C$2 -> 18701.76 | N45: =I45*'Mark Up '!$C$2 -> 19200.72
B46: 12036-11 | C46: Mesa Centro Saint Clair "SOMENTE S/VIDRO" | D46: 2,23 X 1,08 X 0,38 | E46: =VLOOKUP(B46,'Origem '!$A$1:$D$181,4,0) -> 3193 | F46: =VLOOKUP(B46,'Origem '!$A$1:$E$181,5,0) -> 3919 | G46: =VLOOKUP(B46,'Origem '!$A$1:$F$181,6,0) -> 3919 | H46: =VLOOKUP(B46,'Origem '!$A$1:$G$181,7,0) -> 4353 | I46: =VLOOKUP(B46,'Origem '!$A$1:$H$181,8,0) -> 4457 | J46: =E46*'Mark Up '!$C$2 -> 14751.66 | K46: =F46*'Mark Up '!$C$2 -> 18105.78 | L46: =G46*'Mark Up '!$C$2 -> 18105.78 | M46: =H46*'Mark Up '!$C$2 -> 20110.86 | N46: =I46*'Mark Up '!$C$2 -> 20591.34
B47: 12038-3 | C47: Mesa Lateral Saint Clair "SOMENTE S/VIDRO" | D47: 0,83 X 0,54 X 0,50 | E47: =VLOOKUP(B47,'Origem '!$A$1:$D$181,4,0) -> 1703 | F47: =VLOOKUP(B47,'Origem '!$A$1:$E$181,5,0) -> 1802 | G47: =VLOOKUP(B47,'Origem '!$A$1:$F$181,6,0) -> 1802 | H47: =VLOOKUP(B47,'Origem '!$A$1:$G$181,7,0) -> 1930 | I47: =VLOOKUP(B47,'Origem '!$A$1:$H$181,8,0) -> 1970 | J47: =E47*'Mark Up '!$C$2 -> 7867.86 | K47: =F47*'Mark Up '!$C$2 -> 8325.24 | L47: =G47*'Mark Up '!$C$2 -> 8325.24 | M47: =H47*'Mark Up '!$C$2 -> 8916.6 | N47: =I47*'Mark Up '!$C$2 -> 9101.4
B48: 12038-4 | C48: Mesa Lateral Saint Clair "SOMENTE S/VIDRO" | D48: 0,83 X 0,54 X 0,60 | E48: =VLOOKUP(B48,'Origem '!$A$1:$D$181,4,0) -> 1753 | F48: =VLOOKUP(B48,'Origem '!$A$1:$E$181,5,0) -> 1869 | G48: =VLOOKUP(B48,'Origem '!$A$1:$F$181,6,0) -> 1869 | H48: =VLOOKUP(B48,'Origem '!$A$1:$G$181,7,0) -> 1994 | I48: =VLOOKUP(B48,'Origem '!$A$1:$H$181,8,0) -> 2038 | J48: =E48*'Mark Up '!$C$2 -> 8098.86 | K48: =F48*'Mark Up '!$C$2 -> 8634.78 | L48: =G48*'Mark Up '!$C$2 -> 8634.78 | M48: =H48*'Mark Up '!$C$2 -> 9212.28 | N48: =I48*'Mark Up '!$C$2 -> 9415.56
A49: TROIKA | B49: 3268-0 | C49: Mesa Lateral Troika, haste metal ""SOMENTE COM BASE EM LACA"" | D49: 0,30 Ø X 0,50 | E49: =VLOOKUP(B49,'Origem '!$A$1:$D$181,4,0) -> 696 | F49: =VLOOKUP(B49,'Origem '!$A$1:$E$181,5,0) -> 748 | G49: =VLOOKUP(B49,'Origem '!$A$1:$F$181,6,0) -> 795 | H49: =VLOOKUP(B49,'Origem '!$A$1:$G$181,7,0) -> 811 | I49: =VLOOKUP(B49,'Origem '!$A$1:$H$181,8,0) -> 829 | J49: =E49*'Mark Up '!$C$2 -> 3215.52 | K49: =F49*'Mark Up '!$C$2 -> 3455.76 | L49: =G49*'Mark Up '!$C$2 -> 3672.9 | M49: =H49*'Mark Up '!$C$2 -> 3746.82 | N49: =I49*'Mark Up '!$C$2 -> 3829.98
B50: 3268-1 | C50: Mesa Lateral Troika, haste metal ""SOMENTE COM BASE EM LACA"" | D50: 0,30 Ø X 0,55 | E50: =VLOOKUP(B50,'Origem '!$A$1:$D$181,4,0) -> 711 | F50: =VLOOKUP(B50,'Origem '!$A$1:$E$181,5,0) -> 762 | G50: =VLOOKUP(B50,'Origem '!$A$1:$F$181,6,0) -> 810 | H50: =VLOOKUP(B50,'Origem '!$A$1:$G$181,7,0) -> 827 | I50: =VLOOKUP(B50,'Origem '!$A$1:$H$181,8,0) -> 845 | J50: =E50*'Mark Up '!$C$2 -> 3284.82 | K50: =F50*'Mark Up '!$C$2 -> 3520.44 | L50: =G50*'Mark Up '!$C$2 -> 3742.2 | M50: =H50*'Mark Up '!$C$2 -> 3820.74 | N50: =I50*'Mark Up '!$C$2 -> 3903.9
B51: 3268-2 | C51: Mesa Lateral Troika, haste metal ""SOMENTE COM BASE EM LACA"" | D51: 0,30 Ø X 0,61 | E51: =VLOOKUP(B51,'Origem '!$A$1:$D$181,4,0) -> 729 | F51: =VLOOKUP(B51,'Origem '!$A$1:$E$181,5,0) -> 781 | G51: =VLOOKUP(B51,'Origem '!$A$1:$F$181,6,0) -> 828 | H51: =VLOOKUP(B51,'Origem '!$A$1:$G$181,7,0) -> 845 | I51: =VLOOKUP(B51,'Origem '!$A$1:$H$181,8,0) -> 865 | J51: =E51*'Mark Up '!$C$2 -> 3367.98 | K51: =F51*'Mark Up '!$C$2 -> 3608.22 | L51: =G51*'Mark Up '!$C$2 -> 3825.36 | M51: =H51*'Mark Up '!$C$2 -> 3903.9 | N51: =I51*'Mark Up '!$C$2 -> 3996.3
A52: TUNIS | B52: 3258-6 | C52: Mesa Lateral Tunis, haste metal | D52: 0,30 Ø 0,55 | E52: =VLOOKUP(B52,'Origem '!$A$1:$D$181,4,0) -> 935 | F52: =VLOOKUP(B52,'Origem '!$A$1:$E$181,5,0) -> 1002 | G52: =VLOOKUP(B52,'Origem '!$A$1:$F$181,6,0) -> 1048 | H52: =VLOOKUP(B52,'Origem '!$A$1:$G$181,7,0) -> 1058 | I52: =VLOOKUP(B52,'Origem '!$A$1:$H$181,8,0) -> 1074 | J52: =E52*'Mark Up '!$C$2 -> 4319.7 | K52: =F52*'Mark Up '!$C$2 -> 4629.24 | L52: =G52*'Mark Up '!$C$2 -> 4841.76 | M52: =H52*'Mark Up '!$C$2 -> 4887.96 | N52: =I52*'Mark Up '!$C$2 -> 4961.88
B53: 3258-7 | C53: Mesa Lateral Tunis, haste metal | D53: 0,30 Ø 0,61 | E53: =VLOOKUP(B53,'Origem '!$A$1:$D$181,4,0) -> 954 | F53: =VLOOKUP(B53,'Origem '!$A$1:$E$181,5,0) -> 1021 | G53: =VLOOKUP(B53,'Origem '!$A$1:$F$181,6,0) -> 1069 | H53: =VLOOKUP(B53,'Origem '!$A$1:$G$181,7,0) -> 1078 | I53: =VLOOKUP(B53,'Origem '!$A$1:$H$181,8,0) -> 1094 | J53: =E53*'Mark Up '!$C$2 -> 4407.48 | K53: =F53*'Mark Up '!$C$2 -> 4717.02 | L53: =G53*'Mark Up '!$C$2 -> 4938.78 | M53: =H53*'Mark Up '!$C$2 -> 4980.36 | N53: =I53*'Mark Up '!$C$2 -> 5054.28
B54: 3258-8 | C54: Mesa Lateral Tunis, Tampo duplo; haste metal | D54: 0,56 Ø 0,61 | E54: =VLOOKUP(B54,'Origem '!$A$1:$D$181,4,0) -> 1340 | F54: =VLOOKUP(B54,'Origem '!$A$1:$E$181,5,0) -> 1391 | G54: =VLOOKUP(B54,'Origem '!$A$1:$F$181,6,0) -> 1472 | H54: =VLOOKUP(B54,'Origem '!$A$1:$G$181,7,0) -> 1480 | I54: =VLOOKUP(B54,'Origem '!$A$1:$H$181,8,0) -> 1514 | J54: =E54*'Mark Up '!$C$2 -> 6190.8 | K54: =F54*'Mark Up '!$C$2 -> 6426.42 | L54: =G54*'Mark Up '!$C$2 -> 6800.64 | M54: =H54*'Mark Up '!$C$2 -> 6837.6 | N54: =I54*'Mark Up '!$C$2 -> 6994.68
A55: YUNES | B55: 12048-3 | C55: Mesa Lateral Yunes "SOMENTE S/VIDRO" | D55: 0,62 X 0,50 X 0,55 | E55: =VLOOKUP(B55,'Origem '!$A$1:$D$181,4,0) -> 2261 | F55: =VLOOKUP(B55,'Origem '!$A$1:$E$181,5,0) -> 2468 | G55: =VLOOKUP(B55,'Origem '!$A$1:$F$181,6,0) -> 2468 | H55: =VLOOKUP(B55,'Origem '!$A$1:$G$181,7,0) -> 2507 | I55: =VLOOKUP(B55,'Origem '!$A$1:$H$181,8,0) -> 2550 | J55: =E55*'Mark Up '!$C$2 -> 10445.82 | K55: =F55*'Mark Up '!$C$2 -> 11402.16 | L55: =G55*'Mark Up '!$C$2 -> 11402.16 | M55: =H55*'Mark Up '!$C$2 -> 11582.34 | N55: =I55*'Mark Up '!$C$2 -> 11781
B56: 12048-4 | C56: Mesa Lateral Yunes "SOMENTE S/VIDRO" | D56: 0,62 X 0,50 X 0,60 | E56: =VLOOKUP(B56,'Origem '!$A$1:$D$181,4,0) -> 2332 | F56: =VLOOKUP(B56,'Origem '!$A$1:$E$181,5,0) -> 2529 | G56: =VLOOKUP(B56,'Origem '!$A$1:$F$181,6,0) -> 2529 | H56: =VLOOKUP(B56,'Origem '!$A$1:$G$181,7,0) -> 2612 | I56: =VLOOKUP(B56,'Origem '!$A$1:$H$181,8,0) -> 2656 | J56: =E56*'Mark Up '!$C$2 -> 10773.84 | K56: =F56*'Mark Up '!$C$2 -> 11683.98 | L56: =G56*'Mark Up '!$C$2 -> 11683.98 | M56: =H56*'Mark Up '!$C$2 -> 12067.44 | N56: =I56*'Mark Up '!$C$2 -> 12270.72

Sheet Mesas Jantar e Mesa Apoio
C1: MESAS DE JANTAR E MESAS DE APOIO | H1: LANÇAMENTO 2025 | M1: LANÇAMENTO 2025
A2: COLEÇÃO | B2: REF | C2: DESCRIÇÃO | D2: COMP X PROF X ALT | E2: Em caso de cores diferentes Base ou Tampo, utilizar preço de maior valor | J2: Em caso de cores diferentes Base ou Tampo, utilizar preço de maior valor
E3: COLUNA 1 | F3: COLUNA 2 | G3: COLUNA 3 | H3: COLUNA 4 | I3: COLUNA 5 | J3: COLUNA 1 | K3: COLUNA 2 | L3: COLUNA 3 | M3: COLUNA 4 | N3: COLUNA 5
E4: LACA LISA BRAZIL ( COM OU SEM VIDRO PINTADO) | F4: - CARVALHO CLARO - CARVALHO NATURAL - CARVALHO LAVADO - CARV. EBANIZADO - IMBUIA CLARA * ACRESCENTAR 12% SE COM VIDRO PINTADO | G4: MESA COM TAMPO LACA LISA (COM OU SEM VIDRO PINTADO) E BASE EM: - CARVALHO CLARO - CARVALHO NATURAL - CARVALHO LAVADO - CARV. EBANIZADO - IMBUIA CLARA | H4: - NOGUEIRA - NOGUEIRA NATURAL - LOURO FREIJÓ - LOURO FREIJÓ NATURAL - CANELA - LACA METALIZADA BRAZIL - CARVALHO ÔNIX METALIZADO - CARVALHO N109 METALIZADO - CARVALHO ALBANIZADO - CARVALHO H155 FOSCO TAMPO COM OU SEM VIDRO - CONCRETO (SOMENTE SEM VIDRO) | I4: - PAU FERRO | J4: LACA LISA BRAZIL ( COM OU SEM VIDRO PINTADO) | K4: - CARVALHO CLARO - CARVALHO NATURAL - CARVALHO LAVADO - CARV. EBANIZADO - IMBUIA CLARA * ACRESCENTAR 12% SE COM VIDRO PINTADO | L4: MESA COM TAMPO LACA LISA (COM OU SEM VIDRO PINTADO) E BASE EM: - CARVALHO CLARO - CARVALHO NATURAL - CARVALHO LAVADO - CARV. EBANIZADO - IMBUIA CLARA | M4: - NOGUEIRA - NOGUEIRA NATURAL - LOURO FREIJÓ - LOURO FREIJÓ NATURAL - CANELA - LACA METALIZADA BRAZIL - CARVALHO ÔNIX METALIZADO - CARVALHO N109 METALIZADO - CARVALHO ALBANIZADO - CARVALHO H155 FOSCO TAMPO COM OU SEM VIDRO - CONCRETO (SOMENTE SEM VIDRO) | N4: - PAU FERRO
A5: DIJON | B5: 10060-6 | C5: Mesa Jantar Dijon (Tampo Canto Moeda) | D5: 1,80 x 1,00 x 0,76 | E5: =VLOOKUP(B5,'Origem '!$A$1:$D$181,4,0) -> 4503 | F5: =VLOOKUP(B5,'Origem '!$A$1:$E$181,5,0) -> 5058 | G5: =VLOOKUP(B5,'Origem '!$A$1:$F$181,6,0) -> 5293 | H5: =VLOOKUP(B5,'Origem '!$A$1:$G$181,7,0) -> 5338 | I5: =VLOOKUP(B5,'Origem '!$A$1:$H$181,8,0) -> 5463 | J5: =E5*'Mark Up '!$C$2 -> 20803.86 | K5: =F5*'Mark Up '!$C$2 -> 23367.96 | L5: =G5*'Mark Up '!$C$2 -> 24453.66 | M5: =H5*'Mark Up '!$C$2 -> 24661.56 | N5: =I5*'Mark Up '!$C$2 -> 25239.06
B6: 10060-7 | C6: Mesa Jantar Dijon (Tampo Canto Moeda) | D6: 2,00 x 1,00 x 0,76 | E6: =VLOOKUP(B6,'Origem '!$A$1:$D$181,4,0) -> 4718 | F6: =VLOOKUP(B6,'Origem '!$A$1:$E$181,5,0) -> 5453 | G6: =VLOOKUP(B6,'Origem '!$A$1:$F$181,6,0) -> 5614 | H6: =VLOOKUP(B6,'Origem '!$A$1:$G$181,7,0) -> 5670 | I6: =VLOOKUP(B6,'Origem '!$A$1:$H$181,8,0) -> 5712 | J6: =E6*'Mark Up '!$C$2 -> 21797.16 | K6: =F6*'Mark Up '!$C$2 -> 25192.86 | L6: =G6*'Mark Up '!$C$2 -> 25936.68 | M6: =H6*'Mark Up '!$C$2 -> 26195.4 | N6: =I6*'Mark Up '!$C$2 -> 26389.44
B7: 10060-8 | C7: Mesa Jantar Dijon (Tampo Canto Moeda) | D7: 2,20 x 1,10 x 0,76 | E7: =VLOOKUP(B7,'Origem '!$A$1:$D$181,4,0) -> 5191 | F7: =VLOOKUP(B7,'Origem '!$A$1:$E$181,5,0) -> 5697 | G7: =VLOOKUP(B7,'Origem '!$A$1:$F$181,6,0) -> 5994 | H7: =VLOOKUP(B7,'Origem '!$A$1:$G$181,7,0) -> 6032 | I7: =VLOOKUP(B7,'Origem '!$A$1:$H$181,8,0) -> 6160 | J7: =E7*'Mark Up '!$C$2 -> 23982.42 | K7: =F7*'Mark Up '!$C$2 -> 26320.14 | L7: =G7*'Mark Up '!$C$2 -> 27692.28 | M7: =H7*'Mark Up '!$C$2 -> 27867.84 | N7: =I7*'Mark Up '!$C$2 -> 28459.2
B8: 10060-9 | C8: Mesa Jantar Dijon (Tampo Canto Moeda) | D8: 2,40 x 1,10 x 0,76 | E8: =VLOOKUP(B8,'Origem '!$A$1:$D$181,4,0) -> 5452 | F8: =VLOOKUP(B8,'Origem '!$A$1:$E$181,5,0) -> 5900 | G8: =VLOOKUP(B8,'Origem '!$A$1:$F$181,6,0) -> 6285 | H8: =VLOOKUP(B8,'Origem '!$A$1:$G$181,7,0) -> 6314 | I8: =VLOOKUP(B8,'Origem '!$A$1:$H$181,8,0) -> 6445 | J8: =E8*'Mark Up '!$C$2 -> 25188.24 | K8: =F8*'Mark Up '!$C$2 -> 27258 | L8: =G8*'Mark Up '!$C$2 -> 29036.7 | M8: =H8*'Mark Up '!$C$2 -> 29170.68 | N8: =I8*'Mark Up '!$C$2 -> 29775.9
B9: 10060-12 | C9: Mesa Jantar Dijon (Tampo Canto Moeda) | D9: 2,70 x 1,20 x 0,76 | E9: =VLOOKUP(B9,'Origem '!$A$1:$D$181,4,0) -> 6086 | F9: =VLOOKUP(B9,'Origem '!$A$1:$E$181,5,0) -> 6392 | G9: =VLOOKUP(B9,'Origem '!$A$1:$F$181,6,0) -> 6983 | H9: =VLOOKUP(B9,'Origem '!$A$1:$G$181,7,0) -> 7003 | I9: =VLOOKUP(B9,'Origem '!$A$1:$H$181,8,0) -> 7136 | J9: =E9*'Mark Up '!$C$2 -> 28117.32 | K9: =F9*'Mark Up '!$C$2 -> 29531.04 | L9: =G9*'Mark Up '!$C$2 -> 32261.46 | M9: =H9*'Mark Up '!$C$2 -> 32353.86 | N9: =I9*'Mark Up '!$C$2 -> 32968.32
B10: 10060-13 | C10: Mesa Jantar Dijon (Tampo Canto Moeda) | D10: 3,00 x 1,20 x 0,76 | E10: =VLOOKUP(B10,'Origem '!$A$1:$D$181,4,0) -> 7185 | F10: =VLOOKUP(B10,'Origem '!$A$1:$E$181,5,0) -> 7701 | G10: =VLOOKUP(B10,'Origem '!$A$1:$F$181,6,0) -> 8348 | H10: =VLOOKUP(B10,'Origem '!$A$1:$G$181,7,0) -> 8357 | I10: =VLOOKUP(B10,'Origem '!$A$1:$H$181,8,0) -> 8494 | J10: =E10*'Mark Up '!$C$2 -> 33194.7 | K10: =F10*'Mark Up '!$C$2 -> 35578.62 | L10: =G10*'Mark Up '!$C$2 -> 38567.76 | M10: =H10*'Mark Up '!$C$2 -> 38609.34 | N10: =I10*'Mark Up '!$C$2 -> 39242.28
B11: 10060-14 | C11: Mesa Jantar Dijon (Tampo Canto Moeda) | D11: 3,20 x 1,20 x 0,76 | E11: =VLOOKUP(B11,'Origem '!$A$1:$D$181,4,0) -> 7384 | F11: =VLOOKUP(B11,'Origem '!$A$1:$E$181,5,0) -> 7915 | G11: =VLOOKUP(B11,'Origem '!$A$1:$F$181,6,0) -> 8608 | H11: =VLOOKUP(B11,'Origem '!$A$1:$G$181,7,0) -> 8620 | I11: =VLOOKUP(B11,'Origem '!$A$1:$H$181,8,0) -> 8757 | J11: =E11*'Mark Up '!$C$2 -> 34114.08 | K11: =F11*'Mark Up '!$C$2 -> 36567.3 | L11: =G11*'Mark Up '!$C$2 -> 39768.96 | M11: =H11*'Mark Up '!$C$2 -> 39824.4 | N11: =I11*'Mark Up '!$C$2 -> 40457.34
B12: 10061-6 | C12: Mesa Jantar Dijon (Tampo Canto Moeda c/ Marchetaria) | D12: 1,80 x 1,00 x 0,76 | E12: =VLOOKUP(B12,'Origem '!$A$1:$D$181,4,0) -> 5179 | F12: =VLOOKUP(B12,'Origem '!$A$1:$E$181,5,0) -> 5817 | G12: =VLOOKUP(B12,'Origem '!$A$1:$F$181,6,0) -> 6087 | H12: =VLOOKUP(B12,'Origem '!$A$1:$G$181,7,0) -> 6139 | I12: =VLOOKUP(B12,'Origem '!$A$1:$H$181,8,0) -> 6283 | J12: =E12*'Mark Up '!$C$2 -> 23926.98 | K12: =F12*'Mark Up '!$C$2 -> 26874.54 | L12: =G12*'Mark Up '!$C$2 -> 28121.94 | M12: =H12*'Mark Up '!$C$2 -> 28362.18 | N12: =I12*'Mark Up '!$C$2 -> 29027.46
B13: 10061-7 | C13: Mesa Jantar Dijon (Tampo Canto Moeda c/ Marchetaria) | D13: 2,00 x 1,00 x 0,76 | E13: =VLOOKUP(B13,'Origem '!$A$1:$D$181,4,0) -> 5426 | F13: =VLOOKUP(B13,'Origem '!$A$1:$E$181,5,0) -> 6271 | G13: =VLOOKUP(B13,'Origem '!$A$1:$F$181,6,0) -> 6457 | H13: =VLOOKUP(B13,'Origem '!$A$1:$G$181,7,0) -> 6521 | I13: =VLOOKUP(B13,'Origem '!$A$1:$H$181,8,0) -> 6569 | J13: =E13*'Mark Up '!$C$2 -> 25068.12 | K13: =F13*'Mark Up '!$C$2 -> 28972.02 | L13: =G13*'Mark Up '!$C$2 -> 29831.34 | M13: =H13*'Mark Up '!$C$2 -> 30127.02 | N13: =I13*'Mark Up '!$C$2 -> 30348.78
B14: 10061-8 | C14: Mesa Jantar Dijon (Tampo Canto Moeda c/ Marchetaria) | D14: 2,20 x 1,10 x 0,76 | E14: =VLOOKUP(B14,'Origem '!$A$1:$D$181,4,0) -> 5970 | F14: =VLOOKUP(B14,'Origem '!$A$1:$E$181,5,0) -> 6552 | G14: =VLOOKUP(B14,'Origem '!$A$1:$F$181,6,0) -> 6894 | H14: =VLOOKUP(B14,'Origem '!$A$1:$G$181,7,0) -> 6937 | I14: =VLOOKUP(B14,'Origem '!$A$1:$H$181,8,0) -> 7084 | J14: =E14*'Mark Up '!$C$2 -> 27581.4 | K14: =F14*'Mark Up '!$C$2 -> 30270.24 | L14: =G14*'Mark Up '!$C$2 -> 31850.28 | M14: =H14*'Mark Up '!$C$2 -> 32048.94 | N14: =I14*'Mark Up '!$C$2 -> 32728.08
B15: 10061-9 | C15: Mesa Jantar Dijon (Tampo Canto Moeda c/ Marchetaria) | D15: 2,40 x 1,10 x 0,76 | E15: =VLOOKUP(B15,'Origem '!$A$1:$D$181,4,0) -> 6270 | F15: =VLOOKUP(B15,'Origem '!$A$1:$E$181,5,0) -> 6785 | G15: =VLOOKUP(B15,'Origem '!$A$1:$F$181,6,0) -> 7228 | H15: =VLOOKUP(B15,'Origem '!$A$1:$G$181,7,0) -> 7262 | I15: =VLOOKUP(B15,'Origem '!$A$1:$H$181,8,0) -> 7412 | J15: =E15*'Mark Up '!$C$2 -> 28967.4 | K15: =F15*'Mark Up '!$C$2 -> 31346.7 | L15: =G15*'Mark Up '!$C$2 -> 33393.36 | M15: =H15*'Mark Up '!$C$2 -> 33550.44 | N15: =I15*'Mark Up '!$C$2 -> 34243.44
B16: 10061-12 | C16: Mesa Jantar Dijon (Tampo Canto Moeda c/ Marchetaria) | D16: 2,70 x 1,20 x 0,76 | E16: =VLOOKUP(B16,'Origem '!$A$1:$D$181,4,0) -> 6999 | F16: =VLOOKUP(B16,'Origem '!$A$1:$E$181,5,0) -> 7351 | G16: =VLOOKUP(B16,'Origem '!$A$1:$F$181,6,0) -> 8031 | H16: =VLOOKUP(B16,'Origem '!$A$1:$G$181,7,0) -> 8054 | I16: =VLOOKUP(B16,'Origem '!$A$1:$H$181,8,0) -> 8207 | J16: =E16*'Mark Up '!$C$2 -> 32335.38 | K16: =F16*'Mark Up '!$C$2 -> 33961.62 | L16: =G16*'Mark Up '!$C$2 -> 37103.22 | M16: =H16*'Mark Up '!$C$2 -> 37209.48 | N16: =I16*'Mark Up '!$C$2 -> 37916.34
B17: 10061-13 | C17: Mesa Jantar Dijon (Tampo Canto Moeda c/ Marchetaria) | D17: 3,00 x 1,20 x 0,76 | E17: =VLOOKUP(B17,'Origem '!$A$1:$D$181,4,0) -> 8263 | F17: =VLOOKUP(B17,'Origem '!$A$1:$E$181,5,0) -> 8857 | G17: =VLOOKUP(B17,'Origem '!$A$1:$F$181,6,0) -> 9601 | H17: =VLOOKUP(B17,'Origem '!$A$1:$G$181,7,0) -> 9611 | I17: =VLOOKUP(B17,'Origem '!$A$1:$H$181,8,0) -> 9769 | J17: =E17*'Mark Up '!$C$2 -> 38175.06 | K17: =F17*'Mark Up '!$C$2 -> 40919.34 | L17: =G17*'Mark Up '!$C$2 -> 44356.62 | M17: =H17*'Mark Up '!$C$2 -> 44402.82 | N17: =I17*'Mark Up '!$C$2 -> 45132.78
B18: 10061-14 | C18: Mesa Jantar Dijon (Tampo Canto Moeda c/ Marchetaria) | D18: 3,20 x 1,20 x 0,76 | E18: =VLOOKUP(B18,'Origem '!$A$1:$D$181,4,0) -> 8492 | F18: =VLOOKUP(B18,'Origem '!$A$1:$E$181,5,0) -> 9103 | G18: =VLOOKUP(B18,'Origem '!$A$1:$F$181,6,0) -> 9900 | H18: =VLOOKUP(B18,'Origem '!$A$1:$G$181,7,0) -> 9913 | I18: =VLOOKUP(B18,'Origem '!$A$1:$H$181,8,0) -> 10071 | J18: =E18*'Mark Up '!$C$2 -> 39233.04 | K18: =F18*'Mark Up '!$C$2 -> 42055.86 | L18: =G18*'Mark Up '!$C$2 -> 45738 | M18: =H18*'Mark Up '!$C$2 -> 45798.06 | N18: =I18*'Mark Up '!$C$2 -> 46528.02
A19: KOBE | B19: 10040-0 | C19: Mesa Jantar Kobe (Tampo Orgânico) " somente s/VIDRO" | D19: 1,35 Ø 0,76 | E19: =VLOOKUP(B19,'Origem '!$A$1:$D$181,4,0) -> 2854 | F19: =VLOOKUP(B19,'Origem '!$A$1:$E$181,5,0) -> 3270 | G19: =VLOOKUP(B19,'Origem '!$A$1:$F$181,6,0) -> 3270 | H19: =VLOOKUP(B19,'Origem '!$A$1:$G$181,7,0) -> 3532 | I19: =VLOOKUP(B19,'Origem '!$A$1:$H$181,8,0) -> X | J19: =E19*'Mark Up '!$C$2 -> 13185.48 | K19: =F19*'Mark Up '!$C$2 -> 15107.4 | L19: =G19*'Mark Up '!$C$2 -> 15107.4 | M19: =H19*'Mark Up '!$C$2 -> 16317.84 | N19: X
B20: 10040-1 | C20: Mesa Jantar Kobe (Tampo Orgânico) " somente s/VIDRO" | D20: 1,48 Ø 0,76 | E20: =VLOOKUP(B20,'Origem '!$A$1:$D$181,4,0) -> 3088 | F20: =VLOOKUP(B20,'Origem '!$A$1:$E$181,5,0) -> 3565 | G20: =VLOOKUP(B20,'Origem '!$A$1:$F$181,6,0) -> 3565 | H20: =VLOOKUP(B20,'Origem '!$A$1:$G$181,7,0) -> 3880 | I20: =VLOOKUP(B20,'Origem '!$A$1:$H$181,8,0) -> X | J20: =E20*'Mark Up '!$C$2 -> 14266.56 | K20: =F20*'Mark Up '!$C$2 -> 16470.3 | L20: =G20*'Mark Up '!$C$2 -> 16470.3 | M20: =H20*'Mark Up '!$C$2 -> 17925.6 | N20: X
B21: 10040-2 | C21: Mesa Jantar Kobe (Tampo Orgânico) " somente s/VIDRO" | D21: 1,60 Ø 0,76 | E21: =VLOOKUP(B21,'Origem '!$A$1:$D$181,4,0) -> 3238 | F21: =VLOOKUP(B21,'Origem '!$A$1:$E$181,5,0) -> 3802 | G21: =VLOOKUP(B21,'Origem '!$A$1:$F$181,6,0) -> 3802 | H21: =VLOOKUP(B21,'Origem '!$A$1:$G$181,7,0) -> 4171 | I21: =VLOOKUP(B21,'Origem '!$A$1:$H$181,8,0) -> X | J21: =E21*'Mark Up '!$C$2 -> 14959.56 | K21: =F21*'Mark Up '!$C$2 -> 17565.24 | L21: =G21*'Mark Up '!$C$2 -> 17565.24 | M21: =H21*'Mark Up '!$C$2 -> 19270.02 | N21: X
B22: 10040-3 | C22: Mesa Jantar Kobe (Tampo Orgânico) " somente s/VIDRO" | D22: 1,80 Ø 0,76 | E22: =VLOOKUP(B22,'Origem '!$A$1:$D$181,4,0) -> 3611 | F22: =VLOOKUP(B22,'Origem '!$A$1:$E$181,5,0) -> 4203 | G22: =VLOOKUP(B22,'Origem '!$A$1:$F$181,6,0) -> 4203 | H22: =VLOOKUP(B22,'Origem '!$A$1:$G$181,7,0) -> 4675 | I22: =VLOOKUP(B22,'Origem '!$A$1:$H$181,8,0) -> X | J22: =E22*'Mark Up '!$C$2 -> 16682.82 | K22: =F22*'Mark Up '!$C$2 -> 19417.86 | L22: =G22*'Mark Up '!$C$2 -> 19417.86 | M22: =H22*'Mark Up '!$C$2 -> 21598.5 | N22: X
A23: LA PLATA | B23: 10050-8 | C23: Mesa Jantar La Plata (Tampo Canto Moeda) | D23: 2,20 x 1,10 x 0,76 | E23: =VLOOKUP(B23,'Origem '!$A$1:$D$181,4,0) -> 4949 | F23: =VLOOKUP(B23,'Origem '!$A$1:$E$181,5,0) -> 5191 | G23: =VLOOKUP(B23,'Origem '!$A$1:$F$181,6,0) -> 5500 | H23: =VLOOKUP(B23,'Origem '!$A$1:$G$181,7,0) -> 5882 | I23: =VLOOKUP(B23,'Origem '!$A$1:$H$181,8,0) -> 6053 | J23: =E23*'Mark Up '!$C$2 -> 22864.38 | K23: =F23*'Mark Up '!$C$2 -> 23982.42 | L23: =G23*'Mark Up '!$C$2 -> 25410 | M23: =H23*'Mark Up '!$C$2 -> 27174.84 | N23: =I23*'Mark Up '!$C$2 -> 27964.86
B24: 10050-9 | C24: Mesa Jantar La Plata (Tampo Canto Moeda) | D24: 2,40 x 1,10 x 0,76 | E24: =VLOOKUP(B24,'Origem '!$A$1:$D$181,4,0) -> 5218 | F24: =VLOOKUP(B24,'Origem '!$A$1:$E$181,5,0) -> 5400 | G24: =VLOOKUP(B24,'Origem '!$A$1:$F$181,6,0) -> 5800 | H24: =VLOOKUP(B24,'Origem '!$A$1:$G$181,7,0) -> 6164 | I24: =VLOOKUP(B24,'Origem '!$A$1:$H$181,8,0) -> 6347 | J24: =E24*'Mark Up '!$C$2 -> 24107.16 | K24: =F24*'Mark Up '!$C$2 -> 24948 | L24: =G24*'Mark Up '!$C$2 -> 26796 | M24: =H24*'Mark Up '!$C$2 -> 28477.68 | N24: =I24*'Mark Up '!$C$2 -> 29323.14
B25: 10050-12 | C25: Mesa Jantar La Plata (Tampo Canto Moeda) | D25: 2,70 x 1,20 x 0,76 | E25: =VLOOKUP(B25,'Origem '!$A$1:$D$181,4,0) -> 5922 | F25: =VLOOKUP(B25,'Origem '!$A$1:$E$181,5,0) -> 5957 | G25: =VLOOKUP(B25,'Origem '!$A$1:$F$181,6,0) -> 6571 | H25: =VLOOKUP(B25,'Origem '!$A$1:$G$181,7,0) -> 6932 | I25: =VLOOKUP(B25,'Origem '!$A$1:$H$181,8,0) -> 7110 | J25: =E25*'Mark Up '!$C$2 -> 27359.64 | K25: =F25*'Mark Up '!$C$2 -> 27521.34 | L25: =G25*'Mark Up '!$C$2 -> 30358.02 | M25: =H25*'Mark Up '!$C$2 -> 32025.84 | N25: =I25*'Mark Up '!$C$2 -> 32848.2
B26: 10050-13 | C26: Mesa Jantar La Plata (Tampo Canto Moeda) | D26: 3,00 x 1,20 x 0,76 | E26: =VLOOKUP(B26,'Origem '!$A$1:$D$181,4,0) -> 7055 | F26: =VLOOKUP(B26,'Origem '!$A$1:$E$181,5,0) -> 7308 | G26: =VLOOKUP(B26,'Origem '!$A$1:$F$181,6,0) -> 7978 | H26: =VLOOKUP(B26,'Origem '!$A$1:$G$181,7,0) -> 8329 | I26: =VLOOKUP(B26,'Origem '!$A$1:$H$181,8,0) -> 8510 | J26: =E26*'Mark Up '!$C$2 -> 32594.1 | K26: =F26*'Mark Up '!$C$2 -> 33762.96 | L26: =G26*'Mark Up '!$C$2 -> 36858.36 | M26: =H26*'Mark Up '!$C$2 -> 38479.98 | N26: =I26*'Mark Up '!$C$2 -> 39316.2
B27: 10050-14 | C27: Mesa Jantar La Plata (Tampo Canto Moeda) | D27: 3,20 x 1,20 x 0,76 | E27: =VLOOKUP(B27,'Origem '!$A$1:$D$181,4,0) -> 7261 | F27: =VLOOKUP(B27,'Origem '!$A$1:$E$181,5,0) -> 7527 | G27: =VLOOKUP(B27,'Origem '!$A$1:$F$181,6,0) -> 8246 | H27: =VLOOKUP(B27,'Origem '!$A$1:$G$181,7,0) -> 8600 | I27: =VLOOKUP(B27,'Origem '!$A$1:$H$181,8,0) -> 8781 | J27: =E27*'Mark Up '!$C$2 -> 33545.82 | K27: =F27*'Mark Up '!$C$2 -> 34774.74 | L27: =G27*'Mark Up '!$C$2 -> 38096.52 | M27: =H27*'Mark Up '!$C$2 -> 39732 | N27: =I27*'Mark Up '!$C$2 -> 40568.22
A28: LESCHER | B28: 11180-9 | C28: Mesa Jantar Lescher | D28: 2,40 x 1,10 x 0,76 | E28: =VLOOKUP(B28,'Origem '!$A$1:$D$181,4,0) -> 12086 | F28: =VLOOKUP(B28,'Origem '!$A$1:$E$181,5,0) -> 11929 | G28: =VLOOKUP(B28,'Origem '!$A$1:$F$181,6,0) -> 12350 | H28: =VLOOKUP(B28,'Origem '!$A$1:$G$181,7,0) -> 12602 | I28: =VLOOKUP(B28,'Origem '!$A$1:$H$181,8,0) -> 12793 | J28: =E28*'Mark Up '!$C$2 -> 55837.32 | K28: =F28*'Mark Up '!$C$2 -> 55111.98 | L28: =G28*'Mark Up '!$C$2 -> 57057 | M28: =H28*'Mark Up '!$C$2 -> 58221.24 | N28: =I28*'Mark Up '!$C$2 -> 59103.66
B29: 11180-12 | C29: Mesa Jantar Lescher | D29: 2,70 x 1,20 x 0,76 | E29: =VLOOKUP(B29,'Origem '!$A$1:$D$181,4,0) -> 12601 | F29: =VLOOKUP(B29,'Origem '!$A$1:$E$181,5,0) -> 12461 | G29: =VLOOKUP(B29,'Origem '!$A$1:$F$181,6,0) -> 13106 | H29: =VLOOKUP(B29,'Origem '!$A$1:$G$181,7,0) -> 13373 | I29: =VLOOKUP(B29,'Origem '!$A$1:$H$181,8,0) -> 13576 | J29: =E29*'Mark Up '!$C$2 -> 58216.62 | K29: =F29*'Mark Up '!$C$2 -> 57569.82 | L29: =G29*'Mark Up '!$C$2 -> 60549.72 | M29: =H29*'Mark Up '!$C$2 -> 61783.26 | N29: =I29*'Mark Up '!$C$2 -> 62721.12
B30: 11180-13 | C30: Mesa Jantar Lescher | D30: 3,00 x 1,20 x 0,76 | E30: =VLOOKUP(B30,'Origem '!$A$1:$D$181,4,0) -> 13987 | F30: =VLOOKUP(B30,'Origem '!$A$1:$E$181,5,0) -> 13880 | G30: =VLOOKUP(B30,'Origem '!$A$1:$F$181,6,0) -> 14583 | H30: =VLOOKUP(B30,'Origem '!$A$1:$G$181,7,0) -> 14880 | I30: =VLOOKUP(B30,'Origem '!$A$1:$H$181,8,0) -> 15106 | J30: =E30*'Mark Up '!$C$2 -> 64619.94 | K30: =F30*'Mark Up '!$C$2 -> 64125.6 | L30: =G30*'Mark Up '!$C$2 -> 67373.46 | M30: =H30*'Mark Up '!$C$2 -> 68745.6 | N30: =I30*'Mark Up '!$C$2 -> 69789.72
B31: 11180-14 | C31: Mesa Jantar Lescher | D31: 3,20 x 1,20 x 0,76 | E31: =VLOOKUP(B31,'Origem '!$A$1:$D$181,4,0) -> 14205 | F31: =VLOOKUP(B31,'Origem '!$A$1:$E$181,5,0) -> 14111 | G31: =VLOOKUP(B31,'Origem '!$A$1:$F$181,6,0) -> 14864 | H31: =VLOOKUP(B31,'Origem '!$A$1:$G$181,7,0) -> 15167 | I31: =VLOOKUP(B31,'Origem '!$A$1:$H$181,8,0) -> 15397 | J31: =E31*'Mark Up '!$C$2 -> 65627.1 | K31: =F31*'Mark Up '!$C$2 -> 65192.82 | L31: =G31*'Mark Up '!$C$2 -> 68671.68 | M31: =H31*'Mark Up '!$C$2 -> 70071.54 | N31: =I31*'Mark Up '!$C$2 -> 71134.14
B32: 11180-16 | C32: Mesa Jantar Lescher (se com vidro, vidro bi-partido) | D32: 3,50 x 1,20 x 0,76 | E32: =VLOOKUP(B32,'Origem '!$A$1:$D$181,4,0) -> 17756 | F32: =VLOOKUP(B32,'Origem '!$A$1:$E$181,5,0) -> 17517 | G32: =VLOOKUP(B32,'Origem '!$A$1:$F$181,6,0) -> 18265 | H32: =VLOOKUP(B32,'Origem '!$A$1:$G$181,7,0) -> 18637 | I32: =VLOOKUP(B32,'Origem '!$A$1:$H$181,8,0) -> 18920 | J32: =E32*'Mark Up '!$C$2 -> 82032.72 | K32: =F32*'Mark Up '!$C$2 -> 80928.54 | L32: =G32*'Mark Up '!$C$2 -> 84384.3 | M32: =H32*'Mark Up '!$C$2 -> 86102.94 | N32: =I32*'Mark Up '!$C$2 -> 87410.4
B33: 11180-18 | C33: Mesa Jantar Lescher (se com vidro, vidro bi-partido) | D33: 3,70 x 1,20 x 0,76 | E33: =VLOOKUP(B33,'Origem '!$A$1:$D$181,4,0) -> 18289 | F33: =VLOOKUP(B33,'Origem '!$A$1:$E$181,5,0) -> 18099 | G33: =VLOOKUP(B33,'Origem '!$A$1:$F$181,6,0) -> 19207 | H33: =VLOOKUP(B33,'Origem '!$A$1:$G$181,7,0) -> 19598 | I33: =VLOOKUP(B33,'Origem '!$A$1:$H$181,8,0) -> 19896 | J33: =E33*'Mark Up '!$C$2 -> 84495.18 | K33: =F33*'Mark Up '!$C$2 -> 83617.38 | L33: =G33*'Mark Up '!$C$2 -> 88736.34 | M33: =H33*'Mark Up '!$C$2 -> 90542.76 | N33: =I33*'Mark Up '!$C$2 -> 91919.52
B34: 11180-20 | C34: Mesa Jantar Lescher (se com vidro, vidro bi-partido) | D34: 4,00 x 1,20 x 0,76 | E34: =VLOOKUP(B34,'Origem '!$A$1:$D$181,4,0) -> 18965 | F34: =VLOOKUP(B34,'Origem '!$A$1:$E$181,5,0) -> 18755 | G34: =VLOOKUP(B34,'Origem '!$A$1:$F$181,6,0) -> 19793 | H34: =VLOOKUP(B34,'Origem '!$A$1:$G$181,7,0) -> 20196 | I34: =VLOOKUP(B34,'Origem '!$A$1:$H$181,8,0) -> 20503 | J34: =E34*'Mark Up '!$C$2 -> 87618.3 | K34: =F34*'Mark Up '!$C$2 -> 86648.1 | L34: =G34*'Mark Up '!$C$2 -> 91443.66 | M34: =H34*'Mark Up '!$C$2 -> 93305.52 | N34: =I34*'Mark Up '!$C$2 -> 94723.86
A35: LIPSIA | B35: 9920-6 | C35: Mesa Jantar Lipsia " somente s/VIDRO" | D35: 1,80 x 1,00 x 0,76 | E35: =VLOOKUP(B35,'Origem '!$A$1:$D$181,4,0) -> 3480 | F35: =VLOOKUP(B35,'Origem '!$A$1:$E$181,5,0) -> 3748 | G35: =VLOOKUP(B35,'Origem '!$A$1:$F$181,6,0) -> 3748 | H35: =VLOOKUP(B35,'Origem '!$A$1:$G$181,7,0) -> 4052 | I35: =VLOOKUP(B35,'Origem '!$A$1:$H$181,8,0) -> X | J35: =E35*'Mark Up '!$C$2 -> 16077.6 | K35: =F35*'Mark Up '!$C$2 -> 17315.76 | L35: =G35*'Mark Up '!$C$2 -> 17315.76 | M35: =H35*'Mark Up '!$C$2 -> 18720.24 | N35: X
B36: 9920-7 | C36: Mesa Jantar Lipsia " somente s/VIDRO" | D36: 2,00 x 1,00 x 0,76 | E36: =VLOOKUP(B36,'Origem '!$A$1:$D$181,4,0) -> 3836 | F36: =VLOOKUP(B36,'Origem '!$A$1:$E$181,5,0) -> 4266 | G36: =VLOOKUP(B36,'Origem '!$A$1:$F$181,6,0) -> 4266 | H36: =VLOOKUP(B36,'Origem '!$A$1:$G$181,7,0) -> 4695 | I36: =VLOOKUP(B36,'Origem '!$A$1:$H$181,8,0) -> X | J36: =E36*'Mark Up '!$C$2 -> 17722.32 | K36: =F36*'Mark Up '!$C$2 -> 19708.92 | L36: =G36*'Mark Up '!$C$2 -> 19708.92 | M36: =H36*'Mark Up '!$C$2 -> 21690.9 | N36: X
B37: 9920-8 | C37: Mesa Jantar Lipsia " somente s/VIDRO" | D37: 2,20 x 1,10 x 0,76 | E37: =VLOOKUP(B37,'Origem '!$A$1:$D$181,4,0) -> 4238 | F37: =VLOOKUP(B37,'Origem '!$A$1:$E$181,5,0) -> 4750 | G37: =VLOOKUP(B37,'Origem '!$A$1:$F$181,6,0) -> 4750 | H37: =VLOOKUP(B37,'Origem '!$A$1:$G$181,7,0) -> 5245 | I37: =VLOOKUP(B37,'Origem '!$A$1:$H$181,8,0) -> X | J37: =E37*'Mark Up '!$C$2 -> 19579.56 | K37: =F37*'Mark Up '!$C$2 -> 21945 | L37: =G37*'Mark Up '!$C$2 -> 21945 | M37: =H37*'Mark Up '!$C$2 -> 24231.9 | N37: X
B38: 9920-9 | C38: Mesa Jantar Lipsia " somente s/VIDRO" | D38: 2,40 x 1,10 x 0,76 | E38: =VLOOKUP(B38,'Origem '!$A$1:$D$181,4,0) -> 4641 | F38: =VLOOKUP(B38,'Origem '!$A$1:$E$181,5,0) -> 5109 | G38: =VLOOKUP(B38,'Origem '!$A$1:$F$181,6,0) -> 5109 | H38: =VLOOKUP(B38,'Origem '!$A$1:$G$181,7,0) -> 5667 | I38: =VLOOKUP(B38,'Origem '!$A$1:$H$181,8,0) -> X | J38: =E38*'Mark Up '!$C$2 -> 21441.42 | K38: =F38*'Mark Up '!$C$2 -> 23603.58 | L38: =G38*'Mark Up '!$C$2 -> 23603.58 | M38: =H38*'Mark Up '!$C$2 -> 26181.54 | N38: X
B39: 9920-12 | C39: Mesa Jantar Lipsia " somente s/VIDRO" | D39: 2,70 x 1,20 x 0,76 | E39: =VLOOKUP(B39,'Origem '!$A$1:$D$181,4,0) -> 5359 | F39: =VLOOKUP(B39,'Origem '!$A$1:$E$181,5,0) -> 5650 | G39: =VLOOKUP(B39,'Origem '!$A$1:$F$181,6,0) -> 5650 | H39: =VLOOKUP(B39,'Origem '!$A$1:$G$181,7,0) -> 6360 | I39: =VLOOKUP(B39,'Origem '!$A$1:$H$181,8,0) -> X | J39: =E39*'Mark Up '!$C$2 -> 24758.58 | K39: =F39*'Mark Up '!$C$2 -> 26103 | L39: =G39*'Mark Up '!$C$2 -> 26103 | M39: =H39*'Mark Up '!$C$2 -> 29383.2 | N39: X
B40: 9920-13 | C40: Mesa Jantar Lipsia " somente s/VIDRO" | D40: 3,00 x 1,20 x 0,76 | E40: =VLOOKUP(B40,'Origem '!$A$1:$D$181,4,0) -> 6884 | F40: =VLOOKUP(B40,'Origem '!$A$1:$E$181,5,0) -> 7217 | G40: =VLOOKUP(B40,'Origem '!$A$1:$F$181,6,0) -> 7217 | H40: =VLOOKUP(B40,'Origem '!$A$1:$G$181,7,0) -> 7691 | I40: =VLOOKUP(B40,'Origem '!$A$1:$H$181,8,0) -> X | J40: =E40*'Mark Up '!$C$2 -> 31804.08 | K40: =F40*'Mark Up '!$C$2 -> 33342.54 | L40: =G40*'Mark Up '!$C$2 -> 33342.54 | M40: =H40*'Mark Up '!$C$2 -> 35532.42 | N40: X
B41: 9920-14 | C41: Mesa Jantar Lipsia " somente s/VIDRO" | D41: 3,20 x 1,20 x 0,76 | E41: =VLOOKUP(B41,'Origem '!$A$1:$D$181,4,0) -> 7281 | F41: =VLOOKUP(B41,'Origem '!$A$1:$E$181,5,0) -> 7664 | G41: =VLOOKUP(B41,'Origem '!$A$1:$F$181,6,0) -> 7664 | H41: =VLOOKUP(B41,'Origem '!$A$1:$G$181,7,0) -> 8049 | I41: =VLOOKUP(B41,'Origem '!$A$1:$H$181,8,0) -> X | J41: =E41*'Mark Up '!$C$2 -> 33638.22 | K41: =F41*'Mark Up '!$C$2 -> 35407.68 | L41: =G41*'Mark Up '!$C$2 -> 35407.68 | M41: =H41*'Mark Up '!$C$2 -> 37186.38 | N41: X
A42: MACAÇAR | B42: 10020-7 | C42: Mesa Jantar Macaçar (Tampo Elíptico) " somente s/VIDRO" | D42: 2,00 x 1,20 x 0,76 | E42: =VLOOKUP(B42,'Origem '!$A$1:$D$181,4,0) -> 3720 | F42: =VLOOKUP(B42,'Origem '!$A$1:$E$181,5,0) -> 4038 | G42: =VLOOKUP(B42,'Origem '!$A$1:$F$181,6,0) -> 4038 | H42: =VLOOKUP(B42,'Origem '!$A$1:$G$181,7,0) -> 4465 | I42: =VLOOKUP(B42,'Origem '!$A$1:$H$181,8,0) -> X | J42: =E42*'Mark Up '!$C$2 -> 17186.4 | K42: =F42*'Mark Up '!$C$2 -> 18655.56 | L42: =G42*'Mark Up '!$C$2 -> 18655.56 | M42: =H42*'Mark Up '!$C$2 -> 20628.3 | N42: X
B43: 10020-8 | C43: Mesa Jantar Macaçar (Tampo Elíptico) " somente s/VIDRO" | D43: 2,20 x 1,20 x 0,76 | E43: =VLOOKUP(B43,'Origem '!$A$1:$D$181,4,0) -> 4113 | F43: =VLOOKUP(B43,'Origem '!$A$1:$E$181,5,0) -> 4501 | G43: =VLOOKUP(B43,'Origem '!$A$1:$F$181,6,0) -> 4501 | H43: =VLOOKUP(B43,'Origem '!$A$1:$G$181,7,0) -> 4996 | I43: =VLOOKUP(B43,'Origem '!$A$1:$H$181,8,0) -> X | J43: =E43*'Mark Up '!$C$2 -> 19002.06 | K43: =F43*'Mark Up '!$C$2 -> 20794.62 | L43: =G43*'Mark Up '!$C$2 -> 20794.62 | M43: =H43*'Mark Up '!$C$2 -> 23081.52 | N43: X
B44: 10020-9 | C44: Mesa Jantar Macaçar (Tampo Elíptico) " somente s/VIDRO" | D44: 2,40 x 1,20 x 0,76 | E44: =VLOOKUP(B44,'Origem '!$A$1:$D$181,4,0) -> 4849 | F44: =VLOOKUP(B44,'Origem '!$A$1:$E$181,5,0) -> 4929 | G44: =VLOOKUP(B44,'Origem '!$A$1:$F$181,6,0) -> 4929 | H44: =VLOOKUP(B44,'Origem '!$A$1:$G$181,7,0) -> 5435 | I44: =VLOOKUP(B44,'Origem '!$A$1:$H$181,8,0) -> X | J44: =E44*'Mark Up '!$C$2 -> 22402.38 | K44: =F44*'Mark Up '!$C$2 -> 22771.98 | L44: =G44*'Mark Up '!$C$2 -> 22771.98 | M44: =H44*'Mark Up '!$C$2 -> 25109.7 | N44: X
B45: 10020-12 | C45: Mesa Jantar Macaçar (Tampo Elíptico) " somente s/VIDRO" | D45: 2,70 x 1,20 x 0,76 | E45: =VLOOKUP(B45,'Origem '!$A$1:$D$181,4,0) -> 5342 | F45: =VLOOKUP(B45,'Origem '!$A$1:$E$181,5,0) -> 5475 | G45: =VLOOKUP(B45,'Origem '!$A$1:$F$181,6,0) -> 5475 | H45: =VLOOKUP(B45,'Origem '!$A$1:$G$181,7,0) -> 6188 | I45: =VLOOKUP(B45,'Origem '!$A$1:$H$181,8,0) -> X | J45: =E45*'Mark Up '!$C$2 -> 24680.04 | K45: =F45*'Mark Up '!$C$2 -> 25294.5 | L45: =G45*'Mark Up '!$C$2 -> 25294.5 | M45: =H45*'Mark Up '!$C$2 -> 28588.56 | N45: X
B46: 10020-13 | C46: Mesa Jantar Macaçar (Tampo Elíptico) " somente s/VIDRO" | D46: 3,00 x 1,20 x 0,76 | E46: =VLOOKUP(B46,'Origem '!$A$1:$D$181,4,0) -> 6453 | F46: =VLOOKUP(B46,'Origem '!$A$1:$E$181,5,0) -> 6723 | G46: =VLOOKUP(B46,'Origem '!$A$1:$F$181,6,0) -> 6723 | H46: =VLOOKUP(B46,'Origem '!$A$1:$G$181,7,0) -> 7268 | I46: =VLOOKUP(B46,'Origem '!$A$1:$H$181,8,0) -> X | J46: =E46*'Mark Up '!$C$2 -> 29812.86 | K46: =F46*'Mark Up '!$C$2 -> 31060.26 | L46: =G46*'Mark Up '!$C$2 -> 31060.26 | M46: =H46*'Mark Up '!$C$2 -> 33578.16 | N46: X
B47: 10020-14 | C47: Mesa Jantar Macaçar (Tampo Elíptico) " somente s/VIDRO" | D47: 3,20 x 1,20 x 0,76 | E47: =VLOOKUP(B47,'Origem '!$A$1:$D$181,4,0) -> 6927 | F47: =VLOOKUP(B47,'Origem '!$A$1:$E$181,5,0) -> 7190 | G47: =VLOOKUP(B47,'Origem '!$A$1:$F$181,6,0) -> 7190 | H47: =VLOOKUP(B47,'Origem '!$A$1:$G$181,7,0) -> 7657 | I47: =VLOOKUP(B47,'Origem '!$A$1:$H$181,8,0) -> X | J47: =E47*'Mark Up '!$C$2 -> 32002.74 | K47: =F47*'Mark Up '!$C$2 -> 33217.8 | L47: =G47*'Mark Up '!$C$2 -> 33217.8 | M47: =H47*'Mark Up '!$C$2 -> 35375.34 | N47: X
A48: MONZA | B48: 10010-8 | C48: Mesa Jantar Monza (Tampo Canto Moeda) | D48: 2,20 x 1,10 x 0,76 | E48: =VLOOKUP(B48,'Origem '!$A$1:$D$181,4,0) -> 5280 | F48: =VLOOKUP(B48,'Origem '!$A$1:$E$181,5,0) -> 5252 | G48: =VLOOKUP(B48,'Origem '!$A$1:$F$181,6,0) -> 5466 | H48: =VLOOKUP(B48,'Origem '!$A$1:$G$181,7,0) -> 5577 | I48: =VLOOKUP(B48,'Origem '!$A$1:$H$181,8,0) -> X | J48: =E48*'Mark Up '!$C$2 -> 24393.6 | K48: =F48*'Mark Up '!$C$2 -> 24264.24 | L48: =G48*'Mark Up '!$C$2 -> 25252.92 | M48: =H48*'Mark Up '!$C$2 -> 25765.74 | N48: X
B49: 10010-9 | C49: Mesa Jantar Monza (Tampo Canto Moeda) | D49: 2,40 x 1,10 x 0,76 | E49: =VLOOKUP(B49,'Origem '!$A$1:$D$181,4,0) -> 5549 | F49: =VLOOKUP(B49,'Origem '!$A$1:$E$181,5,0) -> 5365 | G49: =VLOOKUP(B49,'Origem '!$A$1:$F$181,6,0) -> 5766 | H49: =VLOOKUP(B49,'Origem '!$A$1:$G$181,7,0) -> 5883 | I49: =VLOOKUP(B49,'Origem '!$A$1:$H$181,8,0) -> X | J49: =E49*'Mark Up '!$C$2 -> 25636.38 | K49: =F49*'Mark Up '!$C$2 -> 24786.3 | L49: =G49*'Mark Up '!$C$2 -> 26638.92 | M49: =H49*'Mark Up '!$C$2 -> 27179.46 | N49: X
B50: 10010-12 | C50: Mesa Jantar Monza (Tampo Canto Moeda) | D50: 2,70 x 1,20 x 0,76 | E50: =VLOOKUP(B50,'Origem '!$A$1:$D$181,4,0) -> 6440 | F50: =VLOOKUP(B50,'Origem '!$A$1:$E$181,5,0) -> 6161 | G50: =VLOOKUP(B50,'Origem '!$A$1:$F$181,6,0) -> 6775 | H50: =VLOOKUP(B50,'Origem '!$A$1:$G$181,7,0) -> 6913 | I50: =VLOOKUP(B50,'Origem '!$A$1:$H$181,8,0) -> X | J50: =E50*'Mark Up '!$C$2 -> 29752.8 | K50: =F50*'Mark Up '!$C$2 -> 28463.82 | L50: =G50*'Mark Up '!$C$2 -> 31300.5 | M50: =H50*'Mark Up '!$C$2 -> 31938.06 | N50: X
B51: 10010-13 | C51: Mesa Jantar Monza (Tampo Canto Moeda) | D51: 3,00 x 1,20 x 0,76 | E51: =VLOOKUP(B51,'Origem '!$A$1:$D$181,4,0) -> 7573 | F51: =VLOOKUP(B51,'Origem '!$A$1:$E$181,5,0) -> 7512 | G51: =VLOOKUP(B51,'Origem '!$A$1:$F$181,6,0) -> 8182 | H51: =VLOOKUP(B51,'Origem '!$A$1:$G$181,7,0) -> 8348 | I51: =VLOOKUP(B51,'Origem '!$A$1:$H$181,8,0) -> X | J51: =E51*'Mark Up '!$C$2 -> 34987.26 | K51: =F51*'Mark Up '!$C$2 -> 34705.44 | L51: =G51*'Mark Up '!$C$2 -> 37800.84 | M51: =H51*'Mark Up '!$C$2 -> 38567.76 | N51: X
B52: 10010-14 | C52: Mesa Jantar Monza (Tampo Canto Moeda) | D52: 3,20 x 1,20 x 0,76 | E52: =VLOOKUP(B52,'Origem '!$A$1:$D$181,4,0) -> 7779 | F52: =VLOOKUP(B52,'Origem '!$A$1:$E$181,5,0) -> 7732 | G52: =VLOOKUP(B52,'Origem '!$A$1:$F$181,6,0) -> 8450 | H52: =VLOOKUP(B52,'Origem '!$A$1:$G$181,7,0) -> 8622 | I52: =VLOOKUP(B52,'Origem '!$A$1:$H$181,8,0) -> X | J52: =E52*'Mark Up '!$C$2 -> 35938.98 | K52: =F52*'Mark Up '!$C$2 -> 35721.84 | L52: =G52*'Mark Up '!$C$2 -> 39039 | M52: =H52*'Mark Up '!$C$2 -> 39833.64 | N52: X
A53: SALTA | B53: 9940-9 | C53: Mesa Jantar Salta (Tampo Canto Moeda) | D53: 2,40 x 1,10 x 0,76 | E53: =VLOOKUP(B53,'Origem '!$A$1:$D$181,4,0) -> 5889 | F53: =VLOOKUP(B53,'Origem '!$A$1:$E$181,5,0) -> 6975 | G53: =VLOOKUP(B53,'Origem '!$A$1:$F$181,6,0) -> 7376 | H53: =VLOOKUP(B53,'Origem '!$A$1:$G$181,7,0) -> 7527 | I53: =VLOOKUP(B53,'Origem '!$A$1:$H$181,8,0) -> 7712 | J53: =E53*'Mark Up '!$C$2 -> 27207.18 | K53: =F53*'Mark Up '!$C$2 -> 32224.5 | L53: =G53*'Mark Up '!$C$2 -> 34077.12 | M53: =H53*'Mark Up '!$C$2 -> 34774.74 | N53: =I53*'Mark Up '!$C$2 -> 35629.44
B54: 9940-12 | C54: Mesa Jantar Salta (Tampo Canto Moeda) | D54: 2,70 x 1,20 x 0,76 | E54: =VLOOKUP(B54,'Origem '!$A$1:$D$181,4,0) -> 6543 | F54: =VLOOKUP(B54,'Origem '!$A$1:$E$181,5,0) -> 7482 | G54: =VLOOKUP(B54,'Origem '!$A$1:$F$181,6,0) -> 8095 | H54: =VLOOKUP(B54,'Origem '!$A$1:$G$181,7,0) -> 8238 | I54: =VLOOKUP(B54,'Origem '!$A$1:$H$181,8,0) -> 8425 | J54: =E54*'Mark Up '!$C$2 -> 30228.66 | K54: =F54*'Mark Up '!$C$2 -> 34566.84 | L54: =G54*'Mark Up '!$C$2 -> 37398.9 | M54: =H54*'Mark Up '!$C$2 -> 38059.56 | N54: =I54*'Mark Up '!$C$2 -> 38923.5
B55: 9940-13 | C55: Mesa Jantar Salta (Tampo Canto Moeda) | D55: 3,00 x 1,20 x 0,76 | E55: =VLOOKUP(B55,'Origem '!$A$1:$D$181,4,0) -> 8168 | F55: =VLOOKUP(B55,'Origem '!$A$1:$E$181,5,0) -> 9529 | G55: =VLOOKUP(B55,'Origem '!$A$1:$F$181,6,0) -> 10199 | H55: =VLOOKUP(B55,'Origem '!$A$1:$G$181,7,0) -> 10370 | I55: =VLOOKUP(B55,'Origem '!$A$1:$H$181,8,0) -> 10574 | J55: =E55*'Mark Up '!$C$2 -> 37736.16 | K55: =F55*'Mark Up '!$C$2 -> 44023.98 | L55: =G55*'Mark Up '!$C$2 -> 47119.38 | M55: =H55*'Mark Up '!$C$2 -> 47909.4 | N55: =I55*'Mark Up '!$C$2 -> 48851.88
B56: 9940-14 | C56: Mesa Jantar Salta (Tampo Canto Moeda) | D56: 3,20 x 1,20 x 0,76 | E56: =VLOOKUP(B56,'Origem '!$A$1:$D$181,4,0) -> 8374 | F56: =VLOOKUP(B56,'Origem '!$A$1:$E$181,5,0) -> 9750 | G56: =VLOOKUP(B56,'Origem '!$A$1:$F$181,6,0) -> 10468 | H56: =VLOOKUP(B56,'Origem '!$A$1:$G$181,7,0) -> 10641 | I56: =VLOOKUP(B56,'Origem '!$A$1:$H$181,8,0) -> 10865 | J56: =E56*'Mark Up '!$C$2 -> 38687.88 | K56: =F56*'Mark Up '!$C$2 -> 45045 | L56: =G56*'Mark Up '!$C$2 -> 48362.16 | M56: =H56*'Mark Up '!$C$2 -> 49161.42 | N56: =I56*'Mark Up '!$C$2 -> 50196.3
B57: 9940-16 | C57: Mesa Jantar Salta (TP Canto Moeda) (se com vidro, vidro bi-partido) | D57: 3,50 x 1,20 x 0,76 | E57: =VLOOKUP(B57,'Origem '!$A$1:$D$181,4,0) -> 9871 | F57: =VLOOKUP(B57,'Origem '!$A$1:$E$181,5,0) -> 11279 | G57: =VLOOKUP(B57,'Origem '!$A$1:$F$181,6,0) -> 11991 | H57: =VLOOKUP(B57,'Origem '!$A$1:$G$181,7,0) -> 12194 | I57: =VLOOKUP(B57,'Origem '!$A$1:$H$181,8,0) -> 12431 | J57: =E57*'Mark Up '!$C$2 -> 45604.02 | K57: =F57*'Mark Up '!$C$2 -> 52108.98 | L57: =G57*'Mark Up '!$C$2 -> 55398.42 | M57: =H57*'Mark Up '!$C$2 -> 56336.28 | N57: =I57*'Mark Up '!$C$2 -> 57431.22
B58: 9940-18 | C58: Mesa Jantar Salta (TP Canto Moeda) (se com vidro, vidro bi-partido) | D58: 3,70 x 1,20 x 0,76 | E58: =VLOOKUP(B58,'Origem '!$A$1:$D$181,4,0) -> 10399 | F58: =VLOOKUP(B58,'Origem '!$A$1:$E$181,5,0) -> 11833 | G58: =VLOOKUP(B58,'Origem '!$A$1:$F$181,6,0) -> 12887 | H58: =VLOOKUP(B58,'Origem '!$A$1:$G$181,7,0) -> 13175 | I58: =VLOOKUP(B58,'Origem '!$A$1:$H$181,8,0) -> 13402 | J58: =E58*'Mark Up '!$C$2 -> 48043.38 | K58: =F58*'Mark Up '!$C$2 -> 54668.46 | L58: =G58*'Mark Up '!$C$2 -> 59537.94 | M58: =H58*'Mark Up '!$C$2 -> 60868.5 | N58: =I58*'Mark Up '!$C$2 -> 61917.24
B59: 9940-20 | C59: Mesa Jantar Salta (TP Canto Moeda) (se com vidro, vidro bi-partido) | D59: 4,00 x 1,20 x 0,76 | E59: =VLOOKUP(B59,'Origem '!$A$1:$D$181,4,0) -> 11091 | F59: =VLOOKUP(B59,'Origem '!$A$1:$E$181,5,0) -> 12458 | G59: =VLOOKUP(B59,'Origem '!$A$1:$F$181,6,0) -> 13447 | H59: =VLOOKUP(B59,'Origem '!$A$1:$G$181,7,0) -> 13752 | I59: =VLOOKUP(B59,'Origem '!$A$1:$H$181,8,0) -> 13986 | J59: =E59*'Mark Up '!$C$2 -> 51240.42 | K59: =F59*'Mark Up '!$C$2 -> 57555.96 | L59: =G59*'Mark Up '!$C$2 -> 62125.14 | M59: =H59*'Mark Up '!$C$2 -> 63534.24 | N59: =I59*'Mark Up '!$C$2 -> 64615.32
A60: TOMIE | B60: 11200-9 | C60: Mesa Jantar Tomie (Tampo Oblongo) | D60: 2,40 x 1,20 x 0,76 | E60: =VLOOKUP(B60,'Origem '!$A$1:$D$181,4,0) -> 7517 | F60: =VLOOKUP(B60,'Origem '!$A$1:$E$181,5,0) -> 8307 | G60: =VLOOKUP(B60,'Origem '!$A$1:$F$181,6,0) -> 8949 | H60: =VLOOKUP(B60,'Origem '!$A$1:$G$181,7,0) -> 9178 | I60: =VLOOKUP(B60,'Origem '!$A$1:$H$181,8,0) -> 9402 | J60: =E60*'Mark Up '!$C$2 -> 34728.54 | K60: =F60*'Mark Up '!$C$2 -> 38378.34 | L60: =G60*'Mark Up '!$C$2 -> 41344.38 | M60: =H60*'Mark Up '!$C$2 -> 42402.36 | N60: =I60*'Mark Up '!$C$2 -> 43437.24
B61: 11200-12 | C61: Mesa Jantar Tomie (Tampo Oblongo) | D61: 2,70 x 1,20 x 0,76 | E61: =VLOOKUP(B61,'Origem '!$A$1:$D$181,4,0) -> 8031 | F61: =VLOOKUP(B61,'Origem '!$A$1:$E$181,5,0) -> 8706 | G61: =VLOOKUP(B61,'Origem '!$A$1:$F$181,6,0) -> 9709 | H61: =VLOOKUP(B61,'Origem '!$A$1:$G$181,7,0) -> 9906 | I61: =VLOOKUP(B61,'Origem '!$A$1:$H$181,8,0) -> 10156 | J61: =E61*'Mark Up '!$C$2 -> 37103.22 | K61: =F61*'Mark Up '!$C$2 -> 40221.72 | L61: =G61*'Mark Up '!$C$2 -> 44855.58 | M61: =H61*'Mark Up '!$C$2 -> 45765.72 | N61: =I61*'Mark Up '!$C$2 -> 46920.72
B62: 11200-13 | C62: Mesa Jantar Tomie (Tampo Oblongo) | D62: 3,00 x 1,20 x 0,76 | E62: =VLOOKUP(B62,'Origem '!$A$1:$D$181,4,0) -> 9184 | F62: =VLOOKUP(B62,'Origem '!$A$1:$E$181,5,0) -> 10054 | G62: =VLOOKUP(B62,'Origem '!$A$1:$F$181,6,0) -> 10799 | H62: =VLOOKUP(B62,'Origem '!$A$1:$G$181,7,0) -> 10998 | I62: =VLOOKUP(B62,'Origem '!$A$1:$H$181,8,0) -> 11257 | J62: =E62*'Mark Up '!$C$2 -> 42430.08 | K62: =F62*'Mark Up '!$C$2 -> 46449.48 | L62: =G62*'Mark Up '!$C$2 -> 49891.38 | M62: =H62*'Mark Up '!$C$2 -> 50810.76 | N62: =I62*'Mark Up '!$C$2 -> 52007.34
B63: 11200-14 | C63: Mesa Jantar Tomie (Tampo Oblongo) | D63: 3,20 x 1,20 x 0,76 | E63: =VLOOKUP(B63,'Origem '!$A$1:$D$181,4,0) -> 9596 | F63: =VLOOKUP(B63,'Origem '!$A$1:$E$181,5,0) -> 10414 | G63: =VLOOKUP(B63,'Origem '!$A$1:$F$181,6,0) -> 11156 | H63: =VLOOKUP(B63,'Origem '!$A$1:$G$181,7,0) -> 11398 | I63: =VLOOKUP(B63,'Origem '!$A$1:$H$181,8,0) -> 11596 | J63: =E63*'Mark Up '!$C$2 -> 44333.52 | K63: =F63*'Mark Up '!$C$2 -> 48112.68 | L63: =G63*'Mark Up '!$C$2 -> 51540.72 | M63: =H63*'Mark Up '!$C$2 -> 52658.76 | N63: =I63*'Mark Up '!$C$2 -> 53573.52
B64: 11200-16 | C64: Mesa Jantar Tomie (se com vidro, vidro bi-partido) "TP OBLONGO" | D64: 3,50 x 1,20 x 0,76 | E64: =VLOOKUP(B64,'Origem '!$A$1:$D$181,4,0) -> 11295 | F64: =VLOOKUP(B64,'Origem '!$A$1:$E$181,5,0) -> 12064 | G64: =VLOOKUP(B64,'Origem '!$A$1:$F$181,6,0) -> 13068 | H64: =VLOOKUP(B64,'Origem '!$A$1:$G$181,7,0) -> 13356 | I64: =VLOOKUP(B64,'Origem '!$A$1:$H$181,8,0) -> 13652 | J64: =E64*'Mark Up '!$C$2 -> 52182.9 | K64: =F64*'Mark Up '!$C$2 -> 55735.68 | L64: =G64*'Mark Up '!$C$2 -> 60374.16 | M64: =H64*'Mark Up '!$C$2 -> 61704.72 | N64: =I64*'Mark Up '!$C$2 -> 63072.24
B65: 11200-18 | C65: Mesa Jantar Tomie (se com vidro, vidro bi-partido) "TP OBLONGO" | D65: 3,70 x 1,20 x 0,76 | E65: =VLOOKUP(B65,'Origem '!$A$1:$D$181,4,0) -> 11451 | F65: =VLOOKUP(B65,'Origem '!$A$1:$E$181,5,0) -> 12654 | G65: =VLOOKUP(B65,'Origem '!$A$1:$F$181,6,0) -> 13311 | H65: =VLOOKUP(B65,'Origem '!$A$1:$G$181,7,0) -> 13591 | I65: =VLOOKUP(B65,'Origem '!$A$1:$H$181,8,0) -> 13828 | J65: =E65*'Mark Up '!$C$2 -> 52903.62 | K65: =F65*'Mark Up '!$C$2 -> 58461.48 | L65: =G65*'Mark Up '!$C$2 -> 61496.82 | M65: =H65*'Mark Up '!$C$2 -> 62790.42 | N65: =I65*'Mark Up '!$C$2 -> 63885.36
B66: 11200-20 | C66: Mesa Jantar Tomie (se com vidro, vidro bi-partido) "TP OBLONGO" | D66: 4,00 x 1,20 x 0,76 | E66: =VLOOKUP(B66,'Origem '!$A$1:$D$181,4,0) -> 12230 | F66: =VLOOKUP(B66,'Origem '!$A$1:$E$181,5,0) -> 13335 | G66: =VLOOKUP(B66,'Origem '!$A$1:$F$181,6,0) -> 14051 | H66: =VLOOKUP(B66,'Origem '!$A$1:$G$181,7,0) -> 14374 | I66: =VLOOKUP(B66,'Origem '!$A$1:$H$181,8,0) -> 14685 | J66: =E66*'Mark Up '!$C$2 -> 56502.6 | K66: =F66*'Mark Up '!$C$2 -> 61607.7 | L66: =G66*'Mark Up '!$C$2 -> 64915.62 | M66: =H66*'Mark Up '!$C$2 -> 66407.88 | N66: =I66*'Mark Up '!$C$2 -> 67844.7
A67: USSÉ | B67: 9930-6 | C67: Mesa Jantar Ussé (Tampo Canto Moeda) | D67: 1,80 x 1,00 x 0,76 | E67: =VLOOKUP(B67,'Origem '!$A$1:$D$181,4,0) -> 4505 | F67: =VLOOKUP(B67,'Origem '!$A$1:$E$181,5,0) -> 5357 | G67: =VLOOKUP(B67,'Origem '!$A$1:$F$181,6,0) -> 5603 | H67: =VLOOKUP(B67,'Origem '!$A$1:$G$181,7,0) -> 5705 | I67: =VLOOKUP(B67,'Origem '!$A$1:$H$181,8,0) -> 5874 | J67: =E67*'Mark Up '!$C$2 -> 20813.1 | K67: =F67*'Mark Up '!$C$2 -> 24749.34 | L67: =G67*'Mark Up '!$C$2 -> 25885.86 | M67: =H67*'Mark Up '!$C$2 -> 26357.1 | N67: =I67*'Mark Up '!$C$2 -> 27137.88
B68: 9930-7 | C68: Mesa Jantar Ussé (Tampo Canto Moeda) | D68: 2,00 x 1,00 x 0,76 | E68: =VLOOKUP(B68,'Origem '!$A$1:$D$181,4,0) -> 4726 | F68: =VLOOKUP(B68,'Origem '!$A$1:$E$181,5,0) -> 5764 | G68: =VLOOKUP(B68,'Origem '!$A$1:$F$181,6,0) -> 5935 | H68: =VLOOKUP(B68,'Origem '!$A$1:$G$181,7,0) -> 6048 | I68: =VLOOKUP(B68,'Origem '!$A$1:$H$181,8,0) -> 6230 | J68: =E68*'Mark Up '!$C$2 -> 21834.12 | K68: =F68*'Mark Up '!$C$2 -> 26629.68 | L68: =G68*'Mark Up '!$C$2 -> 27419.7 | M68: =H68*'Mark Up '!$C$2 -> 27941.76 | N68: =I68*'Mark Up '!$C$2 -> 28782.6
B69: 9930-8 | C69: Mesa Jantar Ussé (Tampo Canto Moeda) | D69: 2,20 x 1,10 x 0,76 | E69: =VLOOKUP(B69,'Origem '!$A$1:$D$181,4,0) -> 5214 | F69: =VLOOKUP(B69,'Origem '!$A$1:$E$181,5,0) -> 6016 | G69: =VLOOKUP(B69,'Origem '!$A$1:$F$181,6,0) -> 6326 | H69: =VLOOKUP(B69,'Origem '!$A$1:$G$181,7,0) -> 6420 | I69: =VLOOKUP(B69,'Origem '!$A$1:$H$181,8,0) -> 6592 | J69: =E69*'Mark Up '!$C$2 -> 24088.68 | K69: =F69*'Mark Up '!$C$2 -> 27793.92 | L69: =G69*'Mark Up '!$C$2 -> 29226.12 | M69: =H69*'Mark Up '!$C$2 -> 29660.4 | N69: =I69*'Mark Up '!$C$2 -> 30455.04
B70: 9930-9 | C70: Mesa Jantar Ussé (Tampo Canto Moeda) | D70: 2,40 x 1,10 x 0,76 | E70: =VLOOKUP(B70,'Origem '!$A$1:$D$181,4,0) -> 5483 | F70: =VLOOKUP(B70,'Origem '!$A$1:$E$181,5,0) -> 6225 | G70: =VLOOKUP(B70,'Origem '!$A$1:$F$181,6,0) -> 6626 | H70: =VLOOKUP(B70,'Origem '!$A$1:$G$181,7,0) -> 6711 | I70: =VLOOKUP(B70,'Origem '!$A$1:$H$181,8,0) -> 6886 | J70: =E70*'Mark Up '!$C$2 -> 25331.46 | K70: =F70*'Mark Up '!$C$2 -> 28759.5 | L70: =G70*'Mark Up '!$C$2 -> 30612.12 | M70: =H70*'Mark Up '!$C$2 -> 31004.82 | N70: =I70*'Mark Up '!$C$2 -> 31813.32
B71: 9930-12 | C71: Mesa Jantar Ussé (Tampo Canto Moeda) | D71: 2,70 x 1,20 x 0,76 | E71: =VLOOKUP(B71,'Origem '!$A$1:$D$181,4,0) -> 6137 | F71: =VLOOKUP(B71,'Origem '!$A$1:$E$181,5,0) -> 6732 | G71: =VLOOKUP(B71,'Origem '!$A$1:$F$181,6,0) -> 7346 | H71: =VLOOKUP(B71,'Origem '!$A$1:$G$181,7,0) -> 7421 | I71: =VLOOKUP(B71,'Origem '!$A$1:$H$181,8,0) -> 7599 | J71: =E71*'Mark Up '!$C$2 -> 28352.94 | K71: =F71*'Mark Up '!$C$2 -> 31101.84 | L71: =G71*'Mark Up '!$C$2 -> 33938.52 | M71: =H71*'Mark Up '!$C$2 -> 34285.02 | N71: =I71*'Mark Up '!$C$2 -> 35107.38
B72: 9930-13 | C72: Mesa Jantar Ussé (Tampo Canto Moeda) | D72: 3,00 x 1,20 x 0,76 | E72: =VLOOKUP(B72,'Origem '!$A$1:$D$181,4,0) -> 7372 | F72: =VLOOKUP(B72,'Origem '!$A$1:$E$181,5,0) -> 8083 | G72: =VLOOKUP(B72,'Origem '!$A$1:$F$181,6,0) -> 8752 | H72: =VLOOKUP(B72,'Origem '!$A$1:$G$181,7,0) -> 8817 | I72: =VLOOKUP(B72,'Origem '!$A$1:$H$181,8,0) -> 8998 | J72: =E72*'Mark Up '!$C$2 -> 34058.64 | K72: =F72*'Mark Up '!$C$2 -> 37343.46 | L72: =G72*'Mark Up '!$C$2 -> 40434.24 | M72: =H72*'Mark Up '!$C$2 -> 40734.54 | N72: =I72*'Mark Up '!$C$2 -> 41570.76
B73: 9930-14 | C73: Mesa Jantar Ussé (Tampo Canto Moeda) | D73: 3,20 x 1,20 x 0,76 | E73: =VLOOKUP(B73,'Origem '!$A$1:$D$181,4,0) -> 7578 | F73: =VLOOKUP(B73,'Origem '!$A$1:$E$181,5,0) -> 8303 | G73: =VLOOKUP(B73,'Origem '!$A$1:$F$181,6,0) -> 9021 | H73: =VLOOKUP(B73,'Origem '!$A$1:$G$181,7,0) -> 9088 | I73: =VLOOKUP(B73,'Origem '!$A$1:$H$181,8,0) -> 9270 | J73: =E73*'Mark Up '!$C$2 -> 35010.36 | K73: =F73*'Mark Up '!$C$2 -> 38359.86 | L73: =G73*'Mark Up '!$C$2 -> 41677.02 | M73: =H73*'Mark Up '!$C$2 -> 41986.56 | N73: =I73*'Mark Up '!$C$2 -> 42827.4
A74: VERONA | B74: 3292-0 | C74: Mesa Jantar Verona "Base Somente Textura Concreto" | D74: 1,35 Ø 0,76 | E74: =VLOOKUP(B74,'Origem '!$A$1:$D$181,4,0) -> 4372 | F74: =VLOOKUP(B74,'Origem '!$A$1:$E$181,5,0) -> 4271 | G74: =VLOOKUP(B74,'Origem '!$A$1:$F$181,6,0) -> 4512 | H74: =VLOOKUP(B74,'Origem '!$A$1:$G$181,7,0) -> 4590 | I74: =VLOOKUP(B74,'Origem '!$A$1:$H$181,8,0) -> 4669 | J74: =E74*'Mark Up '!$C$2 -> 20198.64 | K74: =F74*'Mark Up '!$C$2 -> 19732.02 | L74: =G74*'Mark Up '!$C$2 -> 20845.44 | M74: =H74*'Mark Up '!$C$2 -> 21205.8 | N74: =I74*'Mark Up '!$C$2 -> 21570.78
B75: 3292-1 | C75: Mesa Jantar Verona "Base Somente Textura Concreto" | D75: 1,48 Ø 0,76 | E75: =VLOOKUP(B75,'Origem '!$A$1:$D$181,4,0) -> 4652 | F75: =VLOOKUP(B75,'Origem '!$A$1:$E$181,5,0) -> 4560 | G75: =VLOOKUP(B75,'Origem '!$A$1:$F$181,6,0) -> 4928 | H75: =VLOOKUP(B75,'Origem '!$A$1:$G$181,7,0) -> 5013 | I75: =VLOOKUP(B75,'Origem '!$A$1:$H$181,8,0) -> 5099 | J75: =E75*'Mark Up '!$C$2 -> 21492.24 | K75: =F75*'Mark Up '!$C$2 -> 21067.2 | L75: =G75*'Mark Up '!$C$2 -> 22767.36 | M75: =H75*'Mark Up '!$C$2 -> 23160.06 | N75: =I75*'Mark Up '!$C$2 -> 23557.38
B76: 3292-2 | C76: Mesa Jantar Verona "Base Somente Textura Concreto" | D76: 1,60 Ø 0,76 | E76: =VLOOKUP(B76,'Origem '!$A$1:$D$181,4,0) -> 5089 | F76: =VLOOKUP(B76,'Origem '!$A$1:$E$181,5,0) -> 4946 | G76: =VLOOKUP(B76,'Origem '!$A$1:$F$181,6,0) -> 5337 | H76: =VLOOKUP(B76,'Origem '!$A$1:$G$181,7,0) -> 5429 | I76: =VLOOKUP(B76,'Origem '!$A$1:$H$181,8,0) -> 5522 | J76: =E76*'Mark Up '!$C$2 -> 23511.18 | K76: =F76*'Mark Up '!$C$2 -> 22850.52 | L76: =G76*'Mark Up '!$C$2 -> 24656.94 | M76: =H76*'Mark Up '!$C$2 -> 25081.98 | N76: =I76*'Mark Up '!$C$2 -> 25511.64
B77: 3292-3 | C77: Mesa Jantar Verona "Base Somente Textura Concreto" | D77: 1,80 Ø 0,76 | E77: =VLOOKUP(B77,'Origem '!$A$1:$D$181,4,0) -> 5893 | F77: =VLOOKUP(B77,'Origem '!$A$1:$E$181,5,0) -> 5718 | G77: =VLOOKUP(B77,'Origem '!$A$1:$F$181,6,0) -> 6202 | H77: =VLOOKUP(B77,'Origem '!$A$1:$G$181,7,0) -> 6354 | I77: =VLOOKUP(B77,'Origem '!$A$1:$H$181,8,0) -> 6463 | J77: =E77*'Mark Up '!$C$2 -> 27225.66 | K77: =F77*'Mark Up '!$C$2 -> 26417.16 | L77: =G77*'Mark Up '!$C$2 -> 28653.24 | M77: =H77*'Mark Up '!$C$2 -> 29355.48 | N77: =I77*'Mark Up '!$C$2 -> 29859.06
B78: 3292-4 | C78: Mesa Jantar Verona "Base Somente Textura Concreto" | D78: 2,00 Ø 0,76 | E78: =VLOOKUP(B78,'Origem '!$A$1:$D$181,4,0) -> 7532 | F78: =VLOOKUP(B78,'Origem '!$A$1:$E$181,5,0) -> 7292 | G78: =VLOOKUP(B78,'Origem '!$A$1:$F$181,6,0) -> 7398 | H78: =VLOOKUP(B78,'Origem '!$A$1:$G$181,7,0) -> 7480 | I78: =VLOOKUP(B78,'Origem '!$A$1:$H$181,8,0) -> 7698 | J78: =E78*'Mark Up '!$C$2 -> 34797.84 | K78: =F78*'Mark Up '!$C$2 -> 33689.04 | L78: =G78*'Mark Up '!$C$2 -> 34178.76 | M78: =H78*'Mark Up '!$C$2 -> 34557.6 | N78: =I78*'Mark Up '!$C$2 -> 35564.76

Sheet Informações
A1: INFORMAÇÕES ADICIONAIS SOBRE AS MESAS DE JANTAR
A2: OBS: Mesas acima de 3,50 com tampo de vidro somente será possível com vidro bipartido e tampos laminados sentido do veio na profundidade.
A3: * Para colocar VIDRO EXTRA CLEAR, ESPELHO PRATA OU ESPELHO BRONZE, acrescentar ao móvel valor descrito na pág. "Valores Vidros e Espelhos" * O vidro utilizado nos móveis é comum, pode haver diferença de tonalidade;
A4: * Para vidros comum 4mm e extra clear 4mm medida maxima de 3,20x1,30 ou redondos e quadrados de 2,00x2,00
A5: * Para vidros comum 6mm medida maxima de 3,59x1,50 ou redondos e quadrados de 2,00x2,00(sob consulta) esta espessura é mais esverdeado que o vidro comum 4mm
A6: *Para transformar mesa com canto reto em canto garrafa + 5%;
A7: *Para transformar mesa com canto reto ou canto garrafa em arredondado, elíptico (oval) e oblongo + 15%;
A8: *Para transformar tampo redondo para quadrado, ou quadrado para redondo - Sob consulta
A9: OBS: Mesas acima de 3,50 com tampo de vidro somente será possível com vidro bipartido e tampos laminados sentido do veio na profundidade.
A10: *Tampo bipartido p/mesas retangulares acrescentar 13%, EXCETO:(Monza, Dijon, Lipsia e tampos arredondados, Elíptico, Oblongo e Orgânico), que não é possível a produção.

Sheet Valores Vidros e Espelhos
A1: ACRÉSCIMO PARA COLAR VIDRO EXTRA CLEAR PINTADO, ESPELHO PRATA OU ESPELHO BRONZE
E2: Quadrados e retangulares | F2: Vidro Extra Clear | G2: Espelho Prata 4 mm | H2: Espelho Bronze 4mm | I2: Lamina TS Pedra
D3: 1 | E3: 1,30 X 1,30 | F3: =IFERROR(((VLOOKUP(D3,Vidros!$A$2:$C$67,3,0)*'Mark Up '!$C$2)),"X") -> 4227.3 | G3: =IFERROR(((VLOOKUP(D3,Vidros!$A$2:$D$67,4,0)*'Mark Up '!$C$2)),"X") -> 1552.32 | H3: =IFERROR(((VLOOKUP(D3,Vidros!$A$2:$E$67,5,0)*'Mark Up '!$C$2)),"X") -> 7174.86 | I3: =IFERROR(((VLOOKUP(D3,Vidros!$A$2:$G$67,7,0)*'Mark Up '!$C$2)),"X") -> X
D4: 2 | E4: 1,40 x 1,40 | F4: =IFERROR(((VLOOKUP(D4,Vidros!$A$2:$C$67,3,0)*'Mark Up '!$C$2)),"X") -> 4901.82 | G4: =IFERROR(((VLOOKUP(D4,Vidros!$A$2:$D$67,4,0)*'Mark Up '!$C$2)),"X") -> 1797.18 | H4: =IFERROR(((VLOOKUP(D4,Vidros!$A$2:$E$67,5,0)*'Mark Up '!$C$2)),"X") -> 8126.58 | I4: =IFERROR(((VLOOKUP(D4,Vidros!$A$2:$G$67,7,0)*'Mark Up '!$C$2)),"X") -> X
D5: 3 | E5: 1,50 x 1,50 | F5: =IFERROR(((VLOOKUP(D5,Vidros!$A$2:$C$67,3,0)*'Mark Up '!$C$2)),"X") -> 5627.16 | G5: =IFERROR(((VLOOKUP(D5,Vidros!$A$2:$D$67,4,0)*'Mark Up '!$C$2)),"X") -> 2060.52 | H5: =IFERROR(((VLOOKUP(D5,Vidros!$A$2:$E$67,5,0)*'Mark Up '!$C$2)),"X") -> 9327.78 | I5: =IFERROR(((VLOOKUP(D5,Vidros!$A$2:$G$67,7,0)*'Mark Up '!$C$2)),"X") -> X
D6: 4 | E6: 1,60 x 1,60 | F6: =IFERROR(((VLOOKUP(D6,Vidros!$A$2:$C$67,3,0)*'Mark Up '!$C$2)),"X") -> 6403.32 | G6: =IFERROR(((VLOOKUP(D6,Vidros!$A$2:$D$67,4,0)*'Mark Up '!$C$2)),"X") -> 2342.34 | H6: =IFERROR(((VLOOKUP(D6,Vidros!$A$2:$E$67,5,0)*'Mark Up '!$C$2)),"X") -> 10612.14 | I6: =IFERROR(((VLOOKUP(D6,Vidros!$A$2:$G$67,7,0)*'Mark Up '!$C$2)),"X") -> X
D7: 5 | E7: 1,60 x 0,90 | F7: =IFERROR(((VLOOKUP(D7,Vidros!$A$2:$C$67,3,0)*'Mark Up '!$C$2)),"X") -> 3603.6 | G7: =IFERROR(((VLOOKUP(D7,Vidros!$A$2:$D$67,4,0)*'Mark Up '!$C$2)),"X") -> 1321.32 | H7: =IFERROR(((VLOOKUP(D7,Vidros!$A$2:$E$67,5,0)*'Mark Up '!$C$2)),"X") -> 6112.26 | I7: =IFERROR(((VLOOKUP(D7,Vidros!$A$2:$G$67,7,0)*'Mark Up '!$C$2)),"X") -> 4924.92
D8: 6 | E8: 1,60 x 1,00 | F8: =IFERROR(((VLOOKUP(D8,Vidros!$A$2:$C$67,3,0)*'Mark Up '!$C$2)),"X") -> 4000.92 | G8: =IFERROR(((VLOOKUP(D8,Vidros!$A$2:$D$67,4,0)*'Mark Up '!$C$2)),"X") -> 1464.54 | H8: =IFERROR(((VLOOKUP(D8,Vidros!$A$2:$E$67,5,0)*'Mark Up '!$C$2)),"X") -> 6791.4 | I8: =IFERROR(((VLOOKUP(D8,Vidros!$A$2:$G$67,7,0)*'Mark Up '!$C$2)),"X") -> 4924.92
D9: 7 | E9: 1,80 x 1,00 | F9: =IFERROR(((VLOOKUP(D9,Vidros!$A$2:$C$67,3,0)*'Mark Up '!$C$2)),"X") -> 4499.88 | G9: =IFERROR(((VLOOKUP(D9,Vidros!$A$2:$D$67,4,0)*'Mark Up '!$C$2)),"X") -> 1649.34 | H9: =IFERROR(((VLOOKUP(D9,Vidros!$A$2:$E$67,5,0)*'Mark Up '!$C$2)),"X") -> 7641.48 | I9: =IFERROR(((VLOOKUP(D9,Vidros!$A$2:$G$67,7,0)*'Mark Up '!$C$2)),"X") -> 5544
D10: 8 | E10: 2,00 x 1,00 | F10: =IFERROR(((VLOOKUP(D10,Vidros!$A$2:$C$67,3,0)*'Mark Up '!$C$2)),"X") -> 5003.46 | G10: =IFERROR(((VLOOKUP(D10,Vidros!$A$2:$D$67,4,0)*'Mark Up '!$C$2)),"X") -> 1829.52 | H10: =IFERROR(((VLOOKUP(D10,Vidros!$A$2:$E$67,5,0)*'Mark Up '!$C$2)),"X") -> 8491.56 | I10: =IFERROR(((VLOOKUP(D10,Vidros!$A$2:$G$67,7,0)*'Mark Up '!$C$2)),"X") -> 5821.2
D11: 9 | E11: 2,20 x 1,10 | F11: =IFERROR(((VLOOKUP(D11,Vidros!$A$2:$C$67,3,0)*'Mark Up '!$C$2)),"X") -> 6052.2 | G11: =IFERROR(((VLOOKUP(D11,Vidros!$A$2:$D$67,4,0)*'Mark Up '!$C$2)),"X") -> 2217.6 | H11: =IFERROR(((VLOOKUP(D11,Vidros!$A$2:$E$67,5,0)*'Mark Up '!$C$2)),"X") -> 10030.02 | I11: =IFERROR(((VLOOKUP(D11,Vidros!$A$2:$G$67,7,0)*'Mark Up '!$C$2)),"X") -> 6212.052
D12: 10 | E12: 2,40 x 1,10 | F12: =IFERROR(((VLOOKUP(D12,Vidros!$A$2:$C$67,3,0)*'Mark Up '!$C$2)),"X") -> 6601.98 | G12: =IFERROR(((VLOOKUP(D12,Vidros!$A$2:$D$67,4,0)*'Mark Up '!$C$2)),"X") -> 2638.02 | H12: =IFERROR(((VLOOKUP(D12,Vidros!$A$2:$E$67,5,0)*'Mark Up '!$C$2)),"X") -> 10944.78 | I12: =IFERROR(((VLOOKUP(D12,Vidros!$A$2:$G$67,7,0)*'Mark Up '!$C$2)),"X") -> 7185.024
D13: 11 | E13: 2,70 x 1,20 | F13: =IFERROR(((VLOOKUP(D13,Vidros!$A$2:$C$67,3,0)*'Mark Up '!$C$2)),"X") -> 8103.48 | G13: =IFERROR(((VLOOKUP(D13,Vidros!$A$2:$D$67,4,0)*'Mark Up '!$C$2)),"X") -> 2966.04 | H13: =IFERROR(((VLOOKUP(D13,Vidros!$A$2:$E$67,5,0)*'Mark Up '!$C$2)),"X") -> 13430.34 | I13: =IFERROR(((VLOOKUP(D13,Vidros!$A$2:$G$67,7,0)*'Mark Up '!$C$2)),"X") -> 7979.202
D14: 12 | E14: 3,00 x 1,20 | F14: =IFERROR(((VLOOKUP(D14,Vidros!$A$2:$C$67,3,0)*'Mark Up '!$C$2)),"X") -> 8999.76 | G14: =IFERROR(((VLOOKUP(D14,Vidros!$A$2:$D$67,4,0)*'Mark Up '!$C$2)),"X") -> 3294.06 | H14: =IFERROR(((VLOOKUP(D14,Vidros!$A$2:$E$67,5,0)*'Mark Up '!$C$2)),"X") -> 14922.6 | I14: =IFERROR(((VLOOKUP(D14,Vidros!$A$2:$G$67,7,0)*'Mark Up '!$C$2)),"X") -> 8625.54
... D37: 35 | E37: 0,60 x 0,60 | F37: =IFERROR(((VLOOKUP(D37,Vidros!$A$2:$C$67,3,0)*'Mark Up '!$C$2)),"X") -> 900.9 | G37: =IFERROR(((VLOOKUP(D37,Vidros!$A$2:$D$67,4,0)*'Mark Up '!$C$2)),"X") -> 337.26 | H37: =IFERROR(((VLOOKUP(D37,Vidros!$A$2:$E$67,5,0)*'Mark Up '!$C$2)),"X") -> 1529.22 | I37: =IFERROR(((VLOOKUP(D37,Vidros!$A$2:$G$67,7,0)*'Mark Up '!$C$2)),"X") -> 1085.7
D38: 36 | E38: Redondos | F38: Vidro Extra Clear | G38: Espelho prata 4 mm | H38: Espelho bronze 4mm | I38: Lamina TS Pedra
D39: 37 | E39: 30 Ø | F39: =IFERROR(((VLOOKUP(D39,Vidros!$A$2:$C$67,3,0)*'Mark Up '!$C$2)),"X") -> 309.54 | G39: =IFERROR(((VLOOKUP(D39,Vidros!$A$2:$D$67,4,0)*'Mark Up '!$C$2)),"X") -> 124.74 | H39: =IFERROR(((VLOOKUP(D39,Vidros!$A$2:$E$67,5,0)*'Mark Up '!$C$2)),"X") -> 522.06 | I39: =IFERROR(((VLOOKUP(D39,Vidros!$A$2:$G$67,7,0)*'Mark Up '!$C$2)),"X") -> 452.76
D40: 38 | E40: 40 Ø | F40: =IFERROR(((VLOOKUP(D40,Vidros!$A$2:$C$67,3,0)*'Mark Up '!$C$2)),"X") -> 508.2 | G40: =IFERROR(((VLOOKUP(D40,Vidros!$A$2:$D$67,4,0)*'Mark Up '!$C$2)),"X") -> 189.42 | H40: =IFERROR(((VLOOKUP(D40,Vidros!$A$2:$E$67,5,0)*'Mark Up '!$C$2)),"X") -> 859.32 | I40: =IFERROR(((VLOOKUP(D40,Vidros!$A$2:$G$67,7,0)*'Mark Up '!$C$2)),"X") -> 683.76
D41: 39 | E41: 50 Ø | F41: =IFERROR(((VLOOKUP(D41,Vidros!$A$2:$C$67,3,0)*'Mark Up '!$C$2)),"X") -> 757.68 | G41: =IFERROR(((VLOOKUP(D41,Vidros!$A$2:$D$67,4,0)*'Mark Up '!$C$2)),"X") -> 304.92 | H41: =IFERROR(((VLOOKUP(D41,Vidros!$A$2:$E$67,5,0)*'Mark Up '!$C$2)),"X") -> 1284.36 | I41: =IFERROR(((VLOOKUP(D41,Vidros!$A$2:$G$67,7,0)*'Mark Up '!$C$2)),"X") -> 993.3
D42: 40 | E42: 60 Ø | F42: =IFERROR(((VLOOKUP(D42,Vidros!$A$2:$C$67,3,0)*'Mark Up '!$C$2)),"X") -> 1057.98 | G42: =IFERROR(((VLOOKUP(D42,Vidros!$A$2:$D$67,4,0)*'Mark Up '!$C$2)),"X") -> 420.42 | H42: =IFERROR(((VLOOKUP(D42,Vidros!$A$2:$E$67,5,0)*'Mark Up '!$C$2)),"X") -> 1792.56 | I42: =IFERROR(((VLOOKUP(D42,Vidros!$A$2:$G$67,7,0)*'Mark Up '!$C$2)),"X") -> 1085.7
D43: 41 | E43: 70 Ø | F43: =IFERROR(((VLOOKUP(D43,Vidros!$A$2:$C$67,3,0)*'Mark Up '!$C$2)),"X") -> 1409.1 | G43: =IFERROR(((VLOOKUP(D43,Vidros!$A$2:$D$67,4,0)*'Mark Up '!$C$2)),"X") -> 559.02 | H43: =IFERROR(((VLOOKUP(D43,Vidros!$A$2:$E$67,5,0)*'Mark Up '!$C$2)),"X") -> 2388.54 | I43: =IFERROR(((VLOOKUP(D43,Vidros!$A$2:$G$67,7,0)*'Mark Up '!$C$2)),"X") -> 2305.38
D44: 42 | E44: 80 Ø | F44: =IFERROR(((VLOOKUP(D44,Vidros!$A$2:$C$67,3,0)*'Mark Up '!$C$2)),"X") -> 1806.42 | G44: =IFERROR(((VLOOKUP(D44,Vidros!$A$2:$D$67,4,0)*'Mark Up '!$C$2)),"X") -> 711.48 | H44: =IFERROR(((VLOOKUP(D44,Vidros!$A$2:$E$67,5,0)*'Mark Up '!$C$2)),"X") -> 3067.68 | I44: =IFERROR(((VLOOKUP(D44,Vidros!$A$2:$G$67,7,0)*'Mark Up '!$C$2)),"X") -> 2739.66
D45: 43 | E45: 90 Ø | F45: =IFERROR(((VLOOKUP(D45,Vidros!$A$2:$C$67,3,0)*'Mark Up '!$C$2)),"X") -> 2259.18 | G45: =IFERROR(((VLOOKUP(D45,Vidros!$A$2:$D$67,4,0)*'Mark Up '!$C$2)),"X") -> 896.28 | H45: =IFERROR(((VLOOKUP(D45,Vidros!$A$2:$E$67,5,0)*'Mark Up '!$C$2)),"X") -> 3829.98 | I45: =IFERROR(((VLOOKUP(D45,Vidros!$A$2:$G$67,7,0)*'Mark Up '!$C$2)),"X") -> 3081.54
D46: 44 | E46: 1,00 Ø | F46: =IFERROR(((VLOOKUP(D46,Vidros!$A$2:$C$67,3,0)*'Mark Up '!$C$2)),"X") -> 2758.14 | G46: =IFERROR(((VLOOKUP(D46,Vidros!$A$2:$D$67,4,0)*'Mark Up '!$C$2)),"X") -> 1094.94 | H46: =IFERROR(((VLOOKUP(D46,Vidros!$A$2:$E$67,5,0)*'Mark Up '!$C$2)),"X") -> 4680.06 | I46: =IFERROR(((VLOOKUP(D46,Vidros!$A$2:$G$67,7,0)*'Mark Up '!$C$2)),"X") -> 3663.66
D47: 45 | E47: 1,10 Ø | F47: =IFERROR(((VLOOKUP(D47,Vidros!$A$2:$C$67,3,0)*'Mark Up '!$C$2)),"X") -> 3307.92 | G47: =IFERROR(((VLOOKUP(D47,Vidros!$A$2:$D$67,4,0)*'Mark Up '!$C$2)),"X") -> 1302.84 | H47: =IFERROR(((VLOOKUP(D47,Vidros!$A$2:$E$67,5,0)*'Mark Up '!$C$2)),"X") -> 5613.3 | I47: =IFERROR(((VLOOKUP(D47,Vidros!$A$2:$G$67,7,0)*'Mark Up '!$C$2)),"X") -> 4019.4
D48: 46 | E48: 1,20 Ø | F48: =IFERROR(((VLOOKUP(D48,Vidros!$A$2:$C$67,3,0)*'Mark Up '!$C$2)),"X") -> 3908.52 | G48: =IFERROR(((VLOOKUP(D48,Vidros!$A$2:$D$67,4,0)*'Mark Up '!$C$2)),"X") -> 1533.84 | H48: =IFERROR(((VLOOKUP(D48,Vidros!$A$2:$E$67,5,0)*'Mark Up '!$C$2)),"X") -> 6634.32 | I48: =IFERROR(((VLOOKUP(D48,Vidros!$A$2:$G$67,7,0)*'Mark Up '!$C$2)),"X") -> 4504.5
D49: 47 | E49: 1,35 Ø | F49: =IFERROR(((VLOOKUP(D49,Vidros!$A$2:$C$67,3,0)*'Mark Up '!$C$2)),"X") -> 4901.82 | G49: =IFERROR(((VLOOKUP(D49,Vidros!$A$2:$D$67,4,0)*'Mark Up '!$C$2)),"X") -> 1917.3 | H49: =IFERROR(((VLOOKUP(D49,Vidros!$A$2:$E$67,5,0)*'Mark Up '!$C$2)),"X") -> 8320.62 | I49: =IFERROR(((VLOOKUP(D49,Vidros!$A$2:$G$67,7,0)*'Mark Up '!$C$2)),"X") -> X
D50: 48 | E50: 1,48 Ø | F50: =IFERROR(((VLOOKUP(D50,Vidros!$A$2:$C$67,3,0)*'Mark Up '!$C$2)),"X") -> 5853.54 | G50: =IFERROR(((VLOOKUP(D50,Vidros!$A$2:$D$67,4,0)*'Mark Up '!$C$2)),"X") -> 2143.68 | H50: =IFERROR(((VLOOKUP(D50,Vidros!$A$2:$E$67,5,0)*'Mark Up '!$C$2)),"X") -> 9702 | I50: =IFERROR(((VLOOKUP(D50,Vidros!$A$2:$G$67,7,0)*'Mark Up '!$C$2)),"X") -> X
... D52: 50 | E52: 1,80 Ø | F52: =IFERROR(((VLOOKUP(D52,Vidros!$A$2:$C$67,3,0)*'Mark Up '!$C$2)),"X") -> 8556.24 | G52: =IFERROR(((VLOOKUP(D52,Vidros!$A$2:$D$67,4,0)*'Mark Up '!$C$2)),"X") -> 3340.26 | H52: =IFERROR(((VLOOKUP(D52,Vidros!$A$2:$E$67,5,0)*'Mark Up '!$C$2)),"X") -> 14188.02 | I52: =IFERROR(((VLOOKUP(D52,Vidros!$A$2:$G$67,7,0)*'Mark Up '!$C$2)),"X") -> X
D53: 51 | E53: Elípticos e Barril 4mm | F53: Vidro Extra Clear | G53: Espelho prata 4 mm | H53: Espelho bronze 4mm | I53: Lamina TS Pedra
D54: 52 | E54: 0,50 x 0,50 | F54: =IFERROR(((VLOOKUP(D54,Vidros!$A$2:$C$67,3,0)*'Mark Up '!$C$2)),"X") -> 845.46 | G54: =IFERROR(((VLOOKUP(D54,Vidros!$A$2:$D$67,4,0)*'Mark Up '!$C$2)),"X") -> 332.64 | H54: =IFERROR(((VLOOKUP(D54,Vidros!$A$2:$E$67,5,0)*'Mark Up '!$C$2)),"X") -> 1381.38 | I54: =IFERROR(((VLOOKUP(D54,Vidros!$A$2:$G$67,7,0)*'Mark Up '!$C$2)),"X") -> 993.3
D55: 53 | E55: 0,60 x 0,60 | F55: =IFERROR(((VLOOKUP(D55,Vidros!$A$2:$C$67,3,0)*'Mark Up '!$C$2)),"X") -> 1215.06 | G55: =IFERROR(((VLOOKUP(D55,Vidros!$A$2:$D$67,4,0)*'Mark Up '!$C$2)),"X") -> 475.86 | H55: =IFERROR(((VLOOKUP(D55,Vidros!$A$2:$E$67,5,0)*'Mark Up '!$C$2)),"X") -> 1986.6 | I55: =IFERROR(((VLOOKUP(D55,Vidros!$A$2:$G$67,7,0)*'Mark Up '!$C$2)),"X") -> 1085.7
D56: 54 | E56: 0,80 x 0,45 | F56: =IFERROR(((VLOOKUP(D56,Vidros!$A$2:$C$67,3,0)*'Mark Up '!$C$2)),"X") -> 1215.06 | G56: =IFERROR(((VLOOKUP(D56,Vidros!$A$2:$D$67,4,0)*'Mark Up '!$C$2)),"X") -> 475.86 | H56: =IFERROR(((VLOOKUP(D56,Vidros!$A$2:$E$67,5,0)*'Mark Up '!$C$2)),"X") -> 1986.6 | I56: =IFERROR(((VLOOKUP(D56,Vidros!$A$2:$G$67,7,0)*'Mark Up '!$C$2)),"X") -> 1501.5
D57: 55 | E57: 1,20 X 0,60 | F57: =IFERROR(((VLOOKUP(D57,Vidros!$A$2:$C$67,3,0)*'Mark Up '!$C$2)),"X") -> 2430.12 | G57: =IFERROR(((VLOOKUP(D57,Vidros!$A$2:$D$67,4,0)*'Mark Up '!$C$2)),"X") -> 942.48 | H57: =IFERROR(((VLOOKUP(D57,Vidros!$A$2:$E$67,5,0)*'Mark Up '!$C$2)),"X") -> 5299.14 | I57: =IFERROR(((VLOOKUP(D57,Vidros!$A$2:$G$67,7,0)*'Mark Up '!$C$2)),"X") -> 2055.9
D58: 56 | E58: 1,40 x 0,70 | F58: =IFERROR(((VLOOKUP(D58,Vidros!$A$2:$C$67,3,0)*'Mark Up '!$C$2)),"X") -> 3307.92 | G58: =IFERROR(((VLOOKUP(D58,Vidros!$A$2:$D$67,4,0)*'Mark Up '!$C$2)),"X") -> 1284.36 | H58: =IFERROR(((VLOOKUP(D58,Vidros!$A$2:$E$67,5,0)*'Mark Up '!$C$2)),"X") -> 5410.02 | I58: =IFERROR(((VLOOKUP(D58,Vidros!$A$2:$G$67,7,0)*'Mark Up '!$C$2)),"X") -> 4795.56
D59: 57 | E59: 1,60 X 0,80 | F59: =IFERROR(((VLOOKUP(D59,Vidros!$A$2:$C$67,3,0)*'Mark Up '!$C$2)),"X") -> 4319.7 | G59: =IFERROR(((VLOOKUP(D59,Vidros!$A$2:$D$67,4,0)*'Mark Up '!$C$2)),"X") -> 1663.2 | H59: =IFERROR(((VLOOKUP(D59,Vidros!$A$2:$E$67,5,0)*'Mark Up '!$C$2)),"X") -> 7063.98 | I59: =IFERROR(((VLOOKUP(D59,Vidros!$A$2:$G$67,7,0)*'Mark Up '!$C$2)),"X") -> 4920.3
D60: 58 | E60: 1,80 X 0,80 | F60: =IFERROR(((VLOOKUP(D60,Vidros!$A$2:$C$67,3,0)*'Mark Up '!$C$2)),"X") -> 4860.24 | G60: =IFERROR(((VLOOKUP(D60,Vidros!$A$2:$D$67,4,0)*'Mark Up '!$C$2)),"X") -> 1871.1 | H60: =IFERROR(((VLOOKUP(D60,Vidros!$A$2:$E$67,5,0)*'Mark Up '!$C$2)),"X") -> 7946.4 | I60: =IFERROR(((VLOOKUP(D60,Vidros!$A$2:$G$67,7,0)*'Mark Up '!$C$2)),"X") -> 5544
D61: 59 | E61: 1,80 X 1,00 | F61: =IFERROR(((VLOOKUP(D61,Vidros!$A$2:$C$67,3,0)*'Mark Up '!$C$2)),"X") -> 6075.3 | G61: =IFERROR(((VLOOKUP(D61,Vidros!$A$2:$D$67,4,0)*'Mark Up '!$C$2)),"X") -> 2328.48 | H61: =IFERROR(((VLOOKUP(D61,Vidros!$A$2:$E$67,5,0)*'Mark Up '!$C$2)),"X") -> 9933 | I61: =IFERROR(((VLOOKUP(D61,Vidros!$A$2:$G$67,7,0)*'Mark Up '!$C$2)),"X") -> 5544
D62: 60 | E62: 2,00 X 1,00 | F62: =IFERROR(((VLOOKUP(D62,Vidros!$A$2:$C$67,3,0)*'Mark Up '!$C$2)),"X") -> 6749.82 | G62: =IFERROR(((VLOOKUP(D62,Vidros!$A$2:$D$67,4,0)*'Mark Up '!$C$2)),"X") -> 2591.82 | H62: =IFERROR(((VLOOKUP(D62,Vidros!$A$2:$E$67,5,0)*'Mark Up '!$C$2)),"X") -> 11037.18 | I62: =IFERROR(((VLOOKUP(D62,Vidros!$A$2:$G$67,7,0)*'Mark Up '!$C$2)),"X") -> 5821.2
D63: 61 | E63: 2,00 x 1,20 | F63: =IFERROR(((VLOOKUP(D63,Vidros!$A$2:$C$67,3,0)*'Mark Up '!$C$2)),"X") -> 8103.48 | G63: =IFERROR(((VLOOKUP(D63,Vidros!$A$2:$D$67,4,0)*'Mark Up '!$C$2)),"X") -> 3095.4 | H63: =IFERROR(((VLOOKUP(D63,Vidros!$A$2:$E$67,5,0)*'Mark Up '!$C$2)),"X") -> 13245.54 | I63: =IFERROR(((VLOOKUP(D63,Vidros!$A$2:$G$67,7,0)*'Mark Up '!$C$2)),"X") -> 5821.2
D64: 62 | E64: 2,20 x 1,20 | F64: =IFERROR(((VLOOKUP(D64,Vidros!$A$2:$C$67,3,0)*'Mark Up '!$C$2)),"X") -> 8911.98 | G64: =IFERROR(((VLOOKUP(D64,Vidros!$A$2:$D$67,4,0)*'Mark Up '!$C$2)),"X") -> 3400.32 | H64: =IFERROR(((VLOOKUP(D64,Vidros!$A$2:$E$67,5,0)*'Mark Up '!$C$2)),"X") -> 14229.6 | I64: =IFERROR(((VLOOKUP(D64,Vidros!$A$2:$G$67,7,0)*'Mark Up '!$C$2)),"X") -> 6212.052
D65: 63 | E65: 2,40 x 1,20 | F65: =IFERROR(((VLOOKUP(D65,Vidros!$A$2:$C$67,3,0)*'Mark Up '!$C$2)),"X") -> 9720.48 | G65: =IFERROR(((VLOOKUP(D65,Vidros!$A$2:$D$67,4,0)*'Mark Up '!$C$2)),"X") -> 3705.24 | H65: =IFERROR(((VLOOKUP(D65,Vidros!$A$2:$E$67,5,0)*'Mark Up '!$C$2)),"X") -> 15518.58 | I65: =IFERROR(((VLOOKUP(D65,Vidros!$A$2:$G$67,7,0)*'Mark Up '!$C$2)),"X") -> 7185.024
... D68: 66 | E68: 3,20 x 1,20 | F68: =IFERROR(((VLOOKUP(D68,Vidros!$A$2:$C$67,3,0)*'Mark Up '!$C$2)),"X") -> 12959.1 | G68: =IFERROR(((VLOOKUP(D68,Vidros!$A$2:$D$67,4,0)*'Mark Up '!$C$2)),"X") -> 4938.78 | H68: =IFERROR(((VLOOKUP(D68,Vidros!$A$2:$E$67,5,0)*'Mark Up '!$C$2)),"X") -> 20692.98 | I68: =IFERROR(((VLOOKUP(D68,Vidros!$A$2:$G$67,7,0)*'Mark Up '!$C$2)),"X") -> X

Sheet Vidros
B1: Quadrados e retangulares | C1: Vidro Extra Clear | D1: Espelho Prata 4 mm | E1: Espelho Bronze 4mm | F1: Vidro Marmorizado 4 mm | G1: LAMINA TS PEDRA
A2: 1 | B2: 1,30 X 1,30 | C2: 915 | D2: 336 | E2: 1553 | F2: X | G2: X
A3: 2 | B3: 1,40 x 1,40 | C3: 1061 | D3: 389 | E3: 1759 | F3: X | G3: X
A4: 3 | B4: 1,50 x 1,50 | C4: 1218 | D4: 446 | E4: 2019 | F4: X | G4: X
A5: 4 | B5: 1,60 x 1,60 | C5: 1386 | D5: 507 | E5: 2297 | F5: X | G5: X
A6: 5 | B6: 1,60 x 0,90 | C6: 780 | D6: 286 | E6: 1323 | F6: 511 | G6: 1066
A7: 6 | B7: 1,60 x 1,00 | C7: 866 | D7: 317 | E7: 1470 | F7: 568 | G7: 1066
A8: 7 | B8: 1,80 x 1,00 | C8: 974 | D8: 357 | E8: 1654 | F8: 639 | G8: 1200
A9: 8 | B9: 2,00 x 1,00 | C9: 1083 | D9: 396 | E9: 1838 | F9: 709 | G9: 1260
A10: 9 | B10: 2,20 x 1,10 | C10: 1310 | D10: 480 | E10: 2171 | F10: 858 | G10: 1344.6
A11: 10 | B11: 2,40 x 1,10 | C11: 1429 | D11: 571 | E11: 2369 | F11: 936 | G11: 1555.2
A12: 11 | B12: 2,70 x 1,20 | C12: 1754 | D12: 642 | E12: 2907 | F12: X | G12: 1727.1
A13: 12 | B13: 3,00 x 1,20 | C13: 1948 | D13: 713 | E13: 3230 | F13: X | G13: 1867
A14: 13 | B14: 3,20 x 1,20 | C14: 2078 | D14: 761 | E14: 3446 | F14: X | G14: X
A15: 14 | B15: 1,10 x 0,39 | C15: 233 | D15: 88 | E15: 394 | F15: 153 | G15: 339
A16: 15 | B16: 1,40 x 0,39 | C16: 296 | D16: 111 | E16: 502 | F16: 200 | G16: 363
A17: 16 | B17: 1,60 x 0,39 | C17: 338 | D17: 127 | E17: 573 | F17: 228 | G17: 425
A18: 17 | B18: 1,80 x 0,39 | C18: 380 | D18: 143 | E18: 645 | F18: 251 | G18: 575
A19: 18 | B19: 1,10 x 0,45 | C19: 268 | D19: 100 | E19: 455 | F19: 177 | G19: 410
A20: 19 | B20: 1,40 x 0,45 | C20: 341 | D20: 125 | E20: 579 | F20: 224 | G20: 521
A21: 20 | B21: 1,60 x 0,45 | C21: 390 | D21: 143 | E21: 662 | F21: 256 | G21: 595
A22: 21 | B22: 1,80 x 0,45 | C22: 439 | D22: 161 | E22: 744 | F22: 288 | G22: 667
A23: 22 | B23: 2,00 x 0,45 | C23: 487 | D23: 179 | E23: 827 | F23: 320 | G23: 742
A24: 23 | B24: 2,20 x 0,45 | C24: 536 | D24: 197 | E24: 888 | F24: 352 | G24: 821
A25: 24 | B25: 2,50 x 0,45 | C25: 609 | D25: 224 | E25: 1009 | F25: X | G25: 937
A26: 25 | B26: 0,90 x 0,90 | C26: 439 | D26: 161 | E26: 744 | F26: 288 | G26: 667
A27: 26 | B27: 0,90 x 0,70 | C27: 341 | D27: 125 | E27: 579 | F27: 224 | G27: 519
A28: 27 | B28: 1,20 x 0,60 | C28: 390 | D28: 143 | E28: 662 | F28: 256 | G28: 445
A29: 28 | B29: 1,20 x 0,70 | C29: 455 | D29: 167 | E29: 772 | F29: 299 | G29: 890
A30: 29 | B30: 1,40 x 0,70 | C30: 531 | D30: 195 | E30: 901 | F30: 348 | G30: 1038
A31: 30 | B31: 1,40 x 0,90 | C31: 682 | D31: 250 | E31: 1158 | F31: 448 | G31: 1068
A32: 31 | B32: 1,20 x 1,20 | C32: 780 | D32: 286 | E32: 1323 | F32: 511 | G32: 975
A33: 32 | B33: 1,10 x 1,10 | C33: 655 | D33: 240 | E33: 1112 | F33: 430 | G33: 870
A34: 33 | B34: 1,00 x 1,00 | C34: 542 | D34: 199 | E34: 919 | F34: 355 | G34: 793
A35: 34 | B35: 0,50 x 0,50 | C35: 136 | D35: 50 | E35: 230 | F35: 89 | G35: 215
A36: 35 | B36: 0,60 x 0,60 | C36: 195 | D36: 73 | E36: 331 | F36: 128 | G36: 235
A37: 36 | B37: Redondos | C37: Vidro Extra Clear | D37: Espelho prata 4 mm | E37: Espelho bronze 4mm | F37: Vidro Marmorizado 4 mm | G37: LAMINA TS PEDRA
A38: 37 | B38: 30 Ø | C38: 67 | D38: 27 | E38: 113 | F38: 48 | G38: 98
A39: 38 | B39: 40 Ø | C39: 110 | D39: 41 | E39: 186 | F39: 79 | G39: 148
A40: 39 | B40: 50 Ø | C40: 164 | D40: 66 | E40: 278 | F40: 117 | G40: 215
A41: 40 | B41: 60 Ø | C41: 229 | D41: 91 | E41: 388 | F41: 162 | G41: 235
A42: 41 | B42: 70 Ø | C42: 305 | D42: 121 | E42: 517 | F42: 218 | G42: 499
A43: 42 | B43: 80 Ø | C43: 391 | D43: 154 | E43: 664 | F43: 276 | G43: 593
A44: 43 | B44: 90 Ø | C44: 489 | D44: 194 | E44: 829 | F44: 347 | G44: 667
A45: 44 | B45: 1,00 Ø | C45: 597 | D45: 237 | E45: 1013 | F45: 422 | G45: 793
A46: 45 | B46: 1,10 Ø | C46: 716 | D46: 282 | E46: 1215 | F46: 506 | G46: 870
A47: 46 | B47: 1,20 Ø | C47: 846 | D47: 332 | E47: 1436 | F47: 595 | G47: 975
A48: 47 | B48: 1,35 Ø | C48: 1061 | D48: 415 | E48: 1801 | F48: X | G48: X
A49: 48 | B49: 1,48 Ø | C49: 1267 | D49: 464 | E49: 2100 | F49: X | G49: X
A50: 49 | B50: 1,60 Ø | C50: 1474 | D50: 580 | E50: 2443 | F50: X | G50: X
A51: 50 | B51: 1,80 Ø | C51: 1852 | D51: 723 | E51: 3071 | F51: X | G51: X
A52: 51 | B52: Elípticos e Barril 4mm | C52: Vidro Extra Clear | D52: Espelho prata 4 mm | E52: Espelho bronze 4mm | F52: Vidro Marmorizado 4 mm | G52: LAMINA TS PEDRA
A53: 52 | B53: 0,50 x 0,50 | C53: 183 | D53: 72 | E53: 299 | F53: 126 | G53: 215
A54: 53 | B54: 0,60 x 0,60 | C54: 263 | D54: 103 | E54: 430 | F54: 182 | G54: 235
A55: 54 | B55: 0,80 x 0,45 | C55: 263 | D55: 103 | E55: 430 | F55: 182 | G55: 325
A56: 55 | B56: 1,20 X 0,60 | C56: 526 | D56: 204 | E56: 1147 | F56: 363 | G56: 445
A57: 56 | B57: 1,40 x 0,70 | C57: 716 | D57: 278 | E57: 1171 | F57: 494 | G57: 1038
A58: 57 | B58: 1,60 X 0,80 | C58: 935 | D58: 360 | E58: 1529 | F58: 645 | G58: 1065
A59: 58 | B59: 1,80 X 0,80 | C59: 1052 | D59: 405 | E59: 1720 | F59: 726 | G59: 1200
A60: 59 | B60: 1,80 X 1,00 | C60: 1315 | D60: 504 | E60: 2150 | F60: 907 | G60: 1200
A61: 60 | B61: 2,00 X 1,00 | C61: 1461 | D61: 561 | E61: 2389 | F61: 1007 | G61: 1260
A62: 61 | B62: 2,00 x 1,20 | C62: 1754 | D62: 670 | E62: 2867 | F62: 1208 | G62: 1260
A63: 62 | B63: 2,20 x 1,20 | C63: 1929 | D63: 736 | E63: 3080 | F63: 1330 | G63: 1344.6
A64: 63 | B64: 2,40 x 1,20 | C64: 2104 | D64: 802 | E64: 3359 | F64: 1451 | G64: 1555.2
A65: 64 | B65: 2,70 x 1,20 | C65: 2367 | D65: 902 | E65: 3778 | F65: X | G65: 1727.1
A66: 65 | B66: 3,00 x 1,20 | C66: 2630 | D66: 1002 | E66: 4199 | F66: X | G66: 1867
A67: 66 | B67: 3,20 x 1,20 | C67: 2805 | D67: 1069 | E67: 4479 | F67: X | G67: X
