Workbook

Sheet Capa Tabela
A1: 2025/1
G3: 17 de Fevereiro 2025
A4: ACABAMENTOS:
A5: VIDROS:
A7: * Para colocar VIDRO EXTRA CLEAR, ESPELHO PRATA OU ESPELHO BRONZE, acrescentar ao móvel valor descrito na ultima página. * O vidro utilizado nos móveis é comum, pode haver diferença de tonalidade;
A8: * Vidros comum 4mm e extra clear 4mm medida maxima de 3,20x1,30 ou redondos e quadrados de 2,00x2,00
A9: * Vidros comum 6mm medida maxima de 3,59x1,50 ou redondos e quadrados de 2,00x2,00(sob consulta) esta espessura é mais esverdeado que o vidro comum 4mm
A10: OBS: A Nogueira o Carvalho e o Louro Freijó somente são fornecidos em laminados, as bases de madeira maciça serão produzidas em madeira tingida em cor semelhante.
A11: OBS: Os metais presentes nas peças podem ser feitos em qualquer cor de LACA PADRÃO BRILHO OU FOSCO (Informar no pedido)

Sheet Garantia

Sheet Cores Capa
A1: LACAS LISAS BRAZIL | C1: LACAS METALIZADAS BRAZIL | E1: MADEIRAS TINGIDAS | G1: CARVALHOS TINGIDOS
A2: Areia H109 Brilho / Fosco Branco Brilho / Fosco Cinza Claro H155 Brilho / Fosco Crômo Fosco Fendi N109 Brilho / Fosco Preto Fosco LACA CONCRETO BRAZIL Concreto (Somente s/ Vidro) | C2: Bronze Chumbo N109 Ônix METAIS Aço Cortein New Golden Preto Fosco Ônix Metalizado N109 Metalizado | E2: Imbuia Clara LÂMINAS Carvalho Louro Freijó Nogueira Pau Ferro | G2: Carvalho Claro Carvalho Ebanizado Carvalho Lavado Carvalho Natural CARVALHOS LAQUEADO Albanizado Cinza Claro (H155 Fosco) CARVALHOS METALIZADOS N109 Metalizado Ônix Metalizado
A4: OBS: Lacas especiais Sayerlack Brilho ou Fosca acrescentar 15% sobre a terceira coluna da tabela, se for laca especial metalizada ou perolizada consultar a empresa.

Sheet Mark Up 
A1: Local onde faz a multiplicação nas colunas da tabelas, se precisar dobrar o valor mudar o numero 1 para 2, se precisar triplicar o valor trocar numero 1 para 3 e por assim adiante.
A2: MARK UP | C2: 4.62

Sheet Origem 
A1: 9464-1 | B1: Aparador Alabama (canto garrafa) | C1: 1,40 x 0,45 x 0,76 | D1: 1939 | E1: 1995 | F1: 2187 | G1: X | H1: 0
A2: 9464-2 | B2: Aparador Alabama (canto garrafa) | C2: 1,60 x 0,45 x 0,76 | D2: 1990 | E2: 2070 | F2: 2276 | G2: X | H2: 0
A3: 9464-3 | B3: Aparador Alabama (canto garrafa) | C3: 1,80 x 0,45 x 0,76 | D3: 2179 | E3: 2287 | F3: 2556 | G3: X | H3: 0
A4: 9464-4 | B4: Aparador Alabama (canto garrafa) | C4: 2,00 x 0,45 x 0,76 | D4: 2304 | E4: 2399 | F4: 2628 | G4: X | H4: 0
A5: 9464-5 | B5: Aparador Alabama (canto garrafa) | C5: 2,20 x 0,45 x 0,76 | D5: 2423 | E5: 2530 | F5: 2762 | G5: X | H5: 0
A6: 4064-2 | B6: Aparador Aurora (3 gavetas marchetadas); pés metal | C6: 1,66 x 0,45 x 0,80 | D6: 3463 | E6: 4140 | F6: 4592 | G6: 4835 | H6: 0
A7: 4064-3 | B7: Aparador Aurora (3 gaveta marchetadas) pés metal | C7: 1,86 x 0,45 x 0,80 | D7: 3809 | E7: 4312 | F7: 4920 | G7: 5199 | H7: 0
A8: 4064-4 | B8: Aparador Aurora (3 gavetas marchetadas) pés metal | C8: 2,06 x 0,45 x 0,80 | D8: 3967 | E8: 4656 | F8: 5562 | G8: 5681 | H8: 0
A9: 4065-2 | B9: Aparador Aurora (c/ bandeja), pés metal | C9: 1,66 x 0,45 x 0,76 | D9: 2694 | E9: 3103 | F9: 3461 | G9: 3687 | H9: 0
A10: 4065-3 | B10: Aparador Aurora (c/ bandeja), pés metal | C10: 1,86 x 0,45 x 0,76 | D10: 2936 | E10: 3330 | F10: 3801 | G10: 4061 | H10: 0
A11: 4065-4 | B11: Aparador Aurora (c/ bandeja), pés metal | C11: 2,06 x 0,45 x 0,76 | D11: 3204 | E11: 3648 | F11: 4176 | G11: 4467 | H11: 0
A12: 10984-1 | B12: Aparador Baden ,tp e bandeja canto garrafa, pés metal (se laca brilho somente c/ VD) | C12: 1,40 x 0,39 x 0,75 | D12: 2233 | E12: 2455 | F12: 2790 | G12: 2945 | H12: 0
A13: 10984-2 | B13: Aparador Baden ,tp e bandeja canto garrafa, pés metal (se laca brilho somente c/ VD) | C13: 1,60 x 0,39 x 0,75 | D13: 2397 | E13: 2545 | F13: 2925 | G13: 3120 | H13: 0
A14: 10984-3 | B14: Aparador Baden ,tp e bandeja canto garrafa, pés metal (se laca brilho somente c/ VD) | C14: 1,80 x 0,39 x 0,75 | D14: 2504 | E14: 2717 | F14: 3199 | G14: 3368 | H14: 0
A15: 10984-4 | B15: Aparador Baden ,tp e bandeja canto garrafa, pés metal (se laca brilho somente c/ VD) | C15: 2,00 x 0,39 x 0,75 | D15: 2616 | E15: 2911 | F15: 3400 | G15: 3640 | H15: 0
A16: 11620-1 | B16: Aparador Bari TP.(Seul) | C16: 1,40 x 0,45 x 0,76 | D16: 1992 | E16: 2038 | F16: 2138 | G16: X | H16: 0
A17: 11620-2 | B17: Aparador Bari TP.(Seul) | C17: 1,60 x 0,45 x 0,76 | D17: 2110 | E17: 2177 | F17: 2399 | G17: X | H17: 0
A18: 11620-3 | B18: Aparador Bari TP.(Seul) | C18: 1,80 x 0,45 x 0,76 | D18: 2299 | E18: 2364 | F18: 2599 | G18: X | H18: 0
A19: 11640-2 | B19: Aparador Bogotá ,TP.Canto Garrafa; C/ MARCHETARIA | C19: 1,60 x 0,45 x 0,76 | D19: X | E19: 2311 | F19: 2554 | G19: 2940 | H19: 0
A20: 11640-3 | B20: Aparador Bogotá ,TP.Canto Garrafa; C/ MARCHETARIA | C20: 1,80 x 0,45 x 0,76 | D20: X | E20: 2424 | F20: 2678 | G20: 3172 | H20: 0
A21: 11640-4 | B21: Aparador Bogotá ,TP.Canto Garrafa; C/ MARCHETARIA | C21: 2,00 x 0,45 x 0,76 | D21: X | E21: 2520 | F21: 2788 | G21: 3306 | H21: 0
A22: 11641-2 | B22: Aparador Bogotá ,TP.Canto Garrafa; S/ MARCHETARIA | C22: 1,60 x 0,45 x 0,76 | D22: 1968 | E22: 2198 | F22: 2405 | G22: 2847 | H22: 0
A23: 11641-3 | B23: Aparador Bogotá ,TP.Canto Garrafa; S/ MARCHETARIA | C23: 1,80 x 0,45 x 0,76 | D23: 2088 | E23: 2300 | F23: 2522 | G23: 2989 | H23: 0
A24: 11641-4 | B24: Aparador Bogotá ,TP.Canto Garrafa; S/ MARCHETARIA | C24: 2,00 x 0,45 x 0,76 | D24: 2182 | E24: 2387 | F24: 2615 | G24: 3105 | H24: 0
A25: 9554-1 | B25: Aparador Copenhague (tmp oblongo) (se laca brilho somente c/ VD) | C25: 1,41 x 0,46 x 0,76 | D25: 2744 | E25: 3147 | F25: 3548 | G25: 3883 | H25: 0
A26: 9554-2 | B26: Aparador Copenhague (tmp oblongo) (se laca brilho somente c/ VD) | C26: 1,61 x 0,46 x 0,76 | D26: 2937 | E26: 3496 | F26: 3721 | G26: 4103 | H26: 0
A27: 9554-3 | B27: Aparador Copenhague (tmp oblongo) (se laca brilho somente c/ VD) | C27: 1,81 x 0,46 x 0,76 | D27: 3103 | E27: 3680 | F27: 3911 | G27: 4306 | H27: 0
A28: 4594-2 | B28: Aparador Ellos (canto garrafa), pés metal | C28: 1,35 x 0,35 x 0,76 | D28: 1774 | E28: 1923 | F28: 2139 | G28: 2191 | H28: 0
A29: 4594-3 | B29: Aparador Ellos (canto garrafa), pés metal | C29: 1,60 x 0,35 x 0,76 | D29: 1950 | E29: 2069 | F29: 2318 | G29: 2407 | H29: 0
A30: 4594-4 | B30: Aparador Ellos (canto garrafa), pés metal | C30: 1,80 x 0,35 x 0,76 | D30: 2233 | E30: 2352 | F30: 2575 | G30: 2688 | H30: 0
A31: 11034-1 | B31: Aparador Granada (tp oblongo), pés mad. (se laca brilho somente c/ VD) | C31: 1,46 x 0,45 x 0,76 | D31: 1640 | E31: 1714 | F31: 2068 | G31: X | H31: 0
A32: 11034-2 | B32: Aparador Granada (tp oblongo), pés mad. (se laca brilho somente c/ VD) | C32: 1,66 x 0,45 x 0,76 | D32: 1801 | E32: 1854 | F32: 2200 | G32: X | H32: 0
A33: 11034-3 | B33: Aparador Granada (tp oblongo), pés mad. (se laca brilho somente c/ VD) | C33: 1,86 x 0,45 x 0,76 | D33: 1890 | E33: 1942 | F33: 2325 | G33: X | H33: 0
A34: 11034-4 | B34: Aparador Granada (tp oblongo), pés mad. (se laca brilho somente c/ VD) | C34: 2,06 x 0,45 x 0,76 | D34: 2056 | E34: 2126 | F34: 2493 | G34: X | H34: 0
A35: 10484-1 | B35: Aparador Madagascar (tp oblongo), pés metal; (com tampo sobreposto) | C35: 1,36 x 0,39 x 0,76 | D35: 1964 | E35: 2076 | F35: 2356 | G35: 2493 | H35: 0
A36: 10484-2 | B36: Aparador Madagascar (tp oblongo), pés metal; (com tampo sobreposto) | C36: 1,56 x 0,39 x 0,76 | D36: 2079 | E36: 2279 | F36: 2494 | G36: 2640 | H36: 0
A37: 10484-3 | B37: Aparador Madagascar (tp oblongo), pés metal; (com tampo sobreposto) | C37: 1,76 x 0,39 x 0,76 | D37: 2193 | E37: 2365 | F37: 2636 | G37: 2769 | H37: 0
A38: 10484-4 | B38: Aparador Madagascar (tp oblongo), pés metal; (com tampo sobreposto) | C38: 1,96 x 0,39 x 0,76 | D38: 2276 | E38: 2492 | F38: 2790 | G38: 2946 | H38: 0
A39: 11294-1 | B39: Aparador Maracatu, c/ 2 gavetas (se laca brilho somente c/ VD) | C39: 1,51 x 0,46 x 0,78 | D39: 3007 | E39: 3257 | F39: 3985 | G39: X | H39: 0
A40: 11294-2 | B40: Aparador Maracatu, c/ 2 gavetas (se laca brilho somente c/ VD) | C40: 1,71 x 0,46 x 0,78 | D40: 3340 | E40: 3598 | F40: 4386 | G40: X | H40: 0
A41: 11294-3 | B41: Aparador Maracatu, c/ 2 gavetas (se laca brilho somente c/ VD) | C41: 1,91 x 0,46 x 0,78 | D41: 3743 | E41: 3995 | F41: 4867 | G41: X | H41: 0
A42: 11294-4 | B42: Aparador Maracatu, c/ 2 gavetas (se laca brilho somente c/ VD) | C42: 2,11 x 0,46 x 0,78 | D42: 3905 | E42: 4225 | F42: 5234 | G42: X | H42: 0
A43: 11740-15 | B43: Aparador Maro, Pés metal,TP Superior c/ VIDRO INCOLOR (8mm) | C43: 2,10 x 0,45 x 0,76 | D43: 3518 | E43: 3629 | F43: 3978 | G43: 4404 | H43: 0
A44: 11740-16 | B44: Aparador Maro, Pés metal,TP Superior c/ VIDRO INCOLOR (8mm) | C44: 2,40 x 0,45 x 0,76 | D44: 3969 | E44: 4127 | F44: 4543 | G44: 5058 | H44: 0
A45: 7804-3 | B45: Aparador Oslo, tampo bandeja, pés mad. | C45: 1,75 x 0,45 x 0,76 | D45: 2418 | E45: 2631 | F45: 3062 | G45: X | H45: 0
A46: 7804-4 | B46: Aparador Oslo, tampo bandeja, pés mad. | C46: 1,95 x 0,45 x 0,76 | D46: 2643 | E46: 2865 | F46: 3314 | G46: X | H46: 0
A47: 7804-5 | B47: Aparador Oslo, tampo bandeja, pés mad. | C47: 2,15 x 0,45 x 0,76 | D47: 2843 | E47: 3042 | F47: 3418 | G47: X | H47: 0
A48: 11984-2 | B48: Aparador Rene TP. Canto Garrafa | C48: 1,60 x 0,45 x 0,76 | D48: 2059 | E48: 2011 | F48: 2352 | G48: 2618 | H48: 0
A49: 11984-3 | B49: Aparador Rene TP. Canto Garrafa | C49: 1,80 x 0,45 x 0,76 | D49: 2233 | E49: 2170 | F49: 2519 | G49: 2801 | H49: 0
A50: 10634-1 | B50: Aparador Palermo (tp oblongo, c/ 3 gav.) pés metal (se laca brilho somente c/ VD) | C50: 1,41 x 0,46 x 0,77 | D50: 2837 | E50: 3157 | F50: 3559 | G50: 3652 | H50: 0
A51: 10634-2 | B51: Aparador Palermo (tp oblongo, c/ 3 gav.) pés metal (se laca brilho somente c/ VD) | C51: 1,61 x 0,46 x 0,77 | D51: 2978 | E51: 3289 | F51: 3805 | G51: 3924 | H51: 0
A52: 10634-3 | B52: Aparador Palermo (tp oblongo, c/ 3 gav.) pés metal (se laca brilho somente c/ VD) | C52: 1,81 x 0,46 x 0,77 | D52: 3144 | E52: 3507 | F52: 3964 | G52: 4142 | H52: 0
A53: 10634-4 | B53: Aparador Palermo (tp oblongo, c/ 3 gav.) pés metal (se laca brilho somente c/ VD) | C53: 2,01 x 0,46 x 0,77 | D53: 3273 | E53: 3627 | F53: 4278 | G53: 4461 | H53: 0
A54: 8990-3 | B54: Buffet Aurora Marchetado (4 portas;1 gav. Int.; 1 prat.), tpo bandeja (se laca somente c/ VD), pés metal | C54: 1,84 x 0,48 x 0,76 | D54: 4958 | E54: 6001 | F54: 6918 | G54: 7406 | H54: 0
A55: 8990-4 | B55: Buffet Aurora Marchetado (4 portas;1 gav. Int.; 1 prat.), tpo bandeja (se laca somente c/ VD), pés metal | C55: 2,04 x 0,48 x 0,76 | D55: 5136 | E55: 6341 | F55: 7229 | G55: 7859 | H55: 0
A56: 8990-5 | B56: Buffet Aurora Marchetado (5 portas;1 gav. Int.; 2 prat.), tpo bandeja (se laca somente c/ VD), pés metal | C56: 2,29 x 0,48 x 0,76 | D56: 5508 | E56: 6841 | F56: 7774 | G56: 8473 | H56: 0
A57: 8990-7 | B57: Buffet Aurora Marchetado (5 portas;1 gav. Int.; 2 prat.), tpo bandeja (se laca somente c/ VD), pés metal | C57: 2,54 x 0,48 x 0,76 | D57: 5905 | E57: 7414 | F57: 8373 | G57: 9152 | H57: 0
A58: 11800-10 | B58: Buffet Aurora B Marchetado""INTERNO PRETO OU CINZA"" (4 portas;1 gav. Int.; 1 prat.), tpo bandeja (se laca brilho somente c/ VD), pés metal | C58: 1,86 x 0,48 x 0,75 | D58: X | E58: 5240 | F58: 5883 | G58: 6879 | H58: 0
A59: 11800-12 | B59: Buffet Aurora B Marchetado""INTERNO PRETO OU CINZA"" (4 portas;1 gav. Int.; 1 prat.), tpo bandeja (se laca brilho somente c/ VD), pés metal | C59: 2,06 x 0,48 x 0,75 | D59: X | E59: 5555 | F59: 6151 | G59: 7181 | H59: 0
A60: 11800-14 | B60: Buffet Aurora B Marchetado""INTERNO PRETO OU CINZA"" (5 portas;1 gav. Int.; 1 prat.), tpo bandeja (se laca brilho somente c/ VD), pés metal | C60: 2,31 x 0,48 x 0,75 | D60: X | E60: 6000 | F60: 6730 | G60: 7883 | H60: 0
A61: 11800-18 | B61: Buffet Aurora B Marchetado""INTERNO PRETO OU CINZA"" (5 portas;1 gav. Int.; 1 prat.), tpo bandeja (se laca brilho somente c/ VD), pés metal | C61: 2,56 x 0,48 x 0,75 | D61: X | E61: 6404 | F61: 7205 | G61: 8287 | H61: 0
A62: 10670-10 | B62: Buffet Baden (4 P, 1 Prat Pq, 1 Gav.),pés de metal (se laca brilho somente c/ VD) | C62: 1,80 x 0,48 x 0,76 | D62: 4363 | E62: 5352 | F62: 6175 | G62: 6857 | H62: 0
A63: 10670-12 | B63: Buffet Baden (4 P, 1 Prat Pq, 1 Gav.),pés de metal (se laca brilho somente c/ VD) | C63: 2,00 x 0,48 x 0,76 | D63: 4489 | E63: 5753 | F63: 6502 | G63: 7189 | H63: 0
A64: 10670-14 | B64: Buffet Baden (5 P, 2 Prat Pq, 1 Gav.),pés de metal (se laca brilho somente c/ VD) | C64: 2,25 x 0,48 x 0,76 | D64: 4782 | E64: 6087 | F64: 6925 | G64: 7685 | H64: 0
A65: 10670-18 | B65: Buffet Baden (5 P, 2 Prat Pq, 1 Gav.),pés de metal (se laca brilho somente c/ VD) | C65: 2,50 x 0,48 x 0,76 | D65: 5101 | E65: 6247 | F65: 7124 | G65: 8069 | H65: 0
A66: 8417-0 | B66: Buffet Casablanca (1 gav.int.;1 prat; 4 portas),pés mad. | C66: 1,80 x 0,47 x 0,80 | D66: 4248 | E66: 5109 | F66: 5755 | G66: 5912 | H66: 0
A67: 8417-1 | B67: Buffet Casablanca (1 gav.int.;1 prat; 4 portas),pés mad. | C67: 2,00 x 0,47 x 0,80 | D67: 4458 | E67: 5611 | F67: 6206 | G67: 6396 | H67: 0
A68: 11820-10 | B68: Buffet Chaplin B ""INTERNO PRETO OU CINZA"" (4 portas;1 gav. Int.; 1 prat.), tpo bandeja (se laca brilho somente c/ VD), pés metal | C68: 1,86 x 0,48 x 0,75 | D68: X | E68: 5154 | F68: 5788 | G68: 6769 | H68: 0
A69: 11820-12 | B69: Buffet Chaplin B ""INTERNO PRETO OU CINZA"" (4 portas;1 gav. Int.; 1 prat.), tpo bandeja (se laca brilho somente c/ VD), pés metal | C69: 2,06 x 0,48 x 0,75 | D69: X | E69: 5452 | F69: 6037 | G69: 7052 | H69: 0
A70: 11820-14 | B70: Buffet Chaplin B ""INTERNO PRETO OU CINZA"" (5 portas;1 gav. Int.; 1 prat.), tpo bandeja (se laca brilho somente c/ VD), pés metal | C70: 2,31 x 0,48 x 0,75 | D70: X | E70: 5895 | F70: 6609 | G70: 7744 | H70: 0
A71: 11820-18 | B71: Buffet Chaplin B ""INTERNO PRETO OU CINZA"" (5 portas;1 gav. Int.; 1 prat.), tpo bandeja (se laca brilho somente c/ VD), pés metal | C71: 2,56 x 0,48 x 0,75 | D71: X | E71: 6524 | F71: 7098 | G71: 8147 | H71: 0
A72: 7980-3 | B72: Buffet Dinamo (4 portas, 2 gav.), pés metal | C72: 1,80 x 0,47 x 0,76 | D72: 5925 | E72: 6363 | F72: 7235 | G72: 7509 | H72: 0
A73: 7980-4 | B73: Buffet Dinamo (4 portas, 2 gav.), pés metal | C73: 2,00 x 0,47 x 0,76 | D73: 6125 | E73: 6665 | F73: 7552 | G73: 7860 | H73: 0
A74: 7980-7 | B74: Buffet Dinamo (5 portas, 3 gav.), pés metal | C74: 2,50 x 0,47 x 0,76 | D74: 6883 | E74: 7685 | F74: 8793 | G74: 8941 | H74: 0
A75: 10111-10 | B75: Buffet Genova ,Nicho, Pés de Metal (4 portas, 2 Prat., 1 Gav.) | C75: 1,80 x 0,47 x 0,80 | D75: 5476 | E75: 6429 | F75: 7135 | G75: 7423 | H75: 0
A76: 10111-12 | B76: Buffet Genova ,Nicho, Pés de Metal (4 portas, 2 Prat., 1 Gav.) | C76: 2,00 x 0,47 x 0,80 | D76: 5656 | E76: 6692 | F76: 7407 | G76: 7629 | H76: 0
A77: 10111-14 | B77: Buffet Genova ,Nicho, Pés de Metal (5 portas, 3 Prat., 1 Gav.) | C77: 2,25 x 0,47 x 0,80 | D77: 6537 | E77: 7227 | F77: 8370 | G77: 8523 | H77: 0
A78: 10111-18 | B78: Buffet Genova ,Nicho, Pés de Metal (5 portas, 3 Prat., 1 Gav.) | C78: 2,50 x 0,47 x 0,80 | D78: 6890 | E78: 7910 | F78: 8890 | G78: 8957 | H78: 0
A79: 11940-10 | B79: Buffet Genova B ""INTERNO PRETO OU CINZA"" , Nicho, Pés de Metal (4 portas, 2 Prat., 1 Gav.) | C79: 1,82 x 0,47 x 0,80 | D79: X | E79: 6043 | F79: 6393 | G79: 6609 | H79: 0
A80: 11940-12 | B80: Buffet Genova B ""INTERNO PRETO OU CINZA"" , Nicho, Pés de Metal (4 portas, 2 Prat., 1 Gav.) | C80: 2,02 x 0,47 x 0,80 | D80: X | E80: 6385 | F80: 6769 | G80: 7013 | H80: 0
A81: 11940-14 | B81: Buffet Genova B ""INTERNO PRETO OU CINZA"" , Nicho, Pés de Metal (5 portas, 3 Prat., 1 Gav.) | C81: 2,27 x 0,47 x 0,80 | D81: X | E81: 6919 | F81: 7323 | G81: 7579 | H81: 0
A82: 11940-18 | B82: Buffet Genova B ""INTERNO PRETO OU CINZA"" , Nicho, Pés de Metal (5 portas, 3 Prat., 1 Gav.) | C82: 2,52 x 0,47 x 0,80 | D82: X | E82: 7198 | F82: 7513 | G82: 7889 | H82: 0
A83: 10141-10 | B83: Buffet Kyoto Porta Marchetada(4 portas) Pux Cava Tp Arredondado Pés de Metal (Somente SEM VD) | C83: 1,88 x 0,45 x 0,76 | D83: 5407 | E83: 6465 | F83: 7232 | G83: 7605 | H83: 0
A84: 10141-12 | B84: Buffet Kyoto Porta Marchetada(4 portas) Pux Cava Tp Arredondado Pés de Metal (Somente SEM VD) | C84: 2,08 x 0,45 x 0,76 | D84: 5679 | E84: 6956 | F84: 7633 | G84: 8413 | H84: 0
A85: 10141-15 | B85: Buffet Kyoto Porta Marchetada(5 portas) Pux Cava Tp Arredondado Pés de Metal (Somente SEM VD) | C85: 2,32 x 0,45 x 0,76 | D85: 5996 | E85: 7307 | F85: 8125 | G85: 8588 | H85: 0
A86: 10141-18 | B86: Buffet Kyoto Porta Marchetada(5 portas) Pux Cava Tp Arredondado Pés de Metal (Somente SEM VD) | C86: 2,58 x 0,45 x 0,76 | D86: 6500 | E86: 7724 | F86: 8528 | G86: 9172 | H86: 0
A87: 12010-10 | B87: Buffet Kyoto "B" Porta Marchetada "INTERNO PRETO OU CINZA" (4 portas) Pux Cava Tp Arredondado Pés Metal (Somente SEM VD) | C87: 1,88 x 0,45 x 0,76 | D87: X | E87: 6126 | F87: 6333 | G87: 7017 | H87: 0
A88: 12010-12 | B88: Buffet Kyoto "B" Porta Marchetada "INTERNO PRETO OU CINZA" (4 portas) Pux Cava Tp Arredondado Pés Metal (Somente SEM VD) | C88: 2,08 x 0,45 x 0,76 | D88: X | E88: 6449 | F88: 6682 | G88: 7423 | H88: 0
A89: 12010-14 | B89: Buffet Kyoto "B" Porta Marchetada "INTERNO PRETO OU CINZA" (5 portas) Pux Cava Tp Arredondado Pés Metal (Somente SEM VD) | C89: 2,32 x 0,45 x 0,76 | D89: X | E89: 6884 | F89: 7212 | G89: 7933 | H89: 0
A90: 12010-18 | B90: Buffet Kyoto "B" Porta Marchetada "INTERNO PRETO OU CINZA" (5 portas) Pux Cava Tp Arredondado Pés Metal (Somente SEM VD) | C90: 2,58 x 0,45 x 0,76 | D90: X | E90: 7241 | F90: 7651 | G90: 8237 | H90: 0
A91: 11155-2 | B91: Balcão Rhone (1 prateleira), pés metal (se laca brilho somente c/ VD) | C91: 1,25 x 0,36 x 0,89 | D91: 2925 | E91: 3594 | F91: 4259 | G91: 4505 | H91: 0
A92: 11760-10 | B92: Buffet Wave Marchetado (4 portas;1 gav. Int.; 1 prat.), pés madeira | C92: 1,82 x 0,47 x 0,76 | D92: 4586 | E92: 5960 | F92: 6920 | G92: 8113 | H92: 0
A93: 11760-12 | B93: Buffet Wave Marchetado (4 portas;1 gav. Int.; 1 prat.), pés madeira | C93: 2,02 x 0,47 x 0,76 | D93: 4787 | E93: 6245 | F93: 7270 | G93: 8298 | H93: 0
A94: 11760-14 | B94: Buffet Wave Marchetado (5 portas;1 gav. Int.; 1 prat.), pés madeira | C94: 2,27 x 0,47 x 0,76 | D94: 5452 | E94: 6907 | F94: 7997 | G94: 9328 | H94: 0
A95: 11760-18 | B95: Buffet Wave Marchetado (5 portas;1 gav. Int.; 1 prat.), pés madeira | C95: 2,52 x 0,47 x 0,76 | D95: 5896 | E95: 7840 | F95: 9171 | G95: 11055 | H95: 0
A96: 11761-10 | B96: Buffet Wave B Marchetaria""INTERNO PRETO OU CINZA"" (4 portas;1 gav. Int.; 1 prat.),pés de madeira | C96: 1,85 x 0,47 x 0,76 | D96: X | E96: 5183 | F96: 6246 | G96: 6919 | H96: 0
A97: 11761-12 | B97: Buffet Wave B Marchetaria""INTERNO PRETO OU CINZA"" (4 portas;1 gav. Int.; 1 prat.),pés de madeira | C97: 2,05 x 0,47 x 0,76 | D97: X | E97: 5754 | F97: 6512 | G97: 7211 | H97: 0
A98: 11761-14 | B98: Buffet Wave B Marchetaria""INTERNO PRETO OU CINZA"" (5 portas;1 gav. Int.; 2 prat.),pés de madeira | C98: 2,30 x 0,47 x 0,76 | D98: X | E98: 6397 | F98: 7220 | G98: 7956 | H98: 0
A99: 11761-18 | B99: Buffet Wave B Marchetaria""INTERNO PRETO OU CINZA"" (5 portas;1 gav. Int.; 2 prat.),pés de madeira | C99: 2,55 x 0,47 x 0,76 | D99: X | E99: 7157 | F99: 8256 | G99: 9342 | H99: 0
A100: 4829-0 | B100: Carrinho de Chá Gold (se laca brilho somente c/ VD) | C100: 1,16 x 0,46 x 0,80 | D100: 2590 | E100: 2843 | F100: 3161 | G100: 3398 | H100: 0
...

Sheet Aparadores
C1: APARADORES | I1: AMBIENTADAS
A2: COLEÇÃO | B2: REF | C2: DESCRIÇÃO | D2: COMP X PROF X ALT | E2: Em caso de cores diferentes Base ou Tampo, utilizar preço de maior valor
E3: COLUNA 1 | F3: COLUNA 2 | G3: COLUNA 3 | H3: COLUNA 4
E4: LACA LISA BRAZIL ( COM OU SEM VIDRO PINTADO) | F4: - CARVALHO CLARO - CARVALHO NATURAL - CARVALHO LAVADO - CARV. EBANIZADO - IMBUIA CLARA * ACRESCENTAR 12% SE COM VIDRO PINTADO | G4: - NOGUEIRA - NOGUEIRA NATURAL - LOURO FREIJÓ - LOURO FREIJÓ NATURAL - CANELA - LACA METALIZADA BRAZIL - CARV. ÔNIX METALIZADO - CARV. N109 METALIZADO - CARV. ALBANIZADO - CARV. H155 FOSCO - CONCRETO (SOMENTE SEM VIDRO) | H4: - PAU FERRO
E5: OBS. O ACABAMENTO DO METAL NÃO INFLUENCIARÁ NO VALOR DO APARADOR
A6: ALABAMA | B6: 9464-1 | C6: Aparador Alabama (canto garrafa) | D6: 1,40 x 0,45 x 0,76 | E6: =IFERROR((VLOOKUP(B6,'Origem '!$A$1:$H$1002,4,0)*'Mark Up '!$C$2),"X") -> 8958.18 | F6: =IFERROR((VLOOKUP(B6,'Origem '!$A$1:$H$1002,5,0)*'Mark Up '!$C$2),"X") -> 9216.9 | G6: =IFERROR((VLOOKUP(B6,'Origem '!$A$1:$H$1002,6,0)*'Mark Up '!$C$2),"X") -> 10103.94 | H6: =IFERROR((VLOOKUP(B6,'Origem '!$A$1:$H$1002,7,0)*'Mark Up '!$C$2),"X") -> X
B7: 9464-2 | C7: Aparador Alabama (canto garrafa) | D7: 1,60 x 0,45 x 0,76 | E7: =IFERROR((VLOOKUP(B7,'Origem '!$A$1:$H$1002,4,0)*'Mark Up '!$C$2),"X") -> 9193.8 | F7: =IFERROR((VLOOKUP(B7,'Origem '!$A$1:$H$1002,5,0)*'Mark Up '!$C$2),"X") -> 9563.4 | G7: =IFERROR((VLOOKUP(B7,'Origem '!$A$1:$H$1002,6,0)*'Mark Up '!$C$2),"X") -> 10515.12 | H7: =IFERROR((VLOOKUP(B7,'Origem '!$A$1:$H$1002,7,0)*'Mark Up '!$C$2),"X") -> X
B8: 9464-3 | C8: Aparador Alabama (canto garrafa) | D8: 1,80 x 0,45 x 0,76 | E8: =IFERROR((VLOOKUP(B8,'Origem '!$A$1:$H$1002,4,0)*'Mark Up '!$C$2),"X") -> 10066.98 | F8: =IFERROR((VLOOKUP(B8,'Origem '!$A$1:$H$1002,5,0)*'Mark Up '!$C$2),"X") -> 10565.94 | G8: =IFERROR((VLOOKUP(B8,'Origem '!$A$1:$H$1002,6,0)*'Mark Up '!$C$2),"X") -> 11808.72 | H8: =IFERROR((VLOOKUP(B8,'Origem '!$A$1:$H$1002,7,0)*'Mark Up '!$C$2),"X") -> X
B9: 9464-4 | C9: Aparador Alabama (canto garrafa) | D9: 2,00 x 0,45 x 0,76 | E9: =IFERROR((VLOOKUP(B9,'Origem '!$A$1:$H$1002,4,0)*'Mark Up '!$C$2),"X") -> 10644.48 | F9: =IFERROR((VLOOKUP(B9,'Origem '!$A$1:$H$1002,5,0)*'Mark Up '!$C$2),"X") -> 11083.38 | G9: =IFERROR((VLOOKUP(B9,'Origem '!$A$1:$H$1002,6,0)*'Mark Up '!$C$2),"X") -> 12141.36 | H9: =IFERROR((VLOOKUP(B9,'Origem '!$A$1:$H$1002,7,0)*'Mark Up '!$C$2),"X") -> X
B10: 9464-5 | C10: Aparador Alabama (canto garrafa) | D10: 2,20 x 0,45 x 0,76 | E10: =IFERROR((VLOOKUP(B10,'Origem '!$A$1:$H$1002,4,0)*'Mark Up '!$C$2),"X") -> 11194.26 | F10: =IFERROR((VLOOKUP(B10,'Origem '!$A$1:$H$1002,5,0)*'Mark Up '!$C$2),"X") -> 11688.6 | G10: =IFERROR((VLOOKUP(B10,'Origem '!$A$1:$H$1002,6,0)*'Mark Up '!$C$2),"X") -> 12760.44 | H10: =IFERROR((VLOOKUP(B10,'Origem '!$A$1:$H$1002,7,0)*'Mark Up '!$C$2),"X") -> X
A11: AURORA | B11: 4064-2 | C11: Aparador Aurora (3 gavetas marchetadas); pés metal | D11: 1,66 x 0,45 x 0,80 | E11: =IFERROR((VLOOKUP(B11,'Origem '!$A$1:$H$1002,4,0)*'Mark Up '!$C$2),"X") -> 15999.06 | F11: =IFERROR((VLOOKUP(B11,'Origem '!$A$1:$H$1002,5,0)*'Mark Up '!$C$2),"X") -> 19126.8 | G11: =IFERROR((VLOOKUP(B11,'Origem '!$A$1:$H$1002,6,0)*'Mark Up '!$C$2),"X") -> 21215.04 | H11: =IFERROR((VLOOKUP(B11,'Origem '!$A$1:$H$1002,7,0)*'Mark Up '!$C$2),"X") -> 22337.7
B12: 4064-3 | C12: Aparador Aurora (3 gaveta marchetadas) pés metal | D12: 1,86 x 0,45 x 0,80 | E12: =IFERROR((VLOOKUP(B12,'Origem '!$A$1:$H$1002,4,0)*'Mark Up '!$C$2),"X") -> 17597.58 | F12: =IFERROR((VLOOKUP(B12,'Origem '!$A$1:$H$1002,5,0)*'Mark Up '!$C$2),"X") -> 19921.44 | G12: =IFERROR((VLOOKUP(B12,'Origem '!$A$1:$H$1002,6,0)*'Mark Up '!$C$2),"X") -> 22730.4 | H12: =IFERROR((VLOOKUP(B12,'Origem '!$A$1:$H$1002,7,0)*'Mark Up '!$C$2),"X") -> 24019.38
B13: 4064-4 | C13: Aparador Aurora (3 gavetas marchetadas) pés metal | D13: 2,06 x 0,45 x 0,80 | E13: =IFERROR((VLOOKUP(B13,'Origem '!$A$1:$H$1002,4,0)*'Mark Up '!$C$2),"X") -> 18327.54 | F13: =IFERROR((VLOOKUP(B13,'Origem '!$A$1:$H$1002,5,0)*'Mark Up '!$C$2),"X") -> 21510.72 | G13: =IFERROR((VLOOKUP(B13,'Origem '!$A$1:$H$1002,6,0)*'Mark Up '!$C$2),"X") -> 25696.44 | H13: =IFERROR((VLOOKUP(B13,'Origem '!$A$1:$H$1002,7,0)*'Mark Up '!$C$2),"X") -> 26246.22
B14: 4065-2 | C14: Aparador Aurora (c/ bandeja), pés metal | D14: 1,66 x 0,45 x 0,76 | E14: =IFERROR((VLOOKUP(B14,'Origem '!$A$1:$H$1002,4,0)*'Mark Up '!$C$2),"X") -> 12446.28 | F14: =IFERROR((VLOOKUP(B14,'Origem '!$A$1:$H$1002,5,0)*'Mark Up '!$C$2),"X") -> 14335.86 | G14: =IFERROR((VLOOKUP(B14,'Origem '!$A$1:$H$1002,6,0)*'Mark Up '!$C$2),"X") -> 15989.82 | H14: =IFERROR((VLOOKUP(B14,'Origem '!$A$1:$H$1002,7,0)*'Mark Up '!$C$2),"X") -> 17033.94
B15: 4065-3 | C15: Aparador Aurora (c/ bandeja), pés metal | D15: 1,86 x 0,45 x 0,76 | E15: =IFERROR((VLOOKUP(B15,'Origem '!$A$1:$H$1002,4,0)*'Mark Up '!$C$2),"X") -> 13564.32 | F15: =IFERROR((VLOOKUP(B15,'Origem '!$A$1:$H$1002,5,0)*'Mark Up '!$C$2),"X") -> 15384.6 | G15: =IFERROR((VLOOKUP(B15,'Origem '!$A$1:$H$1002,6,0)*'Mark Up '!$C$2),"X") -> 17560.62 | H15: =IFERROR((VLOOKUP(B15,'Origem '!$A$1:$H$1002,7,0)*'Mark Up '!$C$2),"X") -> 18761.82
B16: 4065-4 | C16: Aparador Aurora (c/ bandeja), pés metal | D16: 2,06 x 0,45 x 0,76 | E16: =IFERROR((VLOOKUP(B16,'Origem '!$A$1:$H$1002,4,0)*'Mark Up '!$C$2),"X") -> 14802.48 | F16: =IFERROR((VLOOKUP(B16,'Origem '!$A$1:$H$1002,5,0)*'Mark Up '!$C$2),"X") -> 16853.76 | G16: =IFERROR((VLOOKUP(B16,'Origem '!$A$1:$H$1002,6,0)*'Mark Up '!$C$2),"X") -> 19293.12 | H16: =IFERROR((VLOOKUP(B16,'Origem '!$A$1:$H$1002,7,0)*'Mark Up '!$C$2),"X") -> 20637.54
A17: BADEN | B17: 10984-1 | C17: Aparador Baden ,tp e bandeja canto garrafa, pés metal (se laca brilho somente c/ VD) | D17: 1,40 x 0,39 x 0,76 | E17: =IFERROR((VLOOKUP(B17,'Origem '!$A$1:$H$1002,4,0)*'Mark Up '!$C$2),"X") -> 10316.46 | F17: =IFERROR((VLOOKUP(B17,'Origem '!$A$1:$H$1002,5,0)*'Mark Up '!$C$2),"X") -> 11342.1 | G17: =IFERROR((VLOOKUP(B17,'Origem '!$A$1:$H$1002,6,0)*'Mark Up '!$C$2),"X") -> 12889.8 | H17: =IFERROR((VLOOKUP(B17,'Origem '!$A$1:$H$1002,7,0)*'Mark Up '!$C$2),"X") -> 13605.9
B18: 10984-2 | C18: Aparador Baden ,tp e bandeja canto garrafa, pés metal (se laca brilho somente c/ VD) | D18: 1,60 x 0,39 x 0,76 | E18: =IFERROR((VLOOKUP(B18,'Origem '!$A$1:$H$1002,4,0)*'Mark Up '!$C$2),"X") -> 11074.14 | F18: =IFERROR((VLOOKUP(B18,'Origem '!$A$1:$H$1002,5,0)*'Mark Up '!$C$2),"X") -> 11757.9 | G18: =IFERROR((VLOOKUP(B18,'Origem '!$A$1:$H$1002,6,0)*'Mark Up '!$C$2),"X") -> 13513.5 | H18: =IFERROR((VLOOKUP(B18,'Origem '!$A$1:$H$1002,7,0)*'Mark Up '!$C$2),"X") -> 14414.4
B19: 10984-3 | C19: Aparador Baden ,tp e bandeja canto garrafa, pés metal (se laca brilho somente c/ VD) | D19: 1,80 x 0,39 x 0,76 | E19: =IFERROR((VLOOKUP(B19,'Origem '!$A$1:$H$1002,4,0)*'Mark Up '!$C$2),"X") -> 11568.48 | F19: =IFERROR((VLOOKUP(B19,'Origem '!$A$1:$H$1002,5,0)*'Mark Up '!$C$2),"X") -> 12552.54 | G19: =IFERROR((VLOOKUP(B19,'Origem '!$A$1:$H$1002,6,0)*'Mark Up '!$C$2),"X") -> 14779.38 | H19: =IFERROR((VLOOKUP(B19,'Origem '!$A$1:$H$1002,7,0)*'Mark Up '!$C$2),"X") -> 15560.16
B20: 10984-4 | C20: Aparador Baden ,tp e bandeja canto garrafa, pés metal (se laca brilho somente c/ VD) | D20: 2,00 x 0,39 x 0,76 | E20: =IFERROR((VLOOKUP(B20,'Origem '!$A$1:$H$1002,4,0)*'Mark Up '!$C$2),"X") -> 12085.92 | F20: =IFERROR((VLOOKUP(B20,'Origem '!$A$1:$H$1002,5,0)*'Mark Up '!$C$2),"X") -> 13448.82 | G20: =IFERROR((VLOOKUP(B20,'Origem '!$A$1:$H$1002,6,0)*'Mark Up '!$C$2),"X") -> 15708 | H20: =IFERROR((VLOOKUP(B20,'Origem '!$A$1:$H$1002,7,0)*'Mark Up '!$C$2),"X") -> 16816.8
A21: BARI | B21: 11620-1 | C21: Aparador Bari pés Mad. | D21: 1,40 x 0,45 x 0,76 | E21: =IFERROR((VLOOKUP(B21,'Origem '!$A$1:$H$1002,4,0)*'Mark Up '!$C$2),"X") -> 9203.04 | F21: =IFERROR((VLOOKUP(B21,'Origem '!$A$1:$H$1002,5,0)*'Mark Up '!$C$2),"X") -> 9415.56 | G21: =IFERROR((VLOOKUP(B21,'Origem '!$A$1:$H$1002,6,0)*'Mark Up '!$C$2),"X") -> 9877.56 | H21: =IFERROR((VLOOKUP(B21,'Origem '!$A$1:$H$1002,7,0)*'Mark Up '!$C$2),"X") -> X
B22: 11620-2 | C22: Aparador Bari pés Mad. | D22: 1,60 x 0,45 x 0,76 | E22: =IFERROR((VLOOKUP(B22,'Origem '!$A$1:$H$1002,4,0)*'Mark Up '!$C$2),"X") -> 9748.2 | F22: =IFERROR((VLOOKUP(B22,'Origem '!$A$1:$H$1002,5,0)*'Mark Up '!$C$2),"X") -> 10057.74 | G22: =IFERROR((VLOOKUP(B22,'Origem '!$A$1:$H$1002,6,0)*'Mark Up '!$C$2),"X") -> 11083.38 | H22: =IFERROR((VLOOKUP(B22,'Origem '!$A$1:$H$1002,7,0)*'Mark Up '!$C$2),"X") -> X
B23: 11620-3 | C23: Aparador Bari pés Mad. | D23: 1,80 x 0,45 x 0,76 | E23: =IFERROR((VLOOKUP(B23,'Origem '!$A$1:$H$1002,4,0)*'Mark Up '!$C$2),"X") -> 10621.38 | F23: =IFERROR((VLOOKUP(B23,'Origem '!$A$1:$H$1002,5,0)*'Mark Up '!$C$2),"X") -> 10921.68 | G23: =IFERROR((VLOOKUP(B23,'Origem '!$A$1:$H$1002,6,0)*'Mark Up '!$C$2),"X") -> 12007.38 | H23: =IFERROR((VLOOKUP(B23,'Origem '!$A$1:$H$1002,7,0)*'Mark Up '!$C$2),"X") -> X
A24: BOGOTÁ | B24: 11640-2 | C24: Aparador Bogotá ,TP.Canto Garrafa; C/ MARCHETARIA | D24: 1,60 x 0,45 x 0,76 | E24: =IFERROR((VLOOKUP(B24,'Origem '!$A$1:$H$1002,4,0)*'Mark Up '!$C$2),"X") -> X | F24: =IFERROR((VLOOKUP(B24,'Origem '!$A$1:$H$1002,5,0)*'Mark Up '!$C$2),"X") -> 10676.82 | G24: =IFERROR((VLOOKUP(B24,'Origem '!$A$1:$H$1002,6,0)*'Mark Up '!$C$2),"X") -> 11799.48 | H24: =IFERROR((VLOOKUP(B24,'Origem '!$A$1:$H$1002,7,0)*'Mark Up '!$C$2),"X") -> 13582.8
B25: 11640-3 | C25: Aparador Bogotá ,TP.Canto Garrafa; C/ MARCHETARIA | D25: 1,80 x 0,45 x 0,76 | E25: =IFERROR((VLOOKUP(B25,'Origem '!$A$1:$H$1002,4,0)*'Mark Up '!$C$2),"X") -> X | F25: =IFERROR((VLOOKUP(B25,'Origem '!$A$1:$H$1002,5,0)*'Mark Up '!$C$2),"X") -> 11198.88 | G25: =IFERROR((VLOOKUP(B25,'Origem '!$A$1:$H$1002,6,0)*'Mark Up '!$C$2),"X") -> 12372.36 | H25: =IFERROR((VLOOKUP(B25,'Origem '!$A$1:$H$1002,7,0)*'Mark Up '!$C$2),"X") -> 14654.64
B26: 11640-4 | C26: Aparador Bogotá ,TP.Canto Garrafa; C/ MARCHETARIA | D26: 2,00 x 0,45 x 0,76 | E26: =IFERROR((VLOOKUP(B26,'Origem '!$A$1:$H$1002,4,0)*'Mark Up '!$C$2),"X") -> X | F26: =IFERROR((VLOOKUP(B26,'Origem '!$A$1:$H$1002,5,0)*'Mark Up '!$C$2),"X") -> 11642.4 | G26: =IFERROR((VLOOKUP(B26,'Origem '!$A$1:$H$1002,6,0)*'Mark Up '!$C$2),"X") -> 12880.56 | H26: =IFERROR((VLOOKUP(B26,'Origem '!$A$1:$H$1002,7,0)*'Mark Up '!$C$2),"X") -> 15273.72
B27: 11641-2 | C27: Aparador Bogotá ,TP.Canto Garrafa; S/ MARCHETARIA | D27: 1,60 x 0,45 x 0,76 | E27: =IFERROR((VLOOKUP(B27,'Origem '!$A$1:$H$1002,4,0)*'Mark Up '!$C$2),"X") -> 9092.16 | F27: =IFERROR((VLOOKUP(B27,'Origem '!$A$1:$H$1002,5,0)*'Mark Up '!$C$2),"X") -> 10154.76 | G27: =IFERROR((VLOOKUP(B27,'Origem '!$A$1:$H$1002,6,0)*'Mark Up '!$C$2),"X") -> 11111.1 | H27: =IFERROR((VLOOKUP(B27,'Origem '!$A$1:$H$1002,7,0)*'Mark Up '!$C$2),"X") -> 13153.14
B28: 11641-3 | C28: Aparador Bogotá ,TP.Canto Garrafa; S/ MARCHETARIA | D28: 1,80 x 0,45 x 0,76 | E28: =IFERROR((VLOOKUP(B28,'Origem '!$A$1:$H$1002,4,0)*'Mark Up '!$C$2),"X") -> 9646.56 | F28: =IFERROR((VLOOKUP(B28,'Origem '!$A$1:$H$1002,5,0)*'Mark Up '!$C$2),"X") -> 10626 | G28: =IFERROR((VLOOKUP(B28,'Origem '!$A$1:$H$1002,6,0)*'Mark Up '!$C$2),"X") -> 11651.64 | H28: =IFERROR((VLOOKUP(B28,'Origem '!$A$1:$H$1002,7,0)*'Mark Up '!$C$2),"X") -> 13809.18
B29: 11641-4 | C29: Aparador Bogotá ,TP.Canto Garrafa; S/ MARCHETARIA | D29: 2,00 x 0,45 x 0,76 | E29: =IFERROR((VLOOKUP(B29,'Origem '!$A$1:$H$1002,4,0)*'Mark Up '!$C$2),"X") -> 10080.84 | F29: =IFERROR((VLOOKUP(B29,'Origem '!$A$1:$H$1002,5,0)*'Mark Up '!$C$2),"X") -> 11027.94 | G29: =IFERROR((VLOOKUP(B29,'Origem '!$A$1:$H$1002,6,0)*'Mark Up '!$C$2),"X") -> 12081.3 | H29: =IFERROR((VLOOKUP(B29,'Origem '!$A$1:$H$1002,7,0)*'Mark Up '!$C$2),"X") -> 14345.1
A30: CILDO | B30: 11104-4 | C30: Aparador Cildo "SOMENTE SEM VIDRO" | D30: 2,00 X 0,50 X 0,76 | E30: =IFERROR((VLOOKUP(B30,'Origem '!$A$1:$H$1002,4,0)*'Mark Up '!$C$2),"X") -> 17514.42 | F30: =IFERROR((VLOOKUP(B30,'Origem '!$A$1:$H$1002,5,0)*'Mark Up '!$C$2),"X") -> 20836.2 | G30: =IFERROR((VLOOKUP(B30,'Origem '!$A$1:$H$1002,6,0)*'Mark Up '!$C$2),"X") -> 23067.66 | H30: =IFERROR((VLOOKUP(B30,'Origem '!$A$1:$H$1002,7,0)*'Mark Up '!$C$2),"X") -> 24051.72
B31: 11104-5 | C31: Aparador Cildo "SOMENTE SEM VIDRO" | D31: 2,20 X 0,50 X 0,76 | E31: =IFERROR((VLOOKUP(B31,'Origem '!$A$1:$H$1002,4,0)*'Mark Up '!$C$2),"X") -> 18133.5 | F31: =IFERROR((VLOOKUP(B31,'Origem '!$A$1:$H$1002,5,0)*'Mark Up '!$C$2),"X") -> 21903.42 | G31: =IFERROR((VLOOKUP(B31,'Origem '!$A$1:$H$1002,6,0)*'Mark Up '!$C$2),"X") -> 24282.72 | H31: =IFERROR((VLOOKUP(B31,'Origem '!$A$1:$H$1002,7,0)*'Mark Up '!$C$2),"X") -> 25081.98
B32: 11104-6 | C32: Aparador Cildo "SOMENTE SEM VIDRO" | D32: 2,40 X 0,50 X 0,76 | E32: =IFERROR((VLOOKUP(B32,'Origem '!$A$1:$H$1002,4,0)*'Mark Up '!$C$2),"X") -> 19547.22 | F32: =IFERROR((VLOOKUP(B32,'Origem '!$A$1:$H$1002,5,0)*'Mark Up '!$C$2),"X") -> 23534.28 | G32: =IFERROR((VLOOKUP(B32,'Origem '!$A$1:$H$1002,6,0)*'Mark Up '!$C$2),"X") -> 26227.74 | H32: =IFERROR((VLOOKUP(B32,'Origem '!$A$1:$H$1002,7,0)*'Mark Up '!$C$2),"X") -> 27087.06
A33: COBK | B33: 1014-1 | C33: Aparador Cobk Vidro Apenas na Bandeja, Pés Metal | D33: 1,36 x 0,39 x 0,76 | E33: =IFERROR((VLOOKUP(B33,'Origem '!$A$1:$H$1002,4,0)*'Mark Up '!$C$2),"X") -> 9309.3 | F33: =IFERROR((VLOOKUP(B33,'Origem '!$A$1:$H$1002,5,0)*'Mark Up '!$C$2),"X") -> 10690.68 | G33: =IFERROR((VLOOKUP(B33,'Origem '!$A$1:$H$1002,6,0)*'Mark Up '!$C$2),"X") -> 11859.54 | H33: =IFERROR((VLOOKUP(B33,'Origem '!$A$1:$H$1002,7,0)*'Mark Up '!$C$2),"X") -> 12136.74
B34: 1014-2 | C34: Aparador Cobk Vidro Apenas na Bandeja, Pés Metal | D34: 1,60 x 0,39 x 0,76 | E34: =IFERROR((VLOOKUP(B34,'Origem '!$A$1:$H$1002,4,0)*'Mark Up '!$C$2),"X") -> 9651.18 | F34: =IFERROR((VLOOKUP(B34,'Origem '!$A$1:$H$1002,5,0)*'Mark Up '!$C$2),"X") -> 11240.46 | G34: =IFERROR((VLOOKUP(B34,'Origem '!$A$1:$H$1002,6,0)*'Mark Up '!$C$2),"X") -> 12270.72 | H34: =IFERROR((VLOOKUP(B34,'Origem '!$A$1:$H$1002,7,0)*'Mark Up '!$C$2),"X") -> 12732.72
B35: 1014-3 | C35: Aparador Cobk Vidro Apenas na Bandeja, Pés Metal | D35: 1,80 x 0,39 x 0,76 | E35: =IFERROR((VLOOKUP(B35,'Origem '!$A$1:$H$1002,4,0)*'Mark Up '!$C$2),"X") -> 10168.62 | F35: =IFERROR((VLOOKUP(B35,'Origem '!$A$1:$H$1002,5,0)*'Mark Up '!$C$2),"X") -> 11905.74 | G35: =IFERROR((VLOOKUP(B35,'Origem '!$A$1:$H$1002,6,0)*'Mark Up '!$C$2),"X") -> 13000.68 | H35: =IFERROR((VLOOKUP(B35,'Origem '!$A$1:$H$1002,7,0)*'Mark Up '!$C$2),"X") -> 13245.54
B36: 1014-4 | C36: Aparador Cobk Vidro Apenas na Bandeja, Pés Metal | D36: 2,00 x 0,39 x 0,76 | E36: =IFERROR((VLOOKUP(B36,'Origem '!$A$1:$H$1002,4,0)*'Mark Up '!$C$2),"X") -> 10852.38 | F36: =IFERROR((VLOOKUP(B36,'Origem '!$A$1:$H$1002,5,0)*'Mark Up '!$C$2),"X") -> 12681.9 | G36: =IFERROR((VLOOKUP(B36,'Origem '!$A$1:$H$1002,6,0)*'Mark Up '!$C$2),"X") -> 14206.5 | H36: =IFERROR((VLOOKUP(B36,'Origem '!$A$1:$H$1002,7,0)*'Mark Up '!$C$2),"X") -> 14423.64
A37: COPENHAGUE | B37: 9554-1 | C37: Aparador Copenhague (tmp oblongo) (se laca brilho somente c/ VD) | D37: 1,41 x 0,46 x 0,76 | E37: =IFERROR((VLOOKUP(B37,'Origem '!$A$1:$H$1002,4,0)*'Mark Up '!$C$2),"X") -> 12677.28 | F37: =IFERROR((VLOOKUP(B37,'Origem '!$A$1:$H$1002,5,0)*'Mark Up '!$C$2),"X") -> 14539.14 | G37: =IFERROR((VLOOKUP(B37,'Origem '!$A$1:$H$1002,6,0)*'Mark Up '!$C$2),"X") -> 16391.76 | H37: =IFERROR((VLOOKUP(B37,'Origem '!$A$1:$H$1002,7,0)*'Mark Up '!$C$2),"X") -> 17939.46
B38: 9554-2 | C38: Aparador Copenhague (tmp oblongo) (se laca brilho somente c/ VD) | D38: 1,61 x 0,46 x 0,76 | E38: =IFERROR((VLOOKUP(B38,'Origem '!$A$1:$H$1002,4,0)*'Mark Up '!$C$2),"X") -> 13568.94 | F38: =IFERROR((VLOOKUP(B38,'Origem '!$A$1:$H$1002,5,0)*'Mark Up '!$C$2),"X") -> 16151.52 | G38: =IFERROR((VLOOKUP(B38,'Origem '!$A$1:$H$1002,6,0)*'Mark Up '!$C$2),"X") -> 17191.02 | H38: =IFERROR((VLOOKUP(B38,'Origem '!$A$1:$H$1002,7,0)*'Mark Up '!$C$2),"X") -> 18955.86
B39: 9554-3 | C39: Aparador Copenhague (tmp oblongo) (se laca brilho somente c/ VD) | D39: 1,81 x 0,46 x 0,76 | E39: =IFERROR((VLOOKUP(B39,'Origem '!$A$1:$H$1002,4,0)*'Mark Up '!$C$2),"X") -> 14335.86 | F39: =IFERROR((VLOOKUP(B39,'Origem '!$A$1:$H$1002,5,0)*'Mark Up '!$C$2),"X") -> 17001.6 | G39: =IFERROR((VLOOKUP(B39,'Origem '!$A$1:$H$1002,6,0)*'Mark Up '!$C$2),"X") -> 18068.82 | H39: =IFERROR((VLOOKUP(B39,'Origem '!$A$1:$H$1002,7,0)*'Mark Up '!$C$2),"X") -> 19893.72
A40: ELLOS | B40: 4594-2 | C40: Aparador Ellos (canto garrafa), pés metal | D40: 1,35 x 0,35 x 0,76 | E40: =IFERROR((VLOOKUP(B40,'Origem '!$A$1:$H$1002,4,0)*'Mark Up '!$C$2),"X") -> 8195.88 | F40: =IFERROR((VLOOKUP(B40,'Origem '!$A$1:$H$1002,5,0)*'Mark Up '!$C$2),"X") -> 8884.26 | G40: =IFERROR((VLOOKUP(B40,'Origem '!$A$1:$H$1002,6,0)*'Mark Up '!$C$2),"X") -> 9882.18 | H40: =IFERROR((VLOOKUP(B40,'Origem '!$A$1:$H$1002,7,0)*'Mark Up '!$C$2),"X") -> 10122.42
B41: 4594-3 | C41: Aparador Ellos (canto garrafa), pés metal | D41: 1,60 x 0,35 x 0,76 | E41: =IFERROR((VLOOKUP(B41,'Origem '!$A$1:$H$1002,4,0)*'Mark Up '!$C$2),"X") -> 9009 | F41: =IFERROR((VLOOKUP(B41,'Origem '!$A$1:$H$1002,5,0)*'Mark Up '!$C$2),"X") -> 9558.78 | G41: =IFERROR((VLOOKUP(B41,'Origem '!$A$1:$H$1002,6,0)*'Mark Up '!$C$2),"X") -> 10709.16 | H41: =IFERROR((VLOOKUP(B41,'Origem '!$A$1:$H$1002,7,0)*'Mark Up '!$C$2),"X") -> 11120.34
B42: 4594-4 | C42: Aparador Ellos (canto garrafa), pés metal | D42: 1,80 x 0,35 x 0,76 | E42: =IFERROR((VLOOKUP(B42,'Origem '!$A$1:$H$1002,4,0)*'Mark Up '!$C$2),"X") -> 10316.46 | F42: =IFERROR((VLOOKUP(B42,'Origem '!$A$1:$H$1002,5,0)*'Mark Up '!$C$2),"X") -> 10866.24 | G42: =IFERROR((VLOOKUP(B42,'Origem '!$A$1:$H$1002,6,0)*'Mark Up '!$C$2),"X") -> 11896.5 | H42: =IFERROR((VLOOKUP(B42,'Origem '!$A$1:$H$1002,7,0)*'Mark Up '!$C$2),"X") -> 12418.56
A43: GRANADA | B43: 11034-1 | C43: Aparador Granada (tp oblongo), pés mad. (se laca brilho somente c/ VD) | D43: 1,46 x 0,45 x 0,76 | E43: =IFERROR((VLOOKUP(B43,'Origem '!$A$1:$H$1002,4,0)*'Mark Up '!$C$2),"X") -> 7576.8 | F43: =IFERROR((VLOOKUP(B43,'Origem '!$A$1:$H$1002,5,0)*'Mark Up '!$C$2),"X") -> 7918.68 | G43: =IFERROR((VLOOKUP(B43,'Origem '!$A$1:$H$1002,6,0)*'Mark Up '!$C$2),"X") -> 9554.16 | H43: =IFERROR((VLOOKUP(B43,'Origem '!$A$1:$H$1002,7,0)*'Mark Up '!$C$2),"X") -> X
B44: 11034-2 | C44: Aparador Granada (tp oblongo), pés mad. (se laca brilho somente c/ VD) | D44: 1,66 x 0,45 x 0,76 | E44: =IFERROR((VLOOKUP(B44,'Origem '!$A$1:$H$1002,4,0)*'Mark Up '!$C$2),"X") -> 8320.62 | F44: =IFERROR((VLOOKUP(B44,'Origem '!$A$1:$H$1002,5,0)*'Mark Up '!$C$2),"X") -> 8565.48 | G44: =IFERROR((VLOOKUP(B44,'Origem '!$A$1:$H$1002,6,0)*'Mark Up '!$C$2),"X") -> 10164 | H44: =IFERROR((VLOOKUP(B44,'Origem '!$A$1:$H$1002,7,0)*'Mark Up '!$C$2),"X") -> X
B45: 11034-3 | C45: Aparador Granada (tp oblongo), pés mad. (se laca brilho somente c/ VD) | D45: 1,86 x 0,45 x 0,76 | E45: =IFERROR((VLOOKUP(B45,'Origem '!$A$1:$H$1002,4,0)*'Mark Up '!$C$2),"X") -> 8731.8 | F45: =IFERROR((VLOOKUP(B45,'Origem '!$A$1:$H$1002,5,0)*'Mark Up '!$C$2),"X") -> 8972.04 | G45: =IFERROR((VLOOKUP(B45,'Origem '!$A$1:$H$1002,6,0)*'Mark Up '!$C$2),"X") -> 10741.5 | H45: =IFERROR((VLOOKUP(B45,'Origem '!$A$1:$H$1002,7,0)*'Mark Up '!$C$2),"X") -> X
B46: 11034-4 | C46: Aparador Granada (tp oblongo), pés mad. (se laca brilho somente c/ VD) | D46: 2,06 x 0,45 x 0,76 | E46: =IFERROR((VLOOKUP(B46,'Origem '!$A$1:$H$1002,4,0)*'Mark Up '!$C$2),"X") -> 9498.72 | F46: =IFERROR((VLOOKUP(B46,'Origem '!$A$1:$H$1002,5,0)*'Mark Up '!$C$2),"X") -> 9822.12 | G46: =IFERROR((VLOOKUP(B46,'Origem '!$A$1:$H$1002,6,0)*'Mark Up '!$C$2),"X") -> 11517.66 | H46: =IFERROR((VLOOKUP(B46,'Origem '!$A$1:$H$1002,7,0)*'Mark Up '!$C$2),"X") -> X
A47: LA PLATA | B47: 10054-2 | C47: Aparador Lá Plata | D47: 1,60 x 0,45 x 0,76 | E47: =IFERROR((VLOOKUP(B47,'Origem '!$A$1:$H$1002,4,0)*'Mark Up '!$C$2),"X") -> 10025.4 | F47: =IFERROR((VLOOKUP(B47,'Origem '!$A$1:$H$1002,5,0)*'Mark Up '!$C$2),"X") -> 11725.56 | G47: =IFERROR((VLOOKUP(B47,'Origem '!$A$1:$H$1002,6,0)*'Mark Up '!$C$2),"X") -> 12871.32 | H47: =IFERROR((VLOOKUP(B47,'Origem '!$A$1:$H$1002,7,0)*'Mark Up '!$C$2),"X") -> 13300.98
B48: 10054-3 | C48: Aparador Lá Plata | D48: 1,80 x 0,45 x 0,76 | E48: =IFERROR((VLOOKUP(B48,'Origem '!$A$1:$H$1002,4,0)*'Mark Up '!$C$2),"X") -> 10404.24 | F48: =IFERROR((VLOOKUP(B48,'Origem '!$A$1:$H$1002,5,0)*'Mark Up '!$C$2),"X") -> 12062.82 | G48: =IFERROR((VLOOKUP(B48,'Origem '!$A$1:$H$1002,6,0)*'Mark Up '!$C$2),"X") -> 13236.3 | H48: =IFERROR((VLOOKUP(B48,'Origem '!$A$1:$H$1002,7,0)*'Mark Up '!$C$2),"X") -> 13656.72
B49: 10054-4 | C49: Aparador Lá Plata | D49: 2,00 x 0,45 x 0,76 | E49: =IFERROR((VLOOKUP(B49,'Origem '!$A$1:$H$1002,4,0)*'Mark Up '!$C$2),"X") -> 11101.86 | F49: =IFERROR((VLOOKUP(B49,'Origem '!$A$1:$H$1002,5,0)*'Mark Up '!$C$2),"X") -> 12681.9 | G49: =IFERROR((VLOOKUP(B49,'Origem '!$A$1:$H$1002,6,0)*'Mark Up '!$C$2),"X") -> 13993.98 | H49: =IFERROR((VLOOKUP(B49,'Origem '!$A$1:$H$1002,7,0)*'Mark Up '!$C$2),"X") -> 14414.4
B50: 10054-5 | C50: Aparador Lá Plata | D50: 2,20 x 0,45 x 0,76 | E50: =IFERROR((VLOOKUP(B50,'Origem '!$A$1:$H$1002,4,0)*'Mark Up '!$C$2),"X") -> 11674.74 | F50: =IFERROR((VLOOKUP(B50,'Origem '!$A$1:$H$1002,5,0)*'Mark Up '!$C$2),"X") -> 13254.78 | G50: =IFERROR((VLOOKUP(B50,'Origem '!$A$1:$H$1002,6,0)*'Mark Up '!$C$2),"X") -> 14774.76 | H50: =IFERROR((VLOOKUP(B50,'Origem '!$A$1:$H$1002,7,0)*'Mark Up '!$C$2),"X") -> 15195.18
A51: LIPSIA | B51: 9924-1 | C51: Aparador Lipsia "SOMENTE SEM VIDRO" | D51: 1,40 x 0,45 x 0,76 | E51: =IFERROR((VLOOKUP(B51,'Origem '!$A$1:$H$1002,4,0)*'Mark Up '!$C$2),"X") -> 9429.42 | F51: =IFERROR((VLOOKUP(B51,'Origem '!$A$1:$H$1002,5,0)*'Mark Up '!$C$2),"X") -> 10524.36 | G51: =IFERROR((VLOOKUP(B51,'Origem '!$A$1:$H$1002,6,0)*'Mark Up '!$C$2),"X") -> 11055.66 | H51: =IFERROR((VLOOKUP(B51,'Origem '!$A$1:$H$1002,7,0)*'Mark Up '!$C$2),"X") -> X
B52: 9924-2 | C52: Aparador Lipsia "SOMENTE SEM VIDRO" | D52: 1,60 x 0,45 x 0,76 | E52: =IFERROR((VLOOKUP(B52,'Origem '!$A$1:$H$1002,4,0)*'Mark Up '!$C$2),"X") -> 9729.72 | F52: =IFERROR((VLOOKUP(B52,'Origem '!$A$1:$H$1002,5,0)*'Mark Up '!$C$2),"X") -> 11226.6 | G52: =IFERROR((VLOOKUP(B52,'Origem '!$A$1:$H$1002,6,0)*'Mark Up '!$C$2),"X") -> 11827.2 | H52: =IFERROR((VLOOKUP(B52,'Origem '!$A$1:$H$1002,7,0)*'Mark Up '!$C$2),"X") -> X
B53: 9924-3 | C53: Aparador Lipsia "SOMENTE SEM VIDRO" | D53: 1,80 x 0,45 x 0,76 | E53: =IFERROR((VLOOKUP(B53,'Origem '!$A$1:$H$1002,4,0)*'Mark Up '!$C$2),"X") -> 10261.02 | F53: =IFERROR((VLOOKUP(B53,'Origem '!$A$1:$H$1002,5,0)*'Mark Up '!$C$2),"X") -> 11850.3 | G53: =IFERROR((VLOOKUP(B53,'Origem '!$A$1:$H$1002,6,0)*'Mark Up '!$C$2),"X") -> 12497.1 | H53: =IFERROR((VLOOKUP(B53,'Origem '!$A$1:$H$1002,7,0)*'Mark Up '!$C$2),"X") -> X
B54: 9924-4 | C54: Aparador Lipsia "SOMENTE SEM VIDRO" | D54: 2,00 x 0,45 x 0,76 | E54: =IFERROR((VLOOKUP(B54,'Origem '!$A$1:$H$1002,4,0)*'Mark Up '!$C$2),"X") -> 10963.26 | F54: =IFERROR((VLOOKUP(B54,'Origem '!$A$1:$H$1002,5,0)*'Mark Up '!$C$2),"X") -> 12820.5 | G54: =IFERROR((VLOOKUP(B54,'Origem '!$A$1:$H$1002,6,0)*'Mark Up '!$C$2),"X") -> 13518.12 | H54: =IFERROR((VLOOKUP(B54,'Origem '!$A$1:$H$1002,7,0)*'Mark Up '!$C$2),"X") -> X
A55: MACAÇAR | B55: 10024-2 | C55: Aparador Macaçar "SOMENTE SEM VIDRO" | D55: 1,60 x 0,45 x 0,76 | E55: =IFERROR((VLOOKUP(B55,'Origem '!$A$1:$H$1002,4,0)*'Mark Up '!$C$2),"X") -> 10528.98 | F55: =IFERROR((VLOOKUP(B55,'Origem '!$A$1:$H$1002,5,0)*'Mark Up '!$C$2),"X") -> 13259.4 | G55: =IFERROR((VLOOKUP(B55,'Origem '!$A$1:$H$1002,6,0)*'Mark Up '!$C$2),"X") -> 14164.92 | H55: =IFERROR((VLOOKUP(B55,'Origem '!$A$1:$H$1002,7,0)*'Mark Up '!$C$2),"X") -> X
B56: 10024-3 | C56: Aparador Macaçar "SOMENTE SEM VIDRO" | D56: 1,80 x 0,45 x 0,76 | E56: =IFERROR((VLOOKUP(B56,'Origem '!$A$1:$H$1002,4,0)*'Mark Up '!$C$2),"X") -> 11092.62 | F56: =IFERROR((VLOOKUP(B56,'Origem '!$A$1:$H$1002,5,0)*'Mark Up '!$C$2),"X") -> 14345.1 | G56: =IFERROR((VLOOKUP(B56,'Origem '!$A$1:$H$1002,6,0)*'Mark Up '!$C$2),"X") -> 15504.72 | H56: =IFERROR((VLOOKUP(B56,'Origem '!$A$1:$H$1002,7,0)*'Mark Up '!$C$2),"X") -> X
B57: 10024-4 | C57: Aparador Macaçar "SOMENTE SEM VIDRO" | D57: 2,00 x 0,45 x 0,76 | E57: =IFERROR((VLOOKUP(B57,'Origem '!$A$1:$H$1002,4,0)*'Mark Up '!$C$2),"X") -> 12603.36 | F57: =IFERROR((VLOOKUP(B57,'Origem '!$A$1:$H$1002,5,0)*'Mark Up '!$C$2),"X") -> 15093.54 | G57: =IFERROR((VLOOKUP(B57,'Origem '!$A$1:$H$1002,6,0)*'Mark Up '!$C$2),"X") -> 16239.3 | H57: =IFERROR((VLOOKUP(B57,'Origem '!$A$1:$H$1002,7,0)*'Mark Up '!$C$2),"X") -> X
A58: MADAGASCAR | B58: 10484-1 | C58: Aparador Madagascar (tp oblongo), pés metal; (com tampo sobreposto) | D58: 1,36 x 0,39 x 0,76 | E58: =IFERROR((VLOOKUP(B58,'Origem '!$A$1:$H$1002,4,0)*'Mark Up '!$C$2),"X") -> 9073.68 | F58: =IFERROR((VLOOKUP(B58,'Origem '!$A$1:$H$1002,5,0)*'Mark Up '!$C$2),"X") -> 9591.12 | G58: =IFERROR((VLOOKUP(B58,'Origem '!$A$1:$H$1002,6,0)*'Mark Up '!$C$2),"X") -> 10884.72 | H58: =IFERROR((VLOOKUP(B58,'Origem '!$A$1:$H$1002,7,0)*'Mark Up '!$C$2),"X") -> 11517.66
B59: 10484-2 | C59: Aparador Madagascar (tp oblongo), pés metal; (com tampo sobreposto) | D59: 1,56 x 0,39 x 0,76 | E59: =IFERROR((VLOOKUP(B59,'Origem '!$A$1:$H$1002,4,0)*'Mark Up '!$C$2),"X") -> 9604.98 | F59: =IFERROR((VLOOKUP(B59,'Origem '!$A$1:$H$1002,5,0)*'Mark Up '!$C$2),"X") -> 10528.98 | G59: =IFERROR((VLOOKUP(B59,'Origem '!$A$1:$H$1002,6,0)*'Mark Up '!$C$2),"X") -> 11522.28 | H59: =IFERROR((VLOOKUP(B59,'Origem '!$A$1:$H$1002,7,0)*'Mark Up '!$C$2),"X") -> 12196.8
B60: 10484-3 | C60: Aparador Madagascar (tp oblongo), pés metal; (com tampo sobreposto) | D60: 1,76 x 0,39 x 0,76 | E60: =IFERROR((VLOOKUP(B60,'Origem '!$A$1:$H$1002,4,0)*'Mark Up '!$C$2),"X") -> 10131.66 | F60: =IFERROR((VLOOKUP(B60,'Origem '!$A$1:$H$1002,5,0)*'Mark Up '!$C$2),"X") -> 10926.3 | G60: =IFERROR((VLOOKUP(B60,'Origem '!$A$1:$H$1002,6,0)*'Mark Up '!$C$2),"X") -> 12178.32 | H60: =IFERROR((VLOOKUP(B60,'Origem '!$A$1:$H$1002,7,0)*'Mark Up '!$C$2),"X") -> 12792.78
B61: 10484-4 | C61: Aparador Madagascar (tp oblongo), pés metal; (com tampo sobreposto) | D61: 1,96 x 0,39 x 0,76 | E61: =IFERROR((VLOOKUP(B61,'Origem '!$A$1:$H$1002,4,0)*'Mark Up '!$C$2),"X") -> 10515.12 | F61: =IFERROR((VLOOKUP(B61,'Origem '!$A$1:$H$1002,5,0)*'Mark Up '!$C$2),"X") -> 11513.04 | G61: =IFERROR((VLOOKUP(B61,'Origem '!$A$1:$H$1002,6,0)*'Mark Up '!$C$2),"X") -> 12889.8 | H61: =IFERROR((VLOOKUP(B61,'Origem '!$A$1:$H$1002,7,0)*'Mark Up '!$C$2),"X") -> 13610.52
A62: MARACATU | B62: 11294-1 | C62: Aparador Maracatu, c/ 2 gavetas (se laca brilho somente c/ VD) | D62: 1,51 x 0,46 x 0,78 | E62: =IFERROR((VLOOKUP(B62,'Origem '!$A$1:$H$1002,4,0)*'Mark Up '!$C$2),"X") -> 13892.34 | F62: =IFERROR((VLOOKUP(B62,'Origem '!$A$1:$H$1002,5,0)*'Mark Up '!$C$2),"X") -> 15047.34 | G62: =IFERROR((VLOOKUP(B62,'Origem '!$A$1:$H$1002,6,0)*'Mark Up '!$C$2),"X") -> 18410.7 | H62: =IFERROR((VLOOKUP(B62,'Origem '!$A$1:$H$1002,7,0)*'Mark Up '!$C$2),"X") -> X
B63: 11294-2 | C63: Aparador Maracatu, c/ 2 gavetas (se laca brilho somente c/ VD) | D63: 1,71 x 0,46 x 0,78 | E63: =IFERROR((VLOOKUP(B63,'Origem '!$A$1:$H$1002,4,0)*'Mark Up '!$C$2),"X") -> 15430.8 | F63: =IFERROR((VLOOKUP(B63,'Origem '!$A$1:$H$1002,5,0)*'Mark Up '!$C$2),"X") -> 16622.76 | G63: =IFERROR((VLOOKUP(B63,'Origem '!$A$1:$H$1002,6,0)*'Mark Up '!$C$2),"X") -> 20263.32 | H63: =IFERROR((VLOOKUP(B63,'Origem '!$A$1:$H$1002,7,0)*'Mark Up '!$C$2),"X") -> X
B64: 11294-3 | C64: Aparador Maracatu, c/ 2 gavetas (se laca brilho somente c/ VD) | D64: 1,91 x 0,46 x 0,78 | E64: =IFERROR((VLOOKUP(B64,'Origem '!$A$1:$H$1002,4,0)*'Mark Up '!$C$2),"X") -> 17292.66 | F64: =IFERROR((VLOOKUP(B64,'Origem '!$A$1:$H$1002,5,0)*'Mark Up '!$C$2),"X") -> 18456.9 | G64: =IFERROR((VLOOKUP(B64,'Origem '!$A$1:$H$1002,6,0)*'Mark Up '!$C$2),"X") -> 22485.54 | H64: =IFERROR((VLOOKUP(B64,'Origem '!$A$1:$H$1002,7,0)*'Mark Up '!$C$2),"X") -> X
B65: 11294-4 | C65: Aparador Maracatu, c/ 2 gavetas (se laca brilho somente c/ VD) | D65: 2,11 x 0,46 x 0,78 | E65: =IFERROR((VLOOKUP(B65,'Origem '!$A$1:$H$1002,4,0)*'Mark Up '!$C$2),"X") -> 18041.1 | F65: =IFERROR((VLOOKUP(B65,'Origem '!$A$1:$H$1002,5,0)*'Mark Up '!$C$2),"X") -> 19519.5 | G65: =IFERROR((VLOOKUP(B65,'Origem '!$A$1:$H$1002,6,0)*'Mark Up '!$C$2),"X") -> 24181.08 | H65: =IFERROR((VLOOKUP(B65,'Origem '!$A$1:$H$1002,7,0)*'Mark Up '!$C$2),"X") -> X
A66: MARO | B66: 11740-15 | C66: Aparador Maro, Pés metal,TP Superior c/ VIDRO INCOLOR (8mm) | D66: 2,10 x 0,45 x 0,76 | E66: =IFERROR((VLOOKUP(B66,'Origem '!$A$1:$H$1002,4,0)*'Mark Up '!$C$2),"X") -> 16253.16 | F66: =IFERROR((VLOOKUP(B66,'Origem '!$A$1:$H$1002,5,0)*'Mark Up '!$C$2),"X") -> 16765.98 | G66: =IFERROR((VLOOKUP(B66,'Origem '!$A$1:$H$1002,6,0)*'Mark Up '!$C$2),"X") -> 18378.36 | H66: =IFERROR((VLOOKUP(B66,'Origem '!$A$1:$H$1002,7,0)*'Mark Up '!$C$2),"X") -> 20346.48
B67: 11740-16 | C67: Aparador Maro, Pés metal,TP Superior c/ VIDRO INCOLOR (8mm) | D67: 2,40 x 0,45 x 0,76 | E67: =IFERROR((VLOOKUP(B67,'Origem '!$A$1:$H$1002,4,0)*'Mark Up '!$C$2),"X") -> 18336.78 | F67: =IFERROR((VLOOKUP(B67,'Origem '!$A$1:$H$1002,5,0)*'Mark Up '!$C$2),"X") -> 19066.74 | G67: =IFERROR((VLOOKUP(B67,'Origem '!$A$1:$H$1002,6,0)*'Mark Up '!$C$2),"X") -> 20988.66 | H67: =IFERROR((VLOOKUP(B67,'Origem '!$A$1:$H$1002,7,0)*'Mark Up '!$C$2),"X") -> 23367.96
A68: OITICICA | B68: 11094-4 | C68: Aparador Oiticica "SOMENTE SEM VIDRO" | D68: 2,00 X 0,50 X 0,76 | E68: =IFERROR((VLOOKUP(B68,'Origem '!$A$1:$H$1002,4,0)*'Mark Up '!$C$2),"X") -> 18138.12 | F68: =IFERROR((VLOOKUP(B68,'Origem '!$A$1:$H$1002,5,0)*'Mark Up '!$C$2),"X") -> 20725.32 | G68: =IFERROR((VLOOKUP(B68,'Origem '!$A$1:$H$1002,6,0)*'Mark Up '!$C$2),"X") -> 21945 | H68: =IFERROR((VLOOKUP(B68,'Origem '!$A$1:$H$1002,7,0)*'Mark Up '!$C$2),"X") -> 22656.48
B69: 11094-6 | C69: Aparador Oiticica "SOMENTE SEM VIDRO" | D69: 2,40 X 0,50 X 0,76 | E69: =IFERROR((VLOOKUP(B69,'Origem '!$A$1:$H$1002,4,0)*'Mark Up '!$C$2),"X") -> 19537.98 | F69: =IFERROR((VLOOKUP(B69,'Origem '!$A$1:$H$1002,5,0)*'Mark Up '!$C$2),"X") -> 22148.28 | G69: =IFERROR((VLOOKUP(B69,'Origem '!$A$1:$H$1002,6,0)*'Mark Up '!$C$2),"X") -> 23575.86 | H69: =IFERROR((VLOOKUP(B69,'Origem '!$A$1:$H$1002,7,0)*'Mark Up '!$C$2),"X") -> 24148.74
A70: OSLO | B70: 7804-3 | C70: Aparador Oslo, tampo bandeja, pés mad. | D70: 1,75 x 0,45 x 0,76 | E70: =IFERROR((VLOOKUP(B70,'Origem '!$A$1:$H$1002,4,0)*'Mark Up '!$C$2),"X") -> 11171.16 | F70: =IFERROR((VLOOKUP(B70,'Origem '!$A$1:$H$1002,5,0)*'Mark Up '!$C$2),"X") -> 12155.22 | G70: =IFERROR((VLOOKUP(B70,'Origem '!$A$1:$H$1002,6,0)*'Mark Up '!$C$2),"X") -> 14146.44 | H70: =IFERROR((VLOOKUP(B70,'Origem '!$A$1:$H$1002,7,0)*'Mark Up '!$C$2),"X") -> X
B71: 7804-4 | C71: Aparador Oslo, tampo bandeja, pés mad. | D71: 1,95 x 0,45 x 0,76 | E71: =IFERROR((VLOOKUP(B71,'Origem '!$A$1:$H$1002,4,0)*'Mark Up '!$C$2),"X") -> 12210.66 | F71: =IFERROR((VLOOKUP(B71,'Origem '!$A$1:$H$1002,5,0)*'Mark Up '!$C$2),"X") -> 13236.3 | G71: =IFERROR((VLOOKUP(B71,'Origem '!$A$1:$H$1002,6,0)*'Mark Up '!$C$2),"X") -> 15310.68 | H71: =IFERROR((VLOOKUP(B71,'Origem '!$A$1:$H$1002,7,0)*'Mark Up '!$C$2),"X") -> X
B72: 7804-5 | C72: Aparador Oslo, tampo bandeja, pés mad. | D72: 2,15 x 0,45 x 0,76 | E72: =IFERROR((VLOOKUP(B72,'Origem '!$A$1:$H$1002,4,0)*'Mark Up '!$C$2),"X") -> 13134.66 | F72: =IFERROR((VLOOKUP(B72,'Origem '!$A$1:$H$1002,5,0)*'Mark Up '!$C$2),"X") -> 14054.04 | G72: =IFERROR((VLOOKUP(B72,'Origem '!$A$1:$H$1002,6,0)*'Mark Up '!$C$2),"X") -> 15791.16 | H72: =IFERROR((VLOOKUP(B72,'Origem '!$A$1:$H$1002,7,0)*'Mark Up '!$C$2),"X") -> X
A73: PALERMO | B73: 10634-1 | C73: Aparador Palermo (tp oblongo, c/ 3 gav.) pés metal (se laca brilho somente c/ VD) | D73: 1,41 x 0,46 x 0,77 | E73: =IFERROR((VLOOKUP(B73,'Origem '!$A$1:$H$1002,4,0)*'Mark Up '!$C$2),"X") -> 13106.94 | F73: =IFERROR((VLOOKUP(B73,'Origem '!$A$1:$H$1002,5,0)*'Mark Up '!$C$2),"X") -> 14585.34 | G73: =IFERROR((VLOOKUP(B73,'Origem '!$A$1:$H$1002,6,0)*'Mark Up '!$C$2),"X") -> 16442.58 | H73: =IFERROR((VLOOKUP(B73,'Origem '!$A$1:$H$1002,7,0)*'Mark Up '!$C$2),"X") -> 16872.24
B74: 10634-2 | C74: Aparador Palermo (tp oblongo, c/ 3 gav.) pés metal (se laca brilho somente c/ VD) | D74: 1,61 x 0,46 x 0,77 | E74: =IFERROR((VLOOKUP(B74,'Origem '!$A$1:$H$1002,4,0)*'Mark Up '!$C$2),"X") -> 13758.36 | F74: =IFERROR((VLOOKUP(B74,'Origem '!$A$1:$H$1002,5,0)*'Mark Up '!$C$2),"X") -> 15195.18 | G74: =IFERROR((VLOOKUP(B74,'Origem '!$A$1:$H$1002,6,0)*'Mark Up '!$C$2),"X") -> 17579.1 | H74: =IFERROR((VLOOKUP(B74,'Origem '!$A$1:$H$1002,7,0)*'Mark Up '!$C$2),"X") -> 18128.88
B75: 10634-3 | C75: Aparador Palermo (tp oblongo, c/ 3 gav.) pés metal (se laca brilho somente c/ VD) | D75: 1,81 x 0,46 x 0,77 | E75: =IFERROR((VLOOKUP(B75,'Origem '!$A$1:$H$1002,4,0)*'Mark Up '!$C$2),"X") -> 14525.28 | F75: =IFERROR((VLOOKUP(B75,'Origem '!$A$1:$H$1002,5,0)*'Mark Up '!$C$2),"X") -> 16202.34 | G75: =IFERROR((VLOOKUP(B75,'Origem '!$A$1:$H$1002,6,0)*'Mark Up '!$C$2),"X") -> 18313.68 | H75: =IFERROR((VLOOKUP(B75,'Origem '!$A$1:$H$1002,7,0)*'Mark Up '!$C$2),"X") -> 19136.04
B76: 10634-4 | C76: Aparador Palermo (tp oblongo, c/ 3 gav.) pés metal (se laca brilho somente c/ VD) | D76: 2,01 x 0,46 x 0,77 | E76: =IFERROR((VLOOKUP(B76,'Origem '!$A$1:$H$1002,4,0)*'Mark Up '!$C$2),"X") -> 15121.26 | F76: =IFERROR((VLOOKUP(B76,'Origem '!$A$1:$H$1002,5,0)*'Mark Up '!$C$2),"X") -> 16756.74 | G76: =IFERROR((VLOOKUP(B76,'Origem '!$A$1:$H$1002,6,0)*'Mark Up '!$C$2),"X") -> 19764.36 | H76: =IFERROR((VLOOKUP(B76,'Origem '!$A$1:$H$1002,7,0)*'Mark Up '!$C$2),"X") -> 20609.82
A77: RENE | B77: 11984-2 | C77: Aparador Rene TP. Canto Garrafa | D77: 1,60 x 0,45 x 0,76 | E77: =IFERROR((VLOOKUP(B77,'Origem '!$A$1:$H$1002,4,0)*'Mark Up '!$C$2),"X") -> 9512.58 | F77: =IFERROR((VLOOKUP(B77,'Origem '!$A$1:$H$1002,5,0)*'Mark Up '!$C$2),"X") -> 9290.82 | G77: =IFERROR((VLOOKUP(B77,'Origem '!$A$1:$H$1002,6,0)*'Mark Up '!$C$2),"X") -> 10866.24 | H77: =IFERROR((VLOOKUP(B77,'Origem '!$A$1:$H$1002,7,0)*'Mark Up '!$C$2),"X") -> 12095.16
B78: 11984-3 | C78: Aparador Rene TP. Canto Garrafa | D78: 1,80 x 0,45 x 0,76 | E78: =IFERROR((VLOOKUP(B78,'Origem '!$A$1:$H$1002,4,0)*'Mark Up '!$C$2),"X") -> 10316.46 | F78: =IFERROR((VLOOKUP(B78,'Origem '!$A$1:$H$1002,5,0)*'Mark Up '!$C$2),"X") -> 10025.4 | G78: =IFERROR((VLOOKUP(B78,'Origem '!$A$1:$H$1002,6,0)*'Mark Up '!$C$2),"X") -> 11637.78 | H78: =IFERROR((VLOOKUP(B78,'Origem '!$A$1:$H$1002,7,0)*'Mark Up '!$C$2),"X") -> 12940.62
A79: TROIA | B79: 6064-3 | C79: Aparador Troia | D79: 1,80 x 0,50 x 0,76 | E79: =IFERROR((VLOOKUP(B79,'Origem '!$A$1:$H$1002,4,0)*'Mark Up '!$C$2),"X") -> 11891.88 | F79: =IFERROR((VLOOKUP(B79,'Origem '!$A$1:$H$1002,5,0)*'Mark Up '!$C$2),"X") -> 12076.68 | G79: =IFERROR((VLOOKUP(B79,'Origem '!$A$1:$H$1002,6,0)*'Mark Up '!$C$2),"X") -> 12982.2 | H79: =IFERROR((VLOOKUP(B79,'Origem '!$A$1:$H$1002,7,0)*'Mark Up '!$C$2),"X") -> X
B80: 6064-4 | C80: Aparador Troia | D80: 2,00 x 0,50 x 0,76 | E80: =IFERROR((VLOOKUP(B80,'Origem '!$A$1:$H$1002,4,0)*'Mark Up '!$C$2),"X") -> 12353.88 | F80: =IFERROR((VLOOKUP(B80,'Origem '!$A$1:$H$1002,5,0)*'Mark Up '!$C$2),"X") -> 12552.54 | G80: =IFERROR((VLOOKUP(B80,'Origem '!$A$1:$H$1002,6,0)*'Mark Up '!$C$2),"X") -> 13444.2 | H80: =IFERROR((VLOOKUP(B80,'Origem '!$A$1:$H$1002,7,0)*'Mark Up '!$C$2),"X") -> X
B81: 6064-5 | C81: Aparador Troia | D81: 2,20 x 0,50 x 0,76 | E81: =IFERROR((VLOOKUP(B81,'Origem '!$A$1:$H$1002,4,0)*'Mark Up '!$C$2),"X") -> 13758.36 | F81: =IFERROR((VLOOKUP(B81,'Origem '!$A$1:$H$1002,5,0)*'Mark Up '!$C$2),"X") -> 14021.7 | G81: =IFERROR((VLOOKUP(B81,'Origem '!$A$1:$H$1002,6,0)*'Mark Up '!$C$2),"X") -> 14950.32 | H81: =IFERROR((VLOOKUP(B81,'Origem '!$A$1:$H$1002,7,0)*'Mark Up '!$C$2),"X") -> X
A82: USSÉ | B82: 1064-1 | C82: Aparador Ussé | D82: 1,41 x 0,46 x 0,76 | E82: =IFERROR((VLOOKUP(B82,'Origem '!$A$1:$H$1002,4,0)*'Mark Up '!$C$2),"X") -> 8787.24 | F82: =IFERROR((VLOOKUP(B82,'Origem '!$A$1:$H$1002,5,0)*'Mark Up '!$C$2),"X") -> 10787.7 | G82: =IFERROR((VLOOKUP(B82,'Origem '!$A$1:$H$1002,6,0)*'Mark Up '!$C$2),"X") -> 11790.24 | H82: =IFERROR((VLOOKUP(B82,'Origem '!$A$1:$H$1002,7,0)*'Mark Up '!$C$2),"X") -> 12252.24
B83: 1064-2 | C83: Aparador Ussé | D83: 1,61 x 0,46 x 0,76 | E83: =IFERROR((VLOOKUP(B83,'Origem '!$A$1:$H$1002,4,0)*'Mark Up '!$C$2),"X") -> 9503.34 | F83: =IFERROR((VLOOKUP(B83,'Origem '!$A$1:$H$1002,5,0)*'Mark Up '!$C$2),"X") -> 11374.44 | G83: =IFERROR((VLOOKUP(B83,'Origem '!$A$1:$H$1002,6,0)*'Mark Up '!$C$2),"X") -> 12418.56 | H83: =IFERROR((VLOOKUP(B83,'Origem '!$A$1:$H$1002,7,0)*'Mark Up '!$C$2),"X") -> 12843.6
B84: 1064-3 | C84: Aparador Ussé | D84: 1,81 x 0,46 x 0,76 | E84: =IFERROR((VLOOKUP(B84,'Origem '!$A$1:$H$1002,4,0)*'Mark Up '!$C$2),"X") -> 10053.12 | F84: =IFERROR((VLOOKUP(B84,'Origem '!$A$1:$H$1002,5,0)*'Mark Up '!$C$2),"X") -> 11928.84 | G84: =IFERROR((VLOOKUP(B84,'Origem '!$A$1:$H$1002,6,0)*'Mark Up '!$C$2),"X") -> 13079.22 | H84: =IFERROR((VLOOKUP(B84,'Origem '!$A$1:$H$1002,7,0)*'Mark Up '!$C$2),"X") -> 13582.8
B85: 1064-4 | C85: Aparador Ussé | D85: 2,01 x 0,46 x 0,76 | E85: =IFERROR((VLOOKUP(B85,'Origem '!$A$1:$H$1002,4,0)*'Mark Up '!$C$2),"X") -> 12279.96 | F85: =IFERROR((VLOOKUP(B85,'Origem '!$A$1:$H$1002,5,0)*'Mark Up '!$C$2),"X") -> 12926.76 | G85: =IFERROR((VLOOKUP(B85,'Origem '!$A$1:$H$1002,6,0)*'Mark Up '!$C$2),"X") -> 16091.46 | H85: =IFERROR((VLOOKUP(B85,'Origem '!$A$1:$H$1002,7,0)*'Mark Up '!$C$2),"X") -> 16622.76

Sheet Buffets
C1: BUFFETS | I1: AMBIENTADAS
A2: COLEÇÃO | B2: REF | C2: DESCRIÇÃO | D2: COMP X PROF X ALT | E2: Em caso de cores diferentes, utilizar preço de maior valor
E3: COLUNA 1 | F3: COLUNA 2 | G3: COLUNA 3 | H3: COLUNA 4
E4: LACA LISA BRAZIL ( COM OU SEM VIDRO PINTADO) | F4: - CARVALHO CLARO - CARVALHO NATURAL - CARVALHO LAVADO - CARV. EBANIZADO - IMBUIA CLARA * ACRESCENTAR 12% SE COM VIDRO PINTADO | G4: - NOGUEIRA - NOGUEIRA NATURAL - LOURO FREIJÓ - LOURO FREIJÓ NATURAL - CANELA - LACA METALIZADA BRAZIL - CARV. ÔNIX METALIZADO - CARV. N109 METALIZADO - CARV. ALBANIZADO - CARV. H155 FOSCO - CONCRETO (SOMENTE SEM VIDRO) | H4: - PAU FERRO
E5: FUNDO DO BUFFET NO MESMO ACABAMENTO DO MOVEL ACRESCENTAR +5% E INFORMAR NO PEDIDO
E6: OBS. O ACABAMENTO DO METAL NÃO INFLUENCIARÁ NO VALOR DO BUFFET
A7: AURORA | B7: 8990-3 | C7: Buffet Aurora Marchetado (4 portas;1 gav. Int.; 1 prat.), tpo bandeja (se laca somente c/ VD), pés metal | D7: 1,84 x 0,48 x 0,76 | E7: =IFERROR((VLOOKUP(B7,'Origem '!$A$1:$H$1002,4,0)*'Mark Up '!$C$2),"X") -> 22905.96 | F7: =IFERROR((VLOOKUP(B7,'Origem '!$A$1:$H$1002,5,0)*'Mark Up '!$C$2),"X") -> 27724.62 | G7: =IFERROR((VLOOKUP(B7,'Origem '!$A$1:$H$1002,6,0)*'Mark Up '!$C$2),"X") -> 31961.16 | H7: =IFERROR((VLOOKUP(B7,'Origem '!$A$1:$H$1002,7,0)*'Mark Up '!$C$2),"X") -> 34215.72
B8: 8990-4 | C8: Buffet Aurora Marchetado (4 portas;1 gav. Int.; 1 prat.), tpo bandeja (se laca somente c/ VD), pés metal | D8: 2,04 x 0,48 x 0,76 | E8: =IFERROR((VLOOKUP(B8,'Origem '!$A$1:$H$1002,4,0)*'Mark Up '!$C$2),"X") -> 23728.32 | F8: =IFERROR((VLOOKUP(B8,'Origem '!$A$1:$H$1002,5,0)*'Mark Up '!$C$2),"X") -> 29295.42 | G8: =IFERROR((VLOOKUP(B8,'Origem '!$A$1:$H$1002,6,0)*'Mark Up '!$C$2),"X") -> 33397.98 | H8: =IFERROR((VLOOKUP(B8,'Origem '!$A$1:$H$1002,7,0)*'Mark Up '!$C$2),"X") -> 36308.58
B9: 8990-5 | C9: Buffet Aurora Marchetado (5 portas;1 gav. Int.; 2 prat.), tpo bandeja (se laca somente c/ VD), pés metal | D9: 2,29 x 0,48 x 0,76 | E9: =IFERROR((VLOOKUP(B9,'Origem '!$A$1:$H$1002,4,0)*'Mark Up '!$C$2),"X") -> 25446.96 | F9: =IFERROR((VLOOKUP(B9,'Origem '!$A$1:$H$1002,5,0)*'Mark Up '!$C$2),"X") -> 31605.42 | G9: =IFERROR((VLOOKUP(B9,'Origem '!$A$1:$H$1002,6,0)*'Mark Up '!$C$2),"X") -> 35915.88 | H9: =IFERROR((VLOOKUP(B9,'Origem '!$A$1:$H$1002,7,0)*'Mark Up '!$C$2),"X") -> 39145.26
B10: 8990-7 | C10: Buffet Aurora Marchetado (5 portas;1 gav. Int.; 2 prat.), tpo bandeja (se laca somente c/ VD), pés metal | D10: 2,54 x 0,48 x 0,76 | E10: =IFERROR((VLOOKUP(B10,'Origem '!$A$1:$H$1002,4,0)*'Mark Up '!$C$2),"X") -> 27281.1 | F10: =IFERROR((VLOOKUP(B10,'Origem '!$A$1:$H$1002,5,0)*'Mark Up '!$C$2),"X") -> 34252.68 | G10: =IFERROR((VLOOKUP(B10,'Origem '!$A$1:$H$1002,6,0)*'Mark Up '!$C$2),"X") -> 38683.26 | H10: =IFERROR((VLOOKUP(B10,'Origem '!$A$1:$H$1002,7,0)*'Mark Up '!$C$2),"X") -> 42282.24
A11: AURORA | B11: 11800-10 | C11: Buffet Aurora B Marchetado""INTERNO PRETO OU CINZA"" (4 portas;1 gav. Int.; 1 prat.), tpo bandeja (se laca brilho somente c/ VD), pés metal | D11: 1,86 x 0,48 x 0,75 | E11: =IFERROR((VLOOKUP(B11,'Origem '!$A$1:$H$1002,4,0)*'Mark Up '!$C$2),"X") -> X | F11: =IFERROR((VLOOKUP(B11,'Origem '!$A$1:$H$1002,5,0)*'Mark Up '!$C$2),"X") -> 24208.8 | G11: =IFERROR((VLOOKUP(B11,'Origem '!$A$1:$H$1002,6,0)*'Mark Up '!$C$2),"X") -> 27179.46 | H11: =IFERROR((VLOOKUP(B11,'Origem '!$A$1:$H$1002,7,0)*'Mark Up '!$C$2),"X") -> 31780.98
B12: 11800-12 | C12: Buffet Aurora B Marchetado""INTERNO PRETO OU CINZA"" (4 portas;1 gav. Int.; 1 prat.), tpo bandeja (se laca brilho somente c/ VD), pés metal | D12: 2,06 x 0,48 x 0,75 | E12: =IFERROR((VLOOKUP(B12,'Origem '!$A$1:$H$1002,4,0)*'Mark Up '!$C$2),"X") -> X | F12: =IFERROR((VLOOKUP(B12,'Origem '!$A$1:$H$1002,5,0)*'Mark Up '!$C$2),"X") -> 25664.1 | G12: =IFERROR((VLOOKUP(B12,'Origem '!$A$1:$H$1002,6,0)*'Mark Up '!$C$2),"X") -> 28417.62 | H12: =IFERROR((VLOOKUP(B12,'Origem '!$A$1:$H$1002,7,0)*'Mark Up '!$C$2),"X") -> 33176.22
B13: 11800-14 | C13: Buffet Aurora B Marchetado""INTERNO PRETO OU CINZA"" (5 portas;1 gav. Int.; 1 prat.), tpo bandeja (se laca brilho somente c/ VD), pés metal | D13: 2,31 x 0,48 x 0,75 | E13: =IFERROR((VLOOKUP(B13,'Origem '!$A$1:$H$1002,4,0)*'Mark Up '!$C$2),"X") -> X | F13: =IFERROR((VLOOKUP(B13,'Origem '!$A$1:$H$1002,5,0)*'Mark Up '!$C$2),"X") -> 27720 | G13: =IFERROR((VLOOKUP(B13,'Origem '!$A$1:$H$1002,6,0)*'Mark Up '!$C$2),"X") -> 31092.6 | H13: =IFERROR((VLOOKUP(B13,'Origem '!$A$1:$H$1002,7,0)*'Mark Up '!$C$2),"X") -> 36419.46
B14: 11800-18 | C14: Buffet Aurora B Marchetado""INTERNO PRETO OU CINZA"" (5 portas;1 gav. Int.; 1 prat.), tpo bandeja (se laca brilho somente c/ VD), pés metal | D14: 2,56 x 0,48 x 0,75 | E14: =IFERROR((VLOOKUP(B14,'Origem '!$A$1:$H$1002,4,0)*'Mark Up '!$C$2),"X") -> X | F14: =IFERROR((VLOOKUP(B14,'Origem '!$A$1:$H$1002,5,0)*'Mark Up '!$C$2),"X") -> 29586.48 | G14: =IFERROR((VLOOKUP(B14,'Origem '!$A$1:$H$1002,6,0)*'Mark Up '!$C$2),"X") -> 33287.1 | H14: =IFERROR((VLOOKUP(B14,'Origem '!$A$1:$H$1002,7,0)*'Mark Up '!$C$2),"X") -> 38285.94
A15: BADEN | B15: 10670-10 | C15: Buffet Baden (4 P, 1 Prat Pq, 1 Gav.),pés de metal (se laca brilho somente c/ VD) | D15: 1,80 x 0,48 x 0,76 | E15: =IFERROR((VLOOKUP(B15,'Origem '!$A$1:$H$1002,4,0)*'Mark Up '!$C$2),"X") -> 20157.06 | F15: =IFERROR((VLOOKUP(B15,'Origem '!$A$1:$H$1002,5,0)*'Mark Up '!$C$2),"X") -> 24726.24 | G15: =IFERROR((VLOOKUP(B15,'Origem '!$A$1:$H$1002,6,0)*'Mark Up '!$C$2),"X") -> 28528.5 | H15: =IFERROR((VLOOKUP(B15,'Origem '!$A$1:$H$1002,7,0)*'Mark Up '!$C$2),"X") -> 31679.34
B16: 10670-12 | C16: Buffet Baden (4 P, 1 Prat Pq, 1 Gav.),pés de metal (se laca brilho somente c/ VD) | D16: 2,00 x 0,48 x 0,76 | E16: =IFERROR((VLOOKUP(B16,'Origem '!$A$1:$H$1002,4,0)*'Mark Up '!$C$2),"X") -> 20739.18 | F16: =IFERROR((VLOOKUP(B16,'Origem '!$A$1:$H$1002,5,0)*'Mark Up '!$C$2),"X") -> 26578.86 | G16: =IFERROR((VLOOKUP(B16,'Origem '!$A$1:$H$1002,6,0)*'Mark Up '!$C$2),"X") -> 30039.24 | H16: =IFERROR((VLOOKUP(B16,'Origem '!$A$1:$H$1002,7,0)*'Mark Up '!$C$2),"X") -> 33213.18
B17: 10670-14 | C17: Buffet Baden (5 P, 1 Prat Pq,1 Prat Gr, 1 Gav.),pés de metal (se laca brilho somente c/ VD) | D17: 2,25 x 0,48 x 0,76 | E17: =IFERROR((VLOOKUP(B17,'Origem '!$A$1:$H$1002,4,0)*'Mark Up '!$C$2),"X") -> 22092.84 | F17: =IFERROR((VLOOKUP(B17,'Origem '!$A$1:$H$1002,5,0)*'Mark Up '!$C$2),"X") -> 28121.94 | G17: =IFERROR((VLOOKUP(B17,'Origem '!$A$1:$H$1002,6,0)*'Mark Up '!$C$2),"X") -> 31993.5 | H17: =IFERROR((VLOOKUP(B17,'Origem '!$A$1:$H$1002,7,0)*'Mark Up '!$C$2),"X") -> 35504.7
B18: 10670-18 | C18: Buffet Baden (5 P, 1 Prat Pq,1 Prat Gr, 1 Gav.),pés de metal (se laca brilho somente c/ VD) | D18: 2,50 x 0,48 x 0,76 | E18: =IFERROR((VLOOKUP(B18,'Origem '!$A$1:$H$1002,4,0)*'Mark Up '!$C$2),"X") -> 23566.62 | F18: =IFERROR((VLOOKUP(B18,'Origem '!$A$1:$H$1002,5,0)*'Mark Up '!$C$2),"X") -> 28861.14 | G18: =IFERROR((VLOOKUP(B18,'Origem '!$A$1:$H$1002,6,0)*'Mark Up '!$C$2),"X") -> 32912.88 | H18: =IFERROR((VLOOKUP(B18,'Origem '!$A$1:$H$1002,7,0)*'Mark Up '!$C$2),"X") -> 37278.78
A19: CASABLANCA | B19: 8417-0 | C19: Buffet Casablanca (1 gav.int.;1 prat; 4 portas),pés mad. | D19: 1,80 x 0,47 x 0,80 | E19: =IFERROR((VLOOKUP(B19,'Origem '!$A$1:$H$1002,4,0)*'Mark Up '!$C$2),"X") -> 19625.76 | F19: =IFERROR((VLOOKUP(B19,'Origem '!$A$1:$H$1002,5,0)*'Mark Up '!$C$2),"X") -> 23603.58 | G19: =IFERROR((VLOOKUP(B19,'Origem '!$A$1:$H$1002,6,0)*'Mark Up '!$C$2),"X") -> 26588.1 | H19: =IFERROR((VLOOKUP(B19,'Origem '!$A$1:$H$1002,7,0)*'Mark Up '!$C$2),"X") -> 27313.44
B20: 8417-1 | C20: Buffet Casablanca (1 gav.int.;1 prat; 4 portas),pés mad. | D20: 2,00 x 0,47 x 0,80 | E20: =IFERROR((VLOOKUP(B20,'Origem '!$A$1:$H$1002,4,0)*'Mark Up '!$C$2),"X") -> 20595.96 | F20: =IFERROR((VLOOKUP(B20,'Origem '!$A$1:$H$1002,5,0)*'Mark Up '!$C$2),"X") -> 25922.82 | G20: =IFERROR((VLOOKUP(B20,'Origem '!$A$1:$H$1002,6,0)*'Mark Up '!$C$2),"X") -> 28671.72 | H20: =IFERROR((VLOOKUP(B20,'Origem '!$A$1:$H$1002,7,0)*'Mark Up '!$C$2),"X") -> 29549.52
A21: CHAPLIN | B21: 11820-10 | C21: Buffet Chaplin B ""INTERNO PRETO OU CINZA"" (4 portas;1 gav. Int.; 1 prat.), tpo bandeja (se laca brilho somente c/ VD), pés metal | D21: 1,86 x 0,48 x 0,75 | E21: =IFERROR((VLOOKUP(B21,'Origem '!$A$1:$H$1002,4,0)*'Mark Up '!$C$2),"X") -> X | F21: =IFERROR((VLOOKUP(B21,'Origem '!$A$1:$H$1002,5,0)*'Mark Up '!$C$2),"X") -> 23811.48 | G21: =IFERROR((VLOOKUP(B21,'Origem '!$A$1:$H$1002,6,0)*'Mark Up '!$C$2),"X") -> 26740.56 | H21: =IFERROR((VLOOKUP(B21,'Origem '!$A$1:$H$1002,7,0)*'Mark Up '!$C$2),"X") -> 31272.78
B22: 11820-12 | C22: Buffet Chaplin B ""INTERNO PRETO OU CINZA"" (4 portas;1 gav. Int.; 1 prat.), tpo bandeja (se laca brilho somente c/ VD), pés metal | D22: 2,06 x 0,48 x 0,75 | E22: =IFERROR((VLOOKUP(B22,'Origem '!$A$1:$H$1002,4,0)*'Mark Up '!$C$2),"X") -> X | F22: =IFERROR((VLOOKUP(B22,'Origem '!$A$1:$H$1002,5,0)*'Mark Up '!$C$2),"X") -> 25188.24 | G22: =IFERROR((VLOOKUP(B22,'Origem '!$A$1:$H$1002,6,0)*'Mark Up '!$C$2),"X") -> 27890.94 | H22: =IFERROR((VLOOKUP(B22,'Origem '!$A$1:$H$1002,7,0)*'Mark Up '!$C$2),"X") -> 32580.24
B23: 11820-14 | C23: Buffet Chaplin B ""INTERNO PRETO OU CINZA"" (5 portas;1 gav. Int.; 1 prat.), tpo bandeja (se laca brilho somente c/ VD), pés metal | D23: 2,31 x 0,48 x 0,75 | E23: =IFERROR((VLOOKUP(B23,'Origem '!$A$1:$H$1002,4,0)*'Mark Up '!$C$2),"X") -> X | F23: =IFERROR((VLOOKUP(B23,'Origem '!$A$1:$H$1002,5,0)*'Mark Up '!$C$2),"X") -> 27234.9 | G23: =IFERROR((VLOOKUP(B23,'Origem '!$A$1:$H$1002,6,0)*'Mark Up '!$C$2),"X") -> 30533.58 | H23: =IFERROR((VLOOKUP(B23,'Origem '!$A$1:$H$1002,7,0)*'Mark Up '!$C$2),"X") -> 35777.28
B24: 11820-18 | C24: Buffet Chaplin B ""INTERNO PRETO OU CINZA"" (5 portas;1 gav. Int.; 1 prat.), tpo bandeja (se laca brilho somente c/ VD), pés metal | D24: 2,56 x 0,48 x 0,75 | E24: =IFERROR((VLOOKUP(B24,'Origem '!$A$1:$H$1002,4,0)*'Mark Up '!$C$2),"X") -> X | F24: =IFERROR((VLOOKUP(B24,'Origem '!$A$1:$H$1002,5,0)*'Mark Up '!$C$2),"X") -> 30140.88 | G24: =IFERROR((VLOOKUP(B24,'Origem '!$A$1:$H$1002,6,0)*'Mark Up '!$C$2),"X") -> 32792.76 | H24: =IFERROR((VLOOKUP(B24,'Origem '!$A$1:$H$1002,7,0)*'Mark Up '!$C$2),"X") -> 37639.14
A25: DINAMO | B25: 7980-3 | C25: Buffet Dinamo (4 portas, 2 gav.), pés metal | D25: 1,80 x 0,47 x 0,76 | E25: =IFERROR((VLOOKUP(B25,'Origem '!$A$1:$H$1002,4,0)*'Mark Up '!$C$2),"X") -> 27373.5 | F25: =IFERROR((VLOOKUP(B25,'Origem '!$A$1:$H$1002,5,0)*'Mark Up '!$C$2),"X") -> 29397.06 | G25: =IFERROR((VLOOKUP(B25,'Origem '!$A$1:$H$1002,6,0)*'Mark Up '!$C$2),"X") -> 33425.7 | H25: =IFERROR((VLOOKUP(B25,'Origem '!$A$1:$H$1002,7,0)*'Mark Up '!$C$2),"X") -> 34691.58
B26: 7980-4 | C26: Buffet Dinamo (4 portas, 2 gav.), pés metal | D26: 2,00 x 0,47 x 0,76 | E26: =IFERROR((VLOOKUP(B26,'Origem '!$A$1:$H$1002,4,0)*'Mark Up '!$C$2),"X") -> 28297.5 | F26: =IFERROR((VLOOKUP(B26,'Origem '!$A$1:$H$1002,5,0)*'Mark Up '!$C$2),"X") -> 30792.3 | G26: =IFERROR((VLOOKUP(B26,'Origem '!$A$1:$H$1002,6,0)*'Mark Up '!$C$2),"X") -> 34890.24 | H26: =IFERROR((VLOOKUP(B26,'Origem '!$A$1:$H$1002,7,0)*'Mark Up '!$C$2),"X") -> 36313.2
B27: 7980-7 | C27: Buffet Dinamo (5 portas, 3 gav.), pés metal | D27: 2,50 x 0,47 x 0,76 | E27: =IFERROR((VLOOKUP(B27,'Origem '!$A$1:$H$1002,4,0)*'Mark Up '!$C$2),"X") -> 31799.46 | F27: =IFERROR((VLOOKUP(B27,'Origem '!$A$1:$H$1002,5,0)*'Mark Up '!$C$2),"X") -> 35504.7 | G27: =IFERROR((VLOOKUP(B27,'Origem '!$A$1:$H$1002,6,0)*'Mark Up '!$C$2),"X") -> 40623.66 | H27: =IFERROR((VLOOKUP(B27,'Origem '!$A$1:$H$1002,7,0)*'Mark Up '!$C$2),"X") -> 41307.42
A28: GENOVA | B28: 10111-10 | C28: Buffet Genova ,Nicho, Pés de Metal (4 portas, 2 Prat., 1 Gav.) | D28: 1,80 x 0,47 x 0,80 | E28: =IFERROR((VLOOKUP(B28,'Origem '!$A$1:$H$1002,4,0)*'Mark Up '!$C$2),"X") -> 25299.12 | F28: =IFERROR((VLOOKUP(B28,'Origem '!$A$1:$H$1002,5,0)*'Mark Up '!$C$2),"X") -> 29701.98 | G28: =IFERROR((VLOOKUP(B28,'Origem '!$A$1:$H$1002,6,0)*'Mark Up '!$C$2),"X") -> 32963.7 | H28: =IFERROR((VLOOKUP(B28,'Origem '!$A$1:$H$1002,7,0)*'Mark Up '!$C$2),"X") -> 34294.26
B29: 10111-12 | C29: Buffet Genova ,Nicho, Pés de Metal (4 portas, 2 Prat., 1 Gav.) | D29: 2,00 x 0,47 x 0,80 | E29: =IFERROR((VLOOKUP(B29,'Origem '!$A$1:$H$1002,4,0)*'Mark Up '!$C$2),"X") -> 26130.72 | F29: =IFERROR((VLOOKUP(B29,'Origem '!$A$1:$H$1002,5,0)*'Mark Up '!$C$2),"X") -> 30917.04 | G29: =IFERROR((VLOOKUP(B29,'Origem '!$A$1:$H$1002,6,0)*'Mark Up '!$C$2),"X") -> 34220.34 | H29: =IFERROR((VLOOKUP(B29,'Origem '!$A$1:$H$1002,7,0)*'Mark Up '!$C$2),"X") -> 35245.98
B30: 10111-14 | C30: Buffet Genova ,Nicho, Pés de Metal (5 portas, 3 Prat., 1 Gav.) | D30: 2,25 x 0,47 x 0,80 | E30: =IFERROR((VLOOKUP(B30,'Origem '!$A$1:$H$1002,4,0)*'Mark Up '!$C$2),"X") -> 30200.94 | F30: =IFERROR((VLOOKUP(B30,'Origem '!$A$1:$H$1002,5,0)*'Mark Up '!$C$2),"X") -> 33388.74 | G30: =IFERROR((VLOOKUP(B30,'Origem '!$A$1:$H$1002,6,0)*'Mark Up '!$C$2),"X") -> 38669.4 | H30: =IFERROR((VLOOKUP(B30,'Origem '!$A$1:$H$1002,7,0)*'Mark Up '!$C$2),"X") -> 39376.26
B31: 10111-18 | C31: Buffet Genova ,Nicho, Pés de Metal (5 portas, 3 Prat., 1 Gav.) | D31: 2,50 x 0,47 x 0,80 | E31: =IFERROR((VLOOKUP(B31,'Origem '!$A$1:$H$1002,4,0)*'Mark Up '!$C$2),"X") -> 31831.8 | F31: =IFERROR((VLOOKUP(B31,'Origem '!$A$1:$H$1002,5,0)*'Mark Up '!$C$2),"X") -> 36544.2 | G31: =IFERROR((VLOOKUP(B31,'Origem '!$A$1:$H$1002,6,0)*'Mark Up '!$C$2),"X") -> 41071.8 | H31: =IFERROR((VLOOKUP(B31,'Origem '!$A$1:$H$1002,7,0)*'Mark Up '!$C$2),"X") -> 41381.34
B32: 11940-10 | C32: Buffet Genova B ""INTERNO PRETO OU CINZA"" , Nicho, Pés de Metal (4 portas, 2 Prat., 1 Gav.) | D32: 1,82 x 0,47 x 0,80 | E32: =IFERROR((VLOOKUP(B32,'Origem '!$A$1:$H$1002,4,0)*'Mark Up '!$C$2),"X") -> X | F32: =IFERROR((VLOOKUP(B32,'Origem '!$A$1:$H$1002,5,0)*'Mark Up '!$C$2),"X") -> 27918.66 | G32: =IFERROR((VLOOKUP(B32,'Origem '!$A$1:$H$1002,6,0)*'Mark Up '!$C$2),"X") -> 29535.66 | H32: =IFERROR((VLOOKUP(B32,'Origem '!$A$1:$H$1002,7,0)*'Mark Up '!$C$2),"X") -> 30533.58
B33: 11940-12 | C33: Buffet Genova B ""INTERNO PRETO OU CINZA"" , Nicho, Pés de Metal (4 portas, 2 Prat., 1 Gav.) | D33: 2,02 x 0,47 x 0,80 | E33: =IFERROR((VLOOKUP(B33,'Origem '!$A$1:$H$1002,4,0)*'Mark Up '!$C$2),"X") -> X | F33: =IFERROR((VLOOKUP(B33,'Origem '!$A$1:$H$1002,5,0)*'Mark Up '!$C$2),"X") -> 29498.7 | G33: =IFERROR((VLOOKUP(B33,'Origem '!$A$1:$H$1002,6,0)*'Mark Up '!$C$2),"X") -> 31272.78 | H33: =IFERROR((VLOOKUP(B33,'Origem '!$A$1:$H$1002,7,0)*'Mark Up '!$C$2),"X") -> 32400.06
B34: 11940-14 | C34: Buffet Genova B ""INTERNO PRETO OU CINZA"" , Nicho, Pés de Metal (5 portas, 3 Prat., 1 Gav.) | D34: 2,27 x 0,47 x 0,80 | E34: =IFERROR((VLOOKUP(B34,'Origem '!$A$1:$H$1002,4,0)*'Mark Up '!$C$2),"X") -> X | F34: =IFERROR((VLOOKUP(B34,'Origem '!$A$1:$H$1002,5,0)*'Mark Up '!$C$2),"X") -> 31965.78 | G34: =IFERROR((VLOOKUP(B34,'Origem '!$A$1:$H$1002,6,0)*'Mark Up '!$C$2),"X") -> 33832.26 | H34: =IFERROR((VLOOKUP(B34,'Origem '!$A$1:$H$1002,7,0)*'Mark Up '!$C$2),"X") -> 35014.98
B35: 11940-18 | C35: Buffet Genova B ""INTERNO PRETO OU CINZA"" , Nicho, Pés de Metal (5 portas, 3 Prat., 1 Gav.) | D35: 2,52 x 0,47 x 0,80 | E35: =IFERROR((VLOOKUP(B35,'Origem '!$A$1:$H$1002,4,0)*'Mark Up '!$C$2),"X") -> X | F35: =IFERROR((VLOOKUP(B35,'Origem '!$A$1:$H$1002,5,0)*'Mark Up '!$C$2),"X") -> 33254.76 | G35: =IFERROR((VLOOKUP(B35,'Origem '!$A$1:$H$1002,6,0)*'Mark Up '!$C$2),"X") -> 34710.06 | H35: =IFERROR((VLOOKUP(B35,'Origem '!$A$1:$H$1002,7,0)*'Mark Up '!$C$2),"X") -> 36447.18
A36: KYOTO | B36: 10141-10 | C36: Buffet Kyoto Porta Marchetada(4 portas) Pux Cava Tp Arredondado Pés de Metal (Somente SEM VD) | D36: 1,88 x 0,45 x 0,76 | E36: =IFERROR((VLOOKUP(B36,'Origem '!$A$1:$H$1002,4,0)*'Mark Up '!$C$2),"X") -> 24980.34 | F36: =IFERROR((VLOOKUP(B36,'Origem '!$A$1:$H$1002,5,0)*'Mark Up '!$C$2),"X") -> 29868.3 | G36: =IFERROR((VLOOKUP(B36,'Origem '!$A$1:$H$1002,6,0)*'Mark Up '!$C$2),"X") -> 33411.84 | H36: =IFERROR((VLOOKUP(B36,'Origem '!$A$1:$H$1002,7,0)*'Mark Up '!$C$2),"X") -> 35135.1
B37: 10141-12 | C37: Buffet Kyoto Porta Marchetada(4 portas) Pux Cava Tp Arredondado Pés de Metal (Somente SEM VD) | D37: 2,08 x 0,45 x 0,76 | E37: =IFERROR((VLOOKUP(B37,'Origem '!$A$1:$H$1002,4,0)*'Mark Up '!$C$2),"X") -> 26236.98 | F37: =IFERROR((VLOOKUP(B37,'Origem '!$A$1:$H$1002,5,0)*'Mark Up '!$C$2),"X") -> 32136.72 | G37: =IFERROR((VLOOKUP(B37,'Origem '!$A$1:$H$1002,6,0)*'Mark Up '!$C$2),"X") -> 35264.46 | H37: =IFERROR((VLOOKUP(B37,'Origem '!$A$1:$H$1002,7,0)*'Mark Up '!$C$2),"X") -> 38868.06
B38: 10141-15 | C38: Buffet Kyoto Porta Marchetada(5 portas) Pux Cava Tp Arredondado Pés de Metal (Somente SEM VD) | D38: 2,32 x 0,45 x 0,76 | E38: =IFERROR((VLOOKUP(B38,'Origem '!$A$1:$H$1002,4,0)*'Mark Up '!$C$2),"X") -> 27701.52 | F38: =IFERROR((VLOOKUP(B38,'Origem '!$A$1:$H$1002,5,0)*'Mark Up '!$C$2),"X") -> 33758.34 | G38: =IFERROR((VLOOKUP(B38,'Origem '!$A$1:$H$1002,6,0)*'Mark Up '!$C$2),"X") -> 37537.5 | H38: =IFERROR((VLOOKUP(B38,'Origem '!$A$1:$H$1002,7,0)*'Mark Up '!$C$2),"X") -> 39676.56
B39: 10141-18 | C39: Buffet Kyoto Porta Marchetada(5 portas) Pux Cava Tp Arredondado Pés de Metal (Somente SEM VD) | D39: 2,58 x 0,45 x 0,76 | E39: =IFERROR((VLOOKUP(B39,'Origem '!$A$1:$H$1002,4,0)*'Mark Up '!$C$2),"X") -> 30030 | F39: =IFERROR((VLOOKUP(B39,'Origem '!$A$1:$H$1002,5,0)*'Mark Up '!$C$2),"X") -> 35684.88 | G39: =IFERROR((VLOOKUP(B39,'Origem '!$A$1:$H$1002,6,0)*'Mark Up '!$C$2),"X") -> 39399.36 | H39: =IFERROR((VLOOKUP(B39,'Origem '!$A$1:$H$1002,7,0)*'Mark Up '!$C$2),"X") -> 42374.64
B40: 12010-10 | C40: Buffet Kyoto "B" Porta Marchetada "INTERNO PRETO OU CINZA" (4 portas) Pux Cava Tp Arredondado Pés Metal (Somente SEM VD) | D40: 1,88 x 0,45 x 0,76 | E40: =IFERROR((VLOOKUP(B40,'Origem '!$A$1:$H$1002,4,0)*'Mark Up '!$C$2),"X") -> X | F40: =IFERROR((VLOOKUP(B40,'Origem '!$A$1:$H$1002,5,0)*'Mark Up '!$C$2),"X") -> 28302.12 | G40: =IFERROR((VLOOKUP(B40,'Origem '!$A$1:$H$1002,6,0)*'Mark Up '!$C$2),"X") -> 29258.46 | H40: =IFERROR((VLOOKUP(B40,'Origem '!$A$1:$H$1002,7,0)*'Mark Up '!$C$2),"X") -> 32418.54
B41: 12010-12 | C41: Buffet Kyoto "B" Porta Marchetada "INTERNO PRETO OU CINZA" (4 portas) Pux Cava Tp Arredondado Pés Metal (Somente SEM VD) | D41: 2,08 x 0,45 x 0,76 | E41: =IFERROR((VLOOKUP(B41,'Origem '!$A$1:$H$1002,4,0)*'Mark Up '!$C$2),"X") -> X | F41: =IFERROR((VLOOKUP(B41,'Origem '!$A$1:$H$1002,5,0)*'Mark Up '!$C$2),"X") -> 29794.38 | G41: =IFERROR((VLOOKUP(B41,'Origem '!$A$1:$H$1002,6,0)*'Mark Up '!$C$2),"X") -> 30870.84 | H41: =IFERROR((VLOOKUP(B41,'Origem '!$A$1:$H$1002,7,0)*'Mark Up '!$C$2),"X") -> 34294.26
B42: 12010-14 | C42: Buffet Kyoto "B" Porta Marchetada "INTERNO PRETO OU CINZA" (5 portas) Pux Cava Tp Arredondado Pés Metal (Somente SEM VD) | D42: 2,32 x 0,45 x 0,76 | E42: =IFERROR((VLOOKUP(B42,'Origem '!$A$1:$H$1002,4,0)*'Mark Up '!$C$2),"X") -> X | F42: =IFERROR((VLOOKUP(B42,'Origem '!$A$1:$H$1002,5,0)*'Mark Up '!$C$2),"X") -> 31804.08 | G42: =IFERROR((VLOOKUP(B42,'Origem '!$A$1:$H$1002,6,0)*'Mark Up '!$C$2),"X") -> 33319.44 | H42: =IFERROR((VLOOKUP(B42,'Origem '!$A$1:$H$1002,7,0)*'Mark Up '!$C$2),"X") -> 36650.46
B43: 12010-18 | C43: Buffet Kyoto "B" Porta Marchetada "INTERNO PRETO OU CINZA" (5 portas) Pux Cava Tp Arredondado Pés Metal (Somente SEM VD) | D43: 2,58 x 0,45 x 0,76 | E43: =IFERROR((VLOOKUP(B43,'Origem '!$A$1:$H$1002,4,0)*'Mark Up '!$C$2),"X") -> X | F43: =IFERROR((VLOOKUP(B43,'Origem '!$A$1:$H$1002,5,0)*'Mark Up '!$C$2),"X") -> 33453.42 | G43: =IFERROR((VLOOKUP(B43,'Origem '!$A$1:$H$1002,6,0)*'Mark Up '!$C$2),"X") -> 35347.62 | H43: =IFERROR((VLOOKUP(B43,'Origem '!$A$1:$H$1002,7,0)*'Mark Up '!$C$2),"X") -> 38054.94
A44: RHONE | B44: 11155-2 | C44: Balcão Rhone (1 prateleira), pés metal (se laca brilho somente c/ VD) | D44: 1,25 x 0,36 x 0,89 | E44: =IFERROR((VLOOKUP(B44,'Origem '!$A$1:$H$1002,4,0)*'Mark Up '!$C$2),"X") -> 13513.5 | F44: =IFERROR((VLOOKUP(B44,'Origem '!$A$1:$H$1002,5,0)*'Mark Up '!$C$2),"X") -> 16604.28 | G44: =IFERROR((VLOOKUP(B44,'Origem '!$A$1:$H$1002,6,0)*'Mark Up '!$C$2),"X") -> 19676.58 | H44: =IFERROR((VLOOKUP(B44,'Origem '!$A$1:$H$1002,7,0)*'Mark Up '!$C$2),"X") -> 20813.1
A45: WAVE | B45: 11760-10 | C45: Buffet Wave Marchetado (4 portas;1 gav. Int.; 1 prat.), pés madeira | D45: 1,82 x 0,47 x 0,76 | E45: =IFERROR((VLOOKUP(B45,'Origem '!$A$1:$H$1002,4,0)*'Mark Up '!$C$2),"X") -> 21187.32 | F45: =IFERROR((VLOOKUP(B45,'Origem '!$A$1:$H$1002,5,0)*'Mark Up '!$C$2),"X") -> 27535.2 | G45: =IFERROR((VLOOKUP(B45,'Origem '!$A$1:$H$1002,6,0)*'Mark Up '!$C$2),"X") -> 31970.4 | H45: =IFERROR((VLOOKUP(B45,'Origem '!$A$1:$H$1002,7,0)*'Mark Up '!$C$2),"X") -> 37482.06
B46: 11760-12 | C46: Buffet Wave Marchetado (4 portas;1 gav. Int.; 1 prat.), pés madeira | D46: 2,02 x 0,47 x 0,76 | E46: =IFERROR((VLOOKUP(B46,'Origem '!$A$1:$H$1002,4,0)*'Mark Up '!$C$2),"X") -> 22115.94 | F46: =IFERROR((VLOOKUP(B46,'Origem '!$A$1:$H$1002,5,0)*'Mark Up '!$C$2),"X") -> 28851.9 | G46: =IFERROR((VLOOKUP(B46,'Origem '!$A$1:$H$1002,6,0)*'Mark Up '!$C$2),"X") -> 33587.4 | H46: =IFERROR((VLOOKUP(B46,'Origem '!$A$1:$H$1002,7,0)*'Mark Up '!$C$2),"X") -> 38336.76
B47: 11760-14 | C47: Buffet Wave Marchetado (5 portas;1 gav. Int.; 1 prat.), pés madeira | D47: 2,27 x 0,47 x 0,76 | E47: =IFERROR((VLOOKUP(B47,'Origem '!$A$1:$H$1002,4,0)*'Mark Up '!$C$2),"X") -> 25188.24 | F47: =IFERROR((VLOOKUP(B47,'Origem '!$A$1:$H$1002,5,0)*'Mark Up '!$C$2),"X") -> 31910.34 | G47: =IFERROR((VLOOKUP(B47,'Origem '!$A$1:$H$1002,6,0)*'Mark Up '!$C$2),"X") -> 36946.14 | H47: =IFERROR((VLOOKUP(B47,'Origem '!$A$1:$H$1002,7,0)*'Mark Up '!$C$2),"X") -> 43095.36
B48: 11760-18 | C48: Buffet Wave Marchetado (5 portas;1 gav. Int.; 1 prat.), pés madeira | D48: 2,52 x 0,47 x 0,76 | E48: =IFERROR((VLOOKUP(B48,'Origem '!$A$1:$H$1002,4,0)*'Mark Up '!$C$2),"X") -> 27239.52 | F48: =IFERROR((VLOOKUP(B48,'Origem '!$A$1:$H$1002,5,0)*'Mark Up '!$C$2),"X") -> 36220.8 | G48: =IFERROR((VLOOKUP(B48,'Origem '!$A$1:$H$1002,6,0)*'Mark Up '!$C$2),"X") -> 42370.02 | H48: =IFERROR((VLOOKUP(B48,'Origem '!$A$1:$H$1002,7,0)*'Mark Up '!$C$2),"X") -> 51074.1
B49: 11761-10 | C49: Buffet Wave B Marchetaria""INTERNO PRETO OU CINZA"" (4 portas;1 gav. Int.; 1 prat.),pés de madeira | D49: 1,85 x 0,47 x 0,76 | E49: =IFERROR((VLOOKUP(B49,'Origem '!$A$1:$H$1002,4,0)*'Mark Up '!$C$2),"X") -> X | F49: =IFERROR((VLOOKUP(B49,'Origem '!$A$1:$H$1002,5,0)*'Mark Up '!$C$2),"X") -> 23945.46 | G49: =IFERROR((VLOOKUP(B49,'Origem '!$A$1:$H$1002,6,0)*'Mark Up '!$C$2),"X") -> 28856.52 | H49: =IFERROR((VLOOKUP(B49,'Origem '!$A$1:$H$1002,7,0)*'Mark Up '!$C$2),"X") -> 31965.78
B50: 11761-12 | C50: Buffet Wave B Marchetaria""INTERNO PRETO OU CINZA"" (4 portas;1 gav. Int.; 1 prat.),pés de madeira | D50: 2,05 x 0,47 x 0,76 | E50: =IFERROR((VLOOKUP(B50,'Origem '!$A$1:$H$1002,4,0)*'Mark Up '!$C$2),"X") -> X | F50: =IFERROR((VLOOKUP(B50,'Origem '!$A$1:$H$1002,5,0)*'Mark Up '!$C$2),"X") -> 26583.48 | G50: =IFERROR((VLOOKUP(B50,'Origem '!$A$1:$H$1002,6,0)*'Mark Up '!$C$2),"X") -> 30085.44 | H50: =IFERROR((VLOOKUP(B50,'Origem '!$A$1:$H$1002,7,0)*'Mark Up '!$C$2),"X") -> 33314.82
B51: 11761-14 | C51: Buffet Wave B Marchetaria""INTERNO PRETO OU CINZA"" (5 portas;1 gav. Int.; 2 prat.),pés de madeira | D51: 2,30 x 0,47 x 0,76 | E51: =IFERROR((VLOOKUP(B51,'Origem '!$A$1:$H$1002,4,0)*'Mark Up '!$C$2),"X") -> X | F51: =IFERROR((VLOOKUP(B51,'Origem '!$A$1:$H$1002,5,0)*'Mark Up '!$C$2),"X") -> 29554.14 | G51: =IFERROR((VLOOKUP(B51,'Origem '!$A$1:$H$1002,6,0)*'Mark Up '!$C$2),"X") -> 33356.4 | H51: =IFERROR((VLOOKUP(B51,'Origem '!$A$1:$H$1002,7,0)*'Mark Up '!$C$2),"X") -> 36756.72
B52: 11761-18 | C52: Buffet Wave B Marchetaria""INTERNO PRETO OU CINZA"" (5 portas;1 gav. Int.; 2 prat.),pés de madeira | D52: 2,55 x 0,47 x 0,76 | E52: =IFERROR((VLOOKUP(B52,'Origem '!$A$1:$H$1002,4,0)*'Mark Up '!$C$2),"X") -> X | F52: =IFERROR((VLOOKUP(B52,'Origem '!$A$1:$H$1002,5,0)*'Mark Up '!$C$2),"X") -> 33065.34 | G52: =IFERROR((VLOOKUP(B52,'Origem '!$A$1:$H$1002,6,0)*'Mark Up '!$C$2),"X") -> 38142.72 | H52: =IFERROR((VLOOKUP(B52,'Origem '!$A$1:$H$1002,7,0)*'Mark Up '!$C$2),"X") -> 43160.04

Sheet Carrinhos de Chá 
C1: CARRINHOS DE CHÁ | I1: AMBIENTADAS
A2: COLEÇÃO | B2: REF | C2: DESCRIÇÃO | D2: COMP X PROF X ALT | E2: Em caso de cores diferentes Base ou Tampo, utilizar preço de maior valor
E3: COLUNA 1 | F3: COLUNA 2 | G3: COLUNA 3 | H3: COLUNA 4
E4: LACA LISA BRAZIL ( COM OU SEM VIDRO PINTADO) | F4: - CARVALHO CLARO - CARVALHO NATURAL - CARVALHO LAVADO - CARV. EBANIZADO - IMBUIA CLARA * ACRESCENTAR 12% SE COM VIDRO PINTADO | G4: - NOGUEIRA - NOGUEIRA NATURAL - LOURO FREIJÓ - LOURO FREIJÓ NATURAL - CANELA - LACA METALIZADA BRAZIL - CARV. ÔNIX METALIZADO - CARV. N109 METALIZADO - CARV. ALBANIZADO - CARV. H155 FOSCO - CONCRETO (SOMENTE SEM VIDRO) | H4: - PAU FERRO
E5: OBS. O ACABAMENTO DO METAL NÃO INFLUENCIARÁ NO VALOR DO CARRINHO DE CHÁ
A6: GOLD | B6: 4829-0 | C6: Carrinho de Chá Gold (se laca brilho somente c/ VD) | D6: 1,16 x 0,46 x 0,80 | E6: =IFERROR((VLOOKUP(B6,'Origem '!$A$1:$H$1002,4,0)*'Mark Up '!$C$2),"X") -> 11965.8 | F6: =IFERROR((VLOOKUP(B6,'Origem '!$A$1:$H$1002,5,0)*'Mark Up '!$C$2),"X") -> 13134.66 | G6: =IFERROR((VLOOKUP(B6,'Origem '!$A$1:$H$1002,6,0)*'Mark Up '!$C$2),"X") -> 14603.82 | H6: =IFERROR((VLOOKUP(B6,'Origem '!$A$1:$H$1002,7,0)*'Mark Up '!$C$2),"X") -> 15698.76
A7: MACAU | B7: 10249-4 | C7: Carrinho de Chá Macau (se laca brilho, somente c/ VD) | D7: 0,82 x 0,36 x 0,82 | E7: =IFERROR((VLOOKUP(B7,'Origem '!$A$1:$H$1002,4,0)*'Mark Up '!$C$2),"X") -> 8417.64 | F7: =IFERROR((VLOOKUP(B7,'Origem '!$A$1:$H$1002,5,0)*'Mark Up '!$C$2),"X") -> 9475.62 | G7: =IFERROR((VLOOKUP(B7,'Origem '!$A$1:$H$1002,6,0)*'Mark Up '!$C$2),"X") -> 10676.82 | H7: =IFERROR((VLOOKUP(B7,'Origem '!$A$1:$H$1002,7,0)*'Mark Up '!$C$2),"X") -> 11471.46
A8: QUIOS | B8: 11760-4 | C8: Carrinho de Chá QUIOS (se laca brilho, somente c/ VD) | D8: 0,80 x 0,36 x 0,82 | E8: =IFERROR((VLOOKUP(B8,'Origem '!$A$1:$H$1002,4,0)*'Mark Up '!$C$2),"X") -> 7710.78 | F8: =IFERROR((VLOOKUP(B8,'Origem '!$A$1:$H$1002,5,0)*'Mark Up '!$C$2),"X") -> 8542.38 | G8: =IFERROR((VLOOKUP(B8,'Origem '!$A$1:$H$1002,6,0)*'Mark Up '!$C$2),"X") -> 9009 | H8: =IFERROR((VLOOKUP(B8,'Origem '!$A$1:$H$1002,7,0)*'Mark Up '!$C$2),"X") -> 9521.82
A9: VANCOUVER | B9: 10019-18 | C9: Carrinho de Chá Vancouver (se laca brilho somente c/ VD) - (Vidro somente no tampo superior) | D9: 2,12 x 0,56 x 0,80 | E9: =IFERROR((VLOOKUP(B9,'Origem '!$A$1:$H$1002,4,0)*'Mark Up '!$C$2),"X") -> 20535.9 | F9: =IFERROR((VLOOKUP(B9,'Origem '!$A$1:$H$1002,5,0)*'Mark Up '!$C$2),"X") -> 22148.28 | G9: =IFERROR((VLOOKUP(B9,'Origem '!$A$1:$H$1002,6,0)*'Mark Up '!$C$2),"X") -> 25234.44 | H9: =IFERROR((VLOOKUP(B9,'Origem '!$A$1:$H$1002,7,0)*'Mark Up '!$C$2),"X") -> 26860.68

Sheet Gaveteiros
C1: GAVETEIROS | I1: AMBIENTADAS
A2: COLEÇÃO | B2: REF | C2: DESCRIÇÃO | D2: COMP X PROF X ALT | E2: Em caso de cores diferentes, utilizar preço de maior valor
E3: COLUNA 1 | F3: COLUNA 2 | G3: COLUNA 3 | H3: COLUNA 4
E4: LACA LISA BRAZIL ( COM OU SEM VIDRO PINTADO) | F4: - CARVALHO CLARO - CARVALHO NATURAL - CARVALHO LAVADO - CARV. EBANIZADO - IMBUIA CLARA * ACRESCENTAR 12% SE COM VIDRO PINTADO | G4: - NOGUEIRA - NOGUEIRA NATURAL - LOURO FREIJÓ - LOURO FREIJÓ NATURAL - CANELA - LACA METALIZADA BRAZIL - CARV. ÔNIX METALIZADO - CARV. N109 METALIZADO - CARV. ALBANIZADO - CARV. H155 FOSCO - CONCRETO (SOMENTE SEM VIDRO) | H4: - PAU FERRO
E5: OBS. O ACABAMENTO DO METAL NÃO INFLUENCIARÁ NO VALOR DOS GAVETEIROS
A6: CAIRO | B6: 11880-0 | C6: Gaveteiro Cairo (2 gav.;c/ corrediça toque), pés metal | D6: 0,50 x 0,45 x 0,60 | E6: =IFERROR((VLOOKUP(B6,'Origem '!$A$1:$H$1002,4,0)*'Mark Up '!$C$2),"X") -> 8741.04 | F6: =IFERROR((VLOOKUP(B6,'Origem '!$A$1:$H$1002,5,0)*'Mark Up '!$C$2),"X") -> 11032.56 | G6: =IFERROR((VLOOKUP(B6,'Origem '!$A$1:$H$1002,6,0)*'Mark Up '!$C$2),"X") -> 11947.32 | H6: =IFERROR((VLOOKUP(B6,'Origem '!$A$1:$H$1002,7,0)*'Mark Up '!$C$2),"X") -> 12806.64
B7: 11880-2 | C7: Gaveteiro Cairo (2 gav.;c/ corrediça toque), pés metal | D7: 0,70 x 0,45 x 0,60 | E7: =IFERROR((VLOOKUP(B7,'Origem '!$A$1:$H$1002,4,0)*'Mark Up '!$C$2),"X") -> 10478.16 | F7: =IFERROR((VLOOKUP(B7,'Origem '!$A$1:$H$1002,5,0)*'Mark Up '!$C$2),"X") -> 12340.02 | G7: =IFERROR((VLOOKUP(B7,'Origem '!$A$1:$H$1002,6,0)*'Mark Up '!$C$2),"X") -> 13513.5 | H7: =IFERROR((VLOOKUP(B7,'Origem '!$A$1:$H$1002,7,0)*'Mark Up '!$C$2),"X") -> 14571.48
A8: ERNESTO | B8: 11122-0 | C8: Gaveteiro Ernesto Pés Metal | D8: 0,54 X 0,46 X 0,58 | E8: =IFERROR((VLOOKUP(B8,'Origem '!$A$1:$H$1002,4,0)*'Mark Up '!$C$2),"X") -> 10954.02 | F8: =IFERROR((VLOOKUP(B8,'Origem '!$A$1:$H$1002,5,0)*'Mark Up '!$C$2),"X") -> 12885.18 | G8: =IFERROR((VLOOKUP(B8,'Origem '!$A$1:$H$1002,6,0)*'Mark Up '!$C$2),"X") -> 13573.56 | H8: =IFERROR((VLOOKUP(B8,'Origem '!$A$1:$H$1002,7,0)*'Mark Up '!$C$2),"X") -> 13998.6
B9: 11122-2 | C9: Gaveteiro Ernesto Pés Metal | D9: 0,74 X 0,46 X 0,58 | E9: =IFERROR((VLOOKUP(B9,'Origem '!$A$1:$H$1002,4,0)*'Mark Up '!$C$2),"X") -> 11891.88 | F9: =IFERROR((VLOOKUP(B9,'Origem '!$A$1:$H$1002,5,0)*'Mark Up '!$C$2),"X") -> 14114.1 | G9: =IFERROR((VLOOKUP(B9,'Origem '!$A$1:$H$1002,6,0)*'Mark Up '!$C$2),"X") -> 15472.38 | H9: =IFERROR((VLOOKUP(B9,'Origem '!$A$1:$H$1002,7,0)*'Mark Up '!$C$2),"X") -> 16036.02
A10: HADAR | B10: 3322-0 | C10: Gaveteiro Hadar Pés Metal | D10: 54,0 x 46,5 x 60 | E10: =IFERROR((VLOOKUP(B10,'Origem '!$A$1:$H$1002,4,0)*'Mark Up '!$C$2),"X") -> 9133.74 | F10: =IFERROR((VLOOKUP(B10,'Origem '!$A$1:$H$1002,5,0)*'Mark Up '!$C$2),"X") -> 11947.32 | G10: =IFERROR((VLOOKUP(B10,'Origem '!$A$1:$H$1002,6,0)*'Mark Up '!$C$2),"X") -> 12728.1 | H10: =IFERROR((VLOOKUP(B10,'Origem '!$A$1:$H$1002,7,0)*'Mark Up '!$C$2),"X") -> 13037.64
B11: 3322-2 | C11: Gaveteiro Hadar Pés Metal | D11: 74,0 x 46,5 x 60 | E11: =IFERROR((VLOOKUP(B11,'Origem '!$A$1:$H$1002,4,0)*'Mark Up '!$C$2),"X") -> 9692.76 | F11: =IFERROR((VLOOKUP(B11,'Origem '!$A$1:$H$1002,5,0)*'Mark Up '!$C$2),"X") -> 13088.46 | G11: =IFERROR((VLOOKUP(B11,'Origem '!$A$1:$H$1002,6,0)*'Mark Up '!$C$2),"X") -> 13675.2 | H11: =IFERROR((VLOOKUP(B11,'Origem '!$A$1:$H$1002,7,0)*'Mark Up '!$C$2),"X") -> 14049.42
A12: LASI | B12: 3222-5 | C12: Gaveteiro Lasi | D12: 0,41 Ø X 0,65 | E12: =IFERROR((VLOOKUP(B12,'Origem '!$A$1:$H$1002,4,0)*'Mark Up '!$C$2),"X") -> 8237.46 | F12: =IFERROR((VLOOKUP(B12,'Origem '!$A$1:$H$1002,5,0)*'Mark Up '!$C$2),"X") -> 10478.16 | G12: =IFERROR((VLOOKUP(B12,'Origem '!$A$1:$H$1002,6,0)*'Mark Up '!$C$2),"X") -> 10940.16 | H12: =IFERROR((VLOOKUP(B12,'Origem '!$A$1:$H$1002,7,0)*'Mark Up '!$C$2),"X") -> 11392.92
A13: LOS ANGELES | B13: 11042-0 | C13: Gaveteiro Los Angeles (2 gav.;c/ pux.cava), pés metal | D13: 0,50 x 0,45 x 0,60 | E13: =IFERROR((VLOOKUP(B13,'Origem '!$A$1:$H$1002,4,0)*'Mark Up '!$C$2),"X") -> 7368.9 | F13: =IFERROR((VLOOKUP(B13,'Origem '!$A$1:$H$1002,5,0)*'Mark Up '!$C$2),"X") -> 9410.94 | G13: =IFERROR((VLOOKUP(B13,'Origem '!$A$1:$H$1002,6,0)*'Mark Up '!$C$2),"X") -> 10316.46 | H13: =IFERROR((VLOOKUP(B13,'Origem '!$A$1:$H$1002,7,0)*'Mark Up '!$C$2),"X") -> 10741.5
B14: 11042-2 | C14: Gaveteiro Los Angeles (2 gav.;c/ pux.cava), pés metal | D14: 0,70 x 0,45 x 0,60 | E14: =IFERROR((VLOOKUP(B14,'Origem '!$A$1:$H$1002,4,0)*'Mark Up '!$C$2),"X") -> 8320.62 | F14: =IFERROR((VLOOKUP(B14,'Origem '!$A$1:$H$1002,5,0)*'Mark Up '!$C$2),"X") -> 10843.14 | G14: =IFERROR((VLOOKUP(B14,'Origem '!$A$1:$H$1002,6,0)*'Mark Up '!$C$2),"X") -> 11887.26 | H14: =IFERROR((VLOOKUP(B14,'Origem '!$A$1:$H$1002,7,0)*'Mark Up '!$C$2),"X") -> 12455.52
A15: MILETO | B15: 11860-0 | C15: Gaveteiro Mileto C/ MARCHETARIA (2 gav.;c/ pux.cava), pés metal | D15: 0,50 x 0,47 x 0,60 | E15: =IFERROR((VLOOKUP(B15,'Origem '!$A$1:$H$1002,4,0)*'Mark Up '!$C$2),"X") -> 8376.06 | F15: =IFERROR((VLOOKUP(B15,'Origem '!$A$1:$H$1002,5,0)*'Mark Up '!$C$2),"X") -> 10136.28 | G15: =IFERROR((VLOOKUP(B15,'Origem '!$A$1:$H$1002,6,0)*'Mark Up '!$C$2),"X") -> 10990.98 | H15: =IFERROR((VLOOKUP(B15,'Origem '!$A$1:$H$1002,7,0)*'Mark Up '!$C$2),"X") -> 11245.08
B16: 11860-2 | C16: Gaveteiro Mileto C/ MARCHETARIA (2 gav.;c/ pux.cava), pés metal | D16: 0,70 x 0,47 x 0,60 | E16: =IFERROR((VLOOKUP(B16,'Origem '!$A$1:$H$1002,4,0)*'Mark Up '!$C$2),"X") -> 9628.08 | F16: =IFERROR((VLOOKUP(B16,'Origem '!$A$1:$H$1002,5,0)*'Mark Up '!$C$2),"X") -> 11771.76 | G16: =IFERROR((VLOOKUP(B16,'Origem '!$A$1:$H$1002,6,0)*'Mark Up '!$C$2),"X") -> 12825.12 | H16: =IFERROR((VLOOKUP(B16,'Origem '!$A$1:$H$1002,7,0)*'Mark Up '!$C$2),"X") -> 13171.62
A17: RHONE | B17: 11152-0 | C17: Gaveteiro Rhone (1 gav.;c/ pux.cava), pés metal (se laca brilho somente c/ VD) | D17: 0,54 x 0,47 x 0,60 | E17: =IFERROR((VLOOKUP(B17,'Origem '!$A$1:$H$1002,4,0)*'Mark Up '!$C$2),"X") -> 8186.64 | F17: =IFERROR((VLOOKUP(B17,'Origem '!$A$1:$H$1002,5,0)*'Mark Up '!$C$2),"X") -> 9789.78 | G17: =IFERROR((VLOOKUP(B17,'Origem '!$A$1:$H$1002,6,0)*'Mark Up '!$C$2),"X") -> 10866.24 | H17: =IFERROR((VLOOKUP(B17,'Origem '!$A$1:$H$1002,7,0)*'Mark Up '!$C$2),"X") -> 11563.86
B18: 11152-2 | C18: Gaveteiro Rhone (1 gav.;c/ pux.cava), pés metal (se laca brilho somente c/ VD) | D18: 0,74 x 0,47 x 0,60 | E18: =IFERROR((VLOOKUP(B18,'Origem '!$A$1:$H$1002,4,0)*'Mark Up '!$C$2),"X") -> 8888.88 | F18: =IFERROR((VLOOKUP(B18,'Origem '!$A$1:$H$1002,5,0)*'Mark Up '!$C$2),"X") -> 10658.34 | G18: =IFERROR((VLOOKUP(B18,'Origem '!$A$1:$H$1002,6,0)*'Mark Up '!$C$2),"X") -> 12030.48 | H18: =IFERROR((VLOOKUP(B18,'Origem '!$A$1:$H$1002,7,0)*'Mark Up '!$C$2),"X") -> 13079.22
A19: SICILIANO | B19: 7261-0 | C19: Gaveteiro Siciliano (1 gav.;c/ pux.cava), pés metal | D19: 0,50 x 0,45 x 0,60 | E19: =IFERROR((VLOOKUP(B19,'Origem '!$A$1:$H$1002,4,0)*'Mark Up '!$C$2),"X") -> 7433.58 | F19: =IFERROR((VLOOKUP(B19,'Origem '!$A$1:$H$1002,5,0)*'Mark Up '!$C$2),"X") -> 8325.24 | G19: =IFERROR((VLOOKUP(B19,'Origem '!$A$1:$H$1002,6,0)*'Mark Up '!$C$2),"X") -> 9087.54 | H19: =IFERROR((VLOOKUP(B19,'Origem '!$A$1:$H$1002,7,0)*'Mark Up '!$C$2),"X") -> 9641.94
B20: 7261-2 | C20: Gaveteiro Siciliano (1 gav.;c/ pux.cava), pés metal | D20: 0,70 x 0,45 x 0,60 | E20: =IFERROR((VLOOKUP(B20,'Origem '!$A$1:$H$1002,4,0)*'Mark Up '!$C$2),"X") -> 8061.9 | F20: =IFERROR((VLOOKUP(B20,'Origem '!$A$1:$H$1002,5,0)*'Mark Up '!$C$2),"X") -> 9184.56 | G20: =IFERROR((VLOOKUP(B20,'Origem '!$A$1:$H$1002,6,0)*'Mark Up '!$C$2),"X") -> 10034.64 | H20: =IFERROR((VLOOKUP(B20,'Origem '!$A$1:$H$1002,7,0)*'Mark Up '!$C$2),"X") -> 10723.02
A21: SICILIANO | B21: 7262-0 | C21: Gaveteiro Siciliano (2 gav.;c/ pux.cava), pés metal | D21: 0,50 x 0,45 x 0,59 | E21: =IFERROR((VLOOKUP(B21,'Origem '!$A$1:$H$1002,4,0)*'Mark Up '!$C$2),"X") -> 8339.1 | F21: =IFERROR((VLOOKUP(B21,'Origem '!$A$1:$H$1002,5,0)*'Mark Up '!$C$2),"X") -> 10450.44 | G21: =IFERROR((VLOOKUP(B21,'Origem '!$A$1:$H$1002,6,0)*'Mark Up '!$C$2),"X") -> 11933.46 | H21: =IFERROR((VLOOKUP(B21,'Origem '!$A$1:$H$1002,7,0)*'Mark Up '!$C$2),"X") -> 12446.28
B22: 7262-2 | C22: Gaveteiro Siciliano (2 gav.;c/ pux.cava), pés metal | D22: 0,70 x 0,45 x 0,59 | E22: =IFERROR((VLOOKUP(B22,'Origem '!$A$1:$H$1002,4,0)*'Mark Up '!$C$2),"X") -> 9512.58 | F22: =IFERROR((VLOOKUP(B22,'Origem '!$A$1:$H$1002,5,0)*'Mark Up '!$C$2),"X") -> 11720.94 | G22: =IFERROR((VLOOKUP(B22,'Origem '!$A$1:$H$1002,6,0)*'Mark Up '!$C$2),"X") -> 13970.88 | H22: =IFERROR((VLOOKUP(B22,'Origem '!$A$1:$H$1002,7,0)*'Mark Up '!$C$2),"X") -> 14492.94
A23: TÓQUIO | B23: 11032-0 | C23: Gaveteiro Tóquio (2 gav.;c/ puxador), pés metal | D23: 0,50 x 0,45 x 0,60 | E23: =IFERROR((VLOOKUP(B23,'Origem '!$A$1:$H$1002,4,0)*'Mark Up '!$C$2),"X") -> 7040.88 | F23: =IFERROR((VLOOKUP(B23,'Origem '!$A$1:$H$1002,5,0)*'Mark Up '!$C$2),"X") -> 8713.32 | G23: =IFERROR((VLOOKUP(B23,'Origem '!$A$1:$H$1002,6,0)*'Mark Up '!$C$2),"X") -> 9535.68 | H23: =IFERROR((VLOOKUP(B23,'Origem '!$A$1:$H$1002,7,0)*'Mark Up '!$C$2),"X") -> 9886.8
B24: 11032-2 | C24: Gaveteiro Tóquio (2 gav.;c/ puxador), pés metal | D24: 0,70 x 0,45 x 0,60 | E24: =IFERROR((VLOOKUP(B24,'Origem '!$A$1:$H$1002,4,0)*'Mark Up '!$C$2),"X") -> 7743.12 | F24: =IFERROR((VLOOKUP(B24,'Origem '!$A$1:$H$1002,5,0)*'Mark Up '!$C$2),"X") -> 10113.18 | G24: =IFERROR((VLOOKUP(B24,'Origem '!$A$1:$H$1002,6,0)*'Mark Up '!$C$2),"X") -> 11069.52 | H24: =IFERROR((VLOOKUP(B24,'Origem '!$A$1:$H$1002,7,0)*'Mark Up '!$C$2),"X") -> 11568.48
A25: TRENTO | B25: 10742-5 | C25: Gaveteiro Trento (1 gav. c/ pux.), pés mad. (se laca brilho somente c/ VD) | D25: 0,45 Ø 0,61 | E25: =IFERROR((VLOOKUP(B25,'Origem '!$A$1:$H$1002,4,0)*'Mark Up '!$C$2),"X") -> 6735.96 | F25: =IFERROR((VLOOKUP(B25,'Origem '!$A$1:$H$1002,5,0)*'Mark Up '!$C$2),"X") -> 8052.66 | G25: =IFERROR((VLOOKUP(B25,'Origem '!$A$1:$H$1002,6,0)*'Mark Up '!$C$2),"X") -> 8898.12 | H25: =IFERROR((VLOOKUP(B25,'Origem '!$A$1:$H$1002,7,0)*'Mark Up '!$C$2),"X") -> X
B26: 10742-6 | C26: Gaveteiro Trento (1 gav. c/ pux.), pés mad. (se laca brilho somente c/ VD) | D26: 0,54 Ø 0,61 | E26: =IFERROR((VLOOKUP(B26,'Origem '!$A$1:$H$1002,4,0)*'Mark Up '!$C$2),"X") -> 6860.7 | F26: =IFERROR((VLOOKUP(B26,'Origem '!$A$1:$H$1002,5,0)*'Mark Up '!$C$2),"X") -> 8195.88 | G26: =IFERROR((VLOOKUP(B26,'Origem '!$A$1:$H$1002,6,0)*'Mark Up '!$C$2),"X") -> 9152.22 | H26: =IFERROR((VLOOKUP(B26,'Origem '!$A$1:$H$1002,7,0)*'Mark Up '!$C$2),"X") -> X

Sheet Complementos
C1: COMPLEMENTOS | I1: AMBIENTADAS
A2: COLEÇÃO | B2: REF | C2: DESCRIÇÃO | D2: COMP X PROF X ALT | E2: Em caso de cores diferentes Base ou Tampo, utilizar preço de maior valor
E3: COLUNA 1 | F3: COLUNA 2 | G3: COLUNA 3 | H3: COLUNA 4
E4: LACA LISA BRAZIL ( COM OU SEM VIDRO PINTADO) | F4: - CARVALHO CLARO - CARVALHO NATURAL - CARVALHO LAVADO - CARV. EBANIZADO - IMBUIA CLARA * ACRESCENTAR 12% SE COM VIDRO PINTADO | G4: - NOGUEIRA - NOGUEIRA NATURAL - LOURO FREIJÓ - LOURO FREIJÓ NATURAL - CANELA - LACA METALIZADA BRAZIL - CARV. ÔNIX METALIZADO - CARV. N109 METALIZADO - CARV. ALBANIZADO - CARV. H155 FOSCO - CONCRETO (SOMENTE SEM VIDRO) | H4: - PAU FERRO
E5: OBS. O ACABAMENTO DO METAL NÃO INFLUENCIARÁ NO VALOR DO MÓVEL
A6: CARTAGENA | B6: 1410-0 | C6: Cristaleira Cartagena (4 prat;2 luminárias) | D6: 0,82 x 0,37 x 1,82 | E6: =IFERROR((VLOOKUP(B6,'Origem '!$A$1:$H$1002,4,0)*'Mark Up '!$C$2),"X") -> 21529.2 | F6: =IFERROR((VLOOKUP(B6,'Origem '!$A$1:$H$1002,5,0)*'Mark Up '!$C$2),"X") -> 22328.46 | G6: =IFERROR((VLOOKUP(B6,'Origem '!$A$1:$H$1002,6,0)*'Mark Up '!$C$2),"X") -> 26116.86 | H6: =IFERROR((VLOOKUP(B6,'Origem '!$A$1:$H$1002,7,0)*'Mark Up '!$C$2),"X") -> 29018.22
B7: 1410-0Sl | C7: Cristaleira Cartagena (4 prat;s/iluminação) | D7: 0,82 x 0,37 x 1,82 | E7: =IFERROR((VLOOKUP(B7,'Origem '!$A$1:$H$1002,4,0)*'Mark Up '!$C$2),"X") -> 20281.8 | F7: =IFERROR((VLOOKUP(B7,'Origem '!$A$1:$H$1002,5,0)*'Mark Up '!$C$2),"X") -> 22152.9 | G7: =IFERROR((VLOOKUP(B7,'Origem '!$A$1:$H$1002,6,0)*'Mark Up '!$C$2),"X") -> 25252.92 | H7: =IFERROR((VLOOKUP(B7,'Origem '!$A$1:$H$1002,7,0)*'Mark Up '!$C$2),"X") -> 28061.88
B8: 1410-2SI | C8: Cristaleira Cartagena (2 prat;s/iluminação) | D8: 0,82 x 0,37 x 1,29 | E8: =IFERROR((VLOOKUP(B8,'Origem '!$A$1:$H$1002,4,0)*'Mark Up '!$C$2),"X") -> 15070.44 | F8: =IFERROR((VLOOKUP(B8,'Origem '!$A$1:$H$1002,5,0)*'Mark Up '!$C$2),"X") -> 16936.92 | G8: =IFERROR((VLOOKUP(B8,'Origem '!$A$1:$H$1002,6,0)*'Mark Up '!$C$2),"X") -> 19417.86 | H8: =IFERROR((VLOOKUP(B8,'Origem '!$A$1:$H$1002,7,0)*'Mark Up '!$C$2),"X") -> 21570.78
B9: 1411-0 | C9: Cristaleira Cartagena (1 porta/4 prat;1 luminária) | D9: 0,42 x 0,37 x 1,82 | E9: =IFERROR((VLOOKUP(B9,'Origem '!$A$1:$H$1002,4,0)*'Mark Up '!$C$2),"X") -> 15712.62 | F9: =IFERROR((VLOOKUP(B9,'Origem '!$A$1:$H$1002,5,0)*'Mark Up '!$C$2),"X") -> 16253.16 | G9: =IFERROR((VLOOKUP(B9,'Origem '!$A$1:$H$1002,6,0)*'Mark Up '!$C$2),"X") -> 18581.64 | H9: =IFERROR((VLOOKUP(B9,'Origem '!$A$1:$H$1002,7,0)*'Mark Up '!$C$2),"X") -> 20642.16
B10: 1411-0Sl | C10: Cristaleira Cartagena (1 porta/4 prat;s/iluminação) | D10: 0,42 x 0,37 x 1,82 | E10: =IFERROR((VLOOKUP(B10,'Origem '!$A$1:$H$1002,4,0)*'Mark Up '!$C$2),"X") -> 14885.64 | F10: =IFERROR((VLOOKUP(B10,'Origem '!$A$1:$H$1002,5,0)*'Mark Up '!$C$2),"X") -> 15430.8 | G10: =IFERROR((VLOOKUP(B10,'Origem '!$A$1:$H$1002,6,0)*'Mark Up '!$C$2),"X") -> 17726.94 | H10: =IFERROR((VLOOKUP(B10,'Origem '!$A$1:$H$1002,7,0)*'Mark Up '!$C$2),"X") -> 19690.44
A11: CLAUS | B11: 10440-2 | C11: Bandeja Café Claus, Tp Garrafa (se laca brilho somente c/ VD) | D11: 0,51 x 0,31 x 0,05 | E11: =IFERROR((VLOOKUP(B11,'Origem '!$A$1:$H$1002,4,0)*'Mark Up '!$C$2),"X") -> 2245.32 | F11: =IFERROR((VLOOKUP(B11,'Origem '!$A$1:$H$1002,5,0)*'Mark Up '!$C$2),"X") -> 2273.04 | G11: =IFERROR((VLOOKUP(B11,'Origem '!$A$1:$H$1002,6,0)*'Mark Up '!$C$2),"X") -> 2785.86 | H11: =IFERROR((VLOOKUP(B11,'Origem '!$A$1:$H$1002,7,0)*'Mark Up '!$C$2),"X") -> 3072.3
A12: ESPARTA | B12: 9705-0 | C12: Cabideiro Esparta | D12: 0,40 X 0,40 X 1,70 | E12: =IFERROR((VLOOKUP(B12,'Origem '!$A$1:$H$1002,4,0)*'Mark Up '!$C$2),"X") -> 5026.56 | F12: =IFERROR((VLOOKUP(B12,'Origem '!$A$1:$H$1002,5,0)*'Mark Up '!$C$2),"X") -> 5169.78 | G12: =IFERROR((VLOOKUP(B12,'Origem '!$A$1:$H$1002,6,0)*'Mark Up '!$C$2),"X") -> 5465.46 | H12: =IFERROR((VLOOKUP(B12,'Origem '!$A$1:$H$1002,7,0)*'Mark Up '!$C$2),"X") -> X
A13: PARLA | B13: 11070-3 | C13: Banco Parla (tp oblongo chanfrado), pés mad. (somente sem VD) | D13: 1,60 x 0,45 x 0,42 | E13: =IFERROR((VLOOKUP(B13,'Origem '!$A$1:$H$1002,4,0)*'Mark Up '!$C$2),"X") -> 6444.9 | F13: =IFERROR((VLOOKUP(B13,'Origem '!$A$1:$H$1002,5,0)*'Mark Up '!$C$2),"X") -> 7581.42 | G13: =IFERROR((VLOOKUP(B13,'Origem '!$A$1:$H$1002,6,0)*'Mark Up '!$C$2),"X") -> 8828.82 | H13: =IFERROR((VLOOKUP(B13,'Origem '!$A$1:$H$1002,7,0)*'Mark Up '!$C$2),"X") -> X
B14: 11070-4 | C14: Banco Parla (tp oblongo chanfrado), pés mad. (somente sem VD) | D14: 1,80 x 0,45 x 0,42 | E14: =IFERROR((VLOOKUP(B14,'Origem '!$A$1:$H$1002,4,0)*'Mark Up '!$C$2),"X") -> 6666.66 | F14: =IFERROR((VLOOKUP(B14,'Origem '!$A$1:$H$1002,5,0)*'Mark Up '!$C$2),"X") -> 7904.82 | G14: =IFERROR((VLOOKUP(B14,'Origem '!$A$1:$H$1002,6,0)*'Mark Up '!$C$2),"X") -> 9230.76 | H14: =IFERROR((VLOOKUP(B14,'Origem '!$A$1:$H$1002,7,0)*'Mark Up '!$C$2),"X") -> X
B15: 11070-5 | C15: Banco Parla (tp oblongo chanfrado), pés mad. (somente sem VD) | D15: 2,00 x 0,45 x 0,42 | E15: =IFERROR((VLOOKUP(B15,'Origem '!$A$1:$H$1002,4,0)*'Mark Up '!$C$2),"X") -> 7142.52 | F15: =IFERROR((VLOOKUP(B15,'Origem '!$A$1:$H$1002,5,0)*'Mark Up '!$C$2),"X") -> 8510.04 | G15: =IFERROR((VLOOKUP(B15,'Origem '!$A$1:$H$1002,6,0)*'Mark Up '!$C$2),"X") -> 9702 | H15: =IFERROR((VLOOKUP(B15,'Origem '!$A$1:$H$1002,7,0)*'Mark Up '!$C$2),"X") -> X
A16: RESPIRO | B16: 4060-4 | C16: Banco Respiro c/ detalhe maciço | D16: 1,80 X 0,45 X 0,42 | E16: =IFERROR((VLOOKUP(B16,'Origem '!$A$1:$H$1002,4,0)*'Mark Up '!$C$2),"X") -> 11988.9 | F16: =IFERROR((VLOOKUP(B16,'Origem '!$A$1:$H$1002,5,0)*'Mark Up '!$C$2),"X") -> 13167 | G16: =IFERROR((VLOOKUP(B16,'Origem '!$A$1:$H$1002,6,0)*'Mark Up '!$C$2),"X") -> 13762.98 | H16: =IFERROR((VLOOKUP(B16,'Origem '!$A$1:$H$1002,7,0)*'Mark Up '!$C$2),"X") -> X
B17: 4060-5 | C17: Banco Respiro c/ detalhe maciço | D17: 2,00 X 0,45 X 0,42 | E17: =IFERROR((VLOOKUP(B17,'Origem '!$A$1:$H$1002,4,0)*'Mark Up '!$C$2),"X") -> 12547.92 | F17: =IFERROR((VLOOKUP(B17,'Origem '!$A$1:$H$1002,5,0)*'Mark Up '!$C$2),"X") -> 13864.62 | G17: =IFERROR((VLOOKUP(B17,'Origem '!$A$1:$H$1002,6,0)*'Mark Up '!$C$2),"X") -> 14506.8 | H17: =IFERROR((VLOOKUP(B17,'Origem '!$A$1:$H$1002,7,0)*'Mark Up '!$C$2),"X") -> X
A18: MANHATTAN | B18: 9594-0 | C18: Escrivaninha Manhattan, 1 Gaveta (se laca somente c/ VD) | D18: 1,36 x 0,71 x 0,78 | E18: =IFERROR((VLOOKUP(B18,'Origem '!$A$1:$H$1002,4,0)*'Mark Up '!$C$2),"X") -> 12076.68 | F18: =IFERROR((VLOOKUP(B18,'Origem '!$A$1:$H$1002,5,0)*'Mark Up '!$C$2),"X") -> 12529.44 | G18: =IFERROR((VLOOKUP(B18,'Origem '!$A$1:$H$1002,6,0)*'Mark Up '!$C$2),"X") -> 15148.98 | H18: =IFERROR((VLOOKUP(B18,'Origem '!$A$1:$H$1002,7,0)*'Mark Up '!$C$2),"X") -> X
B19: 9594-2 | C19: Escrivaninha Manhattan, 1 Gaveta (se laca somente c/ VD) | D19: 1,61 x 0,71 x 0,78 | E19: =IFERROR((VLOOKUP(B19,'Origem '!$A$1:$H$1002,4,0)*'Mark Up '!$C$2),"X") -> 13513.5 | F19: =IFERROR((VLOOKUP(B19,'Origem '!$A$1:$H$1002,5,0)*'Mark Up '!$C$2),"X") -> 14197.26 | G19: =IFERROR((VLOOKUP(B19,'Origem '!$A$1:$H$1002,6,0)*'Mark Up '!$C$2),"X") -> 16678.2 | H19: =IFERROR((VLOOKUP(B19,'Origem '!$A$1:$H$1002,7,0)*'Mark Up '!$C$2),"X") -> X
B20: 9594-3 | C20: Escrivaninha Manhattan, 2 Gavetas (se laca somente c/ VD) | D20: 1,81 x 0,71 x 0,78 | E20: =IFERROR((VLOOKUP(B20,'Origem '!$A$1:$H$1002,4,0)*'Mark Up '!$C$2),"X") -> 13716.78 | F20: =IFERROR((VLOOKUP(B20,'Origem '!$A$1:$H$1002,5,0)*'Mark Up '!$C$2),"X") -> 14788.62 | G20: =IFERROR((VLOOKUP(B20,'Origem '!$A$1:$H$1002,6,0)*'Mark Up '!$C$2),"X") -> 18184.32 | H20: =IFERROR((VLOOKUP(B20,'Origem '!$A$1:$H$1002,7,0)*'Mark Up '!$C$2),"X") -> X
A21: IRAN | B21: 11133-2 | C21: Moldura Iran c/ Espelho Prata | D21: 1,96 X 0,95 X 0,75 | E21: =IFERROR((VLOOKUP(B21,'Origem '!$A$1:$H$1002,4,0)*'Mark Up '!$C$2),"X") -> 16821.42 | F21: =IFERROR((VLOOKUP(B21,'Origem '!$A$1:$H$1002,5,0)*'Mark Up '!$C$2),"X") -> 18946.62 | G21: =IFERROR((VLOOKUP(B21,'Origem '!$A$1:$H$1002,6,0)*'Mark Up '!$C$2),"X") -> 19394.76 | H21: =IFERROR((VLOOKUP(B21,'Origem '!$A$1:$H$1002,7,0)*'Mark Up '!$C$2),"X") -> 19810.56
A22: MUNIZ | B22: 3310-0 | C22: Moldura Muniz c/ Espelho Prata | D22: 1,06 X 0,13 X 1,13 | E22: =IFERROR((VLOOKUP(B22,'Origem '!$A$1:$H$1002,4,0)*'Mark Up '!$C$2),"X") -> 10898.58 | F22: =IFERROR((VLOOKUP(B22,'Origem '!$A$1:$H$1002,5,0)*'Mark Up '!$C$2),"X") -> 11106.48 | G22: =IFERROR((VLOOKUP(B22,'Origem '!$A$1:$H$1002,6,0)*'Mark Up '!$C$2),"X") -> 11882.64 | H22: =IFERROR((VLOOKUP(B22,'Origem '!$A$1:$H$1002,7,0)*'Mark Up '!$C$2),"X") -> 12159.84

Sheet Mesa Centro e Laterais
C1: MESAS DE CENTRO E LATERAIS | J1: AMBIENTADAS
A2: COLEÇÃO | B2: REF | C2: DESCRIÇÃO | D2: COMP X PROF X ALT | E2: Em caso de cores diferentes Base ou Tampo, utilizar preço de maior valor
E3: COLUNA 1 | F3: COLUNA 2 | G3: COLUNA 3 | H3: COLUNA 4 | I3: COLUNA 5
E4: LACA LISA BRAZIL ( COM OU SEM VIDRO PINTADO) | F4: - CARVALHO CLARO - CARVALHO NATURAL - CARVALHO LAVADO - CARV. EBANIZADO - IMBUIA CLARA * ACRESCENTAR 12% SE COM VIDRO PINTADO | G4: MESA COM TAMPO LACA LISA (COM OU SEM VIDRO PINTADO) E BASE EM: - CARVALHO CLARO - CARVALHO NATURAL - CARVALHO LAVADO - CARV. EBANIZADO - IMBUIA CLARA | H4: - NOGUEIRA - NOGUEIRA NATURAL - LOURO FREIJÓ - CANELA - LACA METALIZADA BRAZIL - CARVALHO ÔNIX METALIZADO - CARVALHO N109 METALIZADO - CARVALHO ALBANIZADO - CARVALHO H155 FOSCO (TAMPO COM OU SEM VIDRO) - CONCRETO (SOMENTE SEM VIDRO) | I4: - PAU FERRO
E5: OBS. O ACABAMENTO DO METAL NÃO INFLUENCIARÁ NO VALOR DA MESA CENTRO/LATERAL
A6: ADORE | B6: 3166-8 | C6: Mesa Centro Adore "SOMENTE S/VIDRO" | D6: 1,60 X 0,70 X 0,33 | E6: =IFERROR((VLOOKUP(B6,'Origem '!$A$1:$H$1002,4,0)*'Mark Up '!$C$2),"X") -> 12067.44 | F6: =IFERROR((VLOOKUP(B6,'Origem '!$A$1:$H$1002,5,0)*'Mark Up '!$C$2),"X") -> 14728.56 | G6: =IFERROR((VLOOKUP(B6,'Origem '!$A$1:$H$1002,6,0)*'Mark Up '!$C$2),"X") -> 14728.56 | H6: =IFERROR((VLOOKUP(B6,'Origem '!$A$1:$H$1002,7,0)*'Mark Up '!$C$2),"X") -> 16248.54 | I6: =IFERROR((VLOOKUP(B6,'Origem '!$A$1:$H$1002,8,0)*'Mark Up '!$C$2),"X") -> 16802.94
B7: 3166-10 | C7: Mesa Centro Adore "SOMENTE S/VIDRO" | D7: 1,80 X 0,80 X 0,33 | E7: =IFERROR((VLOOKUP(B7,'Origem '!$A$1:$H$1002,4,0)*'Mark Up '!$C$2),"X") -> 13827.66 | F7: =IFERROR((VLOOKUP(B7,'Origem '!$A$1:$H$1002,5,0)*'Mark Up '!$C$2),"X") -> 15772.68 | G7: =IFERROR((VLOOKUP(B7,'Origem '!$A$1:$H$1002,6,0)*'Mark Up '!$C$2),"X") -> 15772.68 | H7: =IFERROR((VLOOKUP(B7,'Origem '!$A$1:$H$1002,7,0)*'Mark Up '!$C$2),"X") -> 17556 | I7: =IFERROR((VLOOKUP(B7,'Origem '!$A$1:$H$1002,8,0)*'Mark Up '!$C$2),"X") -> 18285.96
A8: ALBA | B8: 11460-0 | C8: Mesa Lateral Alba TP.Redondo (Vidro Somente No Aplique) | D8: 0,40 Ø X 0,50 | E8: =IFERROR((VLOOKUP(B8,'Origem '!$A$1:$H$1002,4,0)*'Mark Up '!$C$2),"X") -> 4610.76 | F8: =IFERROR((VLOOKUP(B8,'Origem '!$A$1:$H$1002,5,0)*'Mark Up '!$C$2),"X") -> 5169.78 | G8: =IFERROR((VLOOKUP(B8,'Origem '!$A$1:$H$1002,6,0)*'Mark Up '!$C$2),"X") -> 5405.4 | H8: =IFERROR((VLOOKUP(B8,'Origem '!$A$1:$H$1002,7,0)*'Mark Up '!$C$2),"X") -> 5761.14 | I8: =IFERROR((VLOOKUP(B8,'Origem '!$A$1:$H$1002,8,0)*'Mark Up '!$C$2),"X") -> 6079.92
B9: 11460-1 | C9: Mesa Lateral Alba TP.Redondo (Vidro Somente No Aplique) | D9: 0,40 Ø X 0,55 | E9: =IFERROR((VLOOKUP(B9,'Origem '!$A$1:$H$1002,4,0)*'Mark Up '!$C$2),"X") -> 4656.96 | F9: =IFERROR((VLOOKUP(B9,'Origem '!$A$1:$H$1002,5,0)*'Mark Up '!$C$2),"X") -> 5142.06 | G9: =IFERROR((VLOOKUP(B9,'Origem '!$A$1:$H$1002,6,0)*'Mark Up '!$C$2),"X") -> 5386.92 | H9: =IFERROR((VLOOKUP(B9,'Origem '!$A$1:$H$1002,7,0)*'Mark Up '!$C$2),"X") -> 5627.16 | I9: =IFERROR((VLOOKUP(B9,'Origem '!$A$1:$H$1002,8,0)*'Mark Up '!$C$2),"X") -> 5969.04
B10: 11460-2 | C10: Mesa Lateral Alba TP.Redondo (Vidro Somente No Aplique) | D10: 0,60 Ø X 0,63 | E10: =IFERROR((VLOOKUP(B10,'Origem '!$A$1:$H$1002,4,0)*'Mark Up '!$C$2),"X") -> 5345.34 | F10: =IFERROR((VLOOKUP(B10,'Origem '!$A$1:$H$1002,5,0)*'Mark Up '!$C$2),"X") -> 6255.48 | G10: =IFERROR((VLOOKUP(B10,'Origem '!$A$1:$H$1002,6,0)*'Mark Up '!$C$2),"X") -> 6504.96 | H10: =IFERROR((VLOOKUP(B10,'Origem '!$A$1:$H$1002,7,0)*'Mark Up '!$C$2),"X") -> 7063.98 | I10: =IFERROR((VLOOKUP(B10,'Origem '!$A$1:$H$1002,8,0)*'Mark Up '!$C$2),"X") -> 8066.52
B11: 11460-3 | C11: Mesa Lateral Alba TP.Redondo (Vidro Somente No Aplique) | D11: 0,60 Ø X 0,50 | E11: =IFERROR((VLOOKUP(B11,'Origem '!$A$1:$H$1002,4,0)*'Mark Up '!$C$2),"X") -> 5257.56 | F11: =IFERROR((VLOOKUP(B11,'Origem '!$A$1:$H$1002,5,0)*'Mark Up '!$C$2),"X") -> 6015.24 | G11: =IFERROR((VLOOKUP(B11,'Origem '!$A$1:$H$1002,6,0)*'Mark Up '!$C$2),"X") -> 6269.34 | H11: =IFERROR((VLOOKUP(B11,'Origem '!$A$1:$H$1002,7,0)*'Mark Up '!$C$2),"X") -> 6735.96 | I11: =IFERROR((VLOOKUP(B11,'Origem '!$A$1:$H$1002,8,0)*'Mark Up '!$C$2),"X") -> 7595.28
B12: 11460-16 | C12: Mesa Centro Alba (Se com vidro, sem detalhe no Tampo) | D12: 1,20 X 0,60 X 0,33 | E12: =IFERROR((VLOOKUP(B12,'Origem '!$A$1:$H$1002,4,0)*'Mark Up '!$C$2),"X") -> 6888.42 | F12: =IFERROR((VLOOKUP(B12,'Origem '!$A$1:$H$1002,5,0)*'Mark Up '!$C$2),"X") -> 7318.08 | G12: =IFERROR((VLOOKUP(B12,'Origem '!$A$1:$H$1002,6,0)*'Mark Up '!$C$2),"X") -> 7997.22 | H12: =IFERROR((VLOOKUP(B12,'Origem '!$A$1:$H$1002,7,0)*'Mark Up '!$C$2),"X") -> 8255.94 | I12: =IFERROR((VLOOKUP(B12,'Origem '!$A$1:$H$1002,8,0)*'Mark Up '!$C$2),"X") -> 9337.02
B13: 11460-18 | C13: Mesa Centro Alba (Se com vidro, sem detalhe no Tampo) | D13: 1,40 X 0,70 X 0,33 | E13: =IFERROR((VLOOKUP(B13,'Origem '!$A$1:$H$1002,4,0)*'Mark Up '!$C$2),"X") -> 8149.68 | F13: =IFERROR((VLOOKUP(B13,'Origem '!$A$1:$H$1002,5,0)*'Mark Up '!$C$2),"X") -> 8496.18 | G13: =IFERROR((VLOOKUP(B13,'Origem '!$A$1:$H$1002,6,0)*'Mark Up '!$C$2),"X") -> 9323.16 | H13: =IFERROR((VLOOKUP(B13,'Origem '!$A$1:$H$1002,7,0)*'Mark Up '!$C$2),"X") -> 9614.22 | I13: =IFERROR((VLOOKUP(B13,'Origem '!$A$1:$H$1002,8,0)*'Mark Up '!$C$2),"X") -> 11023.32
B14: 11460-20 | C14: Mesa Centro Alba (Se com vidro, sem detalhe no Tampo) | D14: 1,60 X 0,70 X 0,33 | E14: =IFERROR((VLOOKUP(B14,'Origem '!$A$1:$H$1002,4,0)*'Mark Up '!$C$2),"X") -> 8902.74 | F14: =IFERROR((VLOOKUP(B14,'Origem '!$A$1:$H$1002,5,0)*'Mark Up '!$C$2),"X") -> 9230.76 | G14: =IFERROR((VLOOKUP(B14,'Origem '!$A$1:$H$1002,6,0)*'Mark Up '!$C$2),"X") -> 10136.28 | H14: =IFERROR((VLOOKUP(B14,'Origem '!$A$1:$H$1002,7,0)*'Mark Up '!$C$2),"X") -> 10330.32 | I14: =IFERROR((VLOOKUP(B14,'Origem '!$A$1:$H$1002,8,0)*'Mark Up '!$C$2),"X") -> 12012
B15: 11460-22 | C15: Mesa Centro Alba (Se com vidro, sem detalhe no Tampo) | D15: 1,80 X 0,70 X 0,33 | E15: =IFERROR((VLOOKUP(B15,'Origem '!$A$1:$H$1002,4,0)*'Mark Up '!$C$2),"X") -> 9665.04 | F15: =IFERROR((VLOOKUP(B15,'Origem '!$A$1:$H$1002,5,0)*'Mark Up '!$C$2),"X") -> 9923.76 | G15: =IFERROR((VLOOKUP(B15,'Origem '!$A$1:$H$1002,6,0)*'Mark Up '!$C$2),"X") -> 10843.14 | H15: =IFERROR((VLOOKUP(B15,'Origem '!$A$1:$H$1002,7,0)*'Mark Up '!$C$2),"X") -> 11111.1 | I15: =IFERROR((VLOOKUP(B15,'Origem '!$A$1:$H$1002,8,0)*'Mark Up '!$C$2),"X") -> 12843.6
A16: ANGRA | B16: 10808-1 | C16: Mesa Centro/Lateral Angra (tp orgânico) pés metal | D16: 0,56 x 0,38 x 0,30 | E16: =IFERROR((VLOOKUP(B16,'Origem '!$A$1:$H$1002,4,0)*'Mark Up '!$C$2),"X") -> 3446.52 | F16: =IFERROR((VLOOKUP(B16,'Origem '!$A$1:$H$1002,5,0)*'Mark Up '!$C$2),"X") -> 3705.24 | G16: =IFERROR((VLOOKUP(B16,'Origem '!$A$1:$H$1002,6,0)*'Mark Up '!$C$2),"X") -> 4107.18 | H16: =IFERROR((VLOOKUP(B16,'Origem '!$A$1:$H$1002,7,0)*'Mark Up '!$C$2),"X") -> 4231.92 | I16: =IFERROR((VLOOKUP(B16,'Origem '!$A$1:$H$1002,8,0)*'Mark Up '!$C$2),"X") -> 4315.08
B17: 10808-2 | C17: Mesa Centro/Lateral Angra (tp orgânico) pés metal | D17: 0,56 x 0,38 x 0,35 | E17: =IFERROR((VLOOKUP(B17,'Origem '!$A$1:$H$1002,4,0)*'Mark Up '!$C$2),"X") -> 3562.02 | F17: =IFERROR((VLOOKUP(B17,'Origem '!$A$1:$H$1002,5,0)*'Mark Up '!$C$2),"X") -> 3723.72 | G17: =IFERROR((VLOOKUP(B17,'Origem '!$A$1:$H$1002,6,0)*'Mark Up '!$C$2),"X") -> 4125.66 | H17: =IFERROR((VLOOKUP(B17,'Origem '!$A$1:$H$1002,7,0)*'Mark Up '!$C$2),"X") -> 4218.06 | I17: =IFERROR((VLOOKUP(B17,'Origem '!$A$1:$H$1002,8,0)*'Mark Up '!$C$2),"X") -> 4310.46
B18: 10808-3 | C18: Mesa Lateral Angra (tp orgânico) pés metal | D18: 0,56 x 0,38 x 0,50 | E18: =IFERROR((VLOOKUP(B18,'Origem '!$A$1:$H$1002,4,0)*'Mark Up '!$C$2),"X") -> 3626.7 | F18: =IFERROR((VLOOKUP(B18,'Origem '!$A$1:$H$1002,5,0)*'Mark Up '!$C$2),"X") -> 3760.68 | G18: =IFERROR((VLOOKUP(B18,'Origem '!$A$1:$H$1002,6,0)*'Mark Up '!$C$2),"X") -> 4158 | H18: =IFERROR((VLOOKUP(B18,'Origem '!$A$1:$H$1002,7,0)*'Mark Up '!$C$2),"X") -> 4282.74 | I18: =IFERROR((VLOOKUP(B18,'Origem '!$A$1:$H$1002,8,0)*'Mark Up '!$C$2),"X") -> 4375.14
B19: 10808-4 | C19: Mesa Lateral Angra (tp orgânico) pés metal | D19: 0,56 x 0,38 x 0,60 | E19: =IFERROR((VLOOKUP(B19,'Origem '!$A$1:$H$1002,4,0)*'Mark Up '!$C$2),"X") -> 3709.86 | F19: =IFERROR((VLOOKUP(B19,'Origem '!$A$1:$H$1002,5,0)*'Mark Up '!$C$2),"X") -> 3829.98 | G19: =IFERROR((VLOOKUP(B19,'Origem '!$A$1:$H$1002,6,0)*'Mark Up '!$C$2),"X") -> 4236.54 | H19: =IFERROR((VLOOKUP(B19,'Origem '!$A$1:$H$1002,7,0)*'Mark Up '!$C$2),"X") -> 4365.9 | I19: =IFERROR((VLOOKUP(B19,'Origem '!$A$1:$H$1002,8,0)*'Mark Up '!$C$2),"X") -> 4458.3
A20: ATLAS | B20: 3178-3 | C20: Mesa Lateral Atlas | D20: 0,90 X 0,34 X 0,63 | E20: =IFERROR((VLOOKUP(B20,'Origem '!$A$1:$H$1002,4,0)*'Mark Up '!$C$2),"X") -> 6250.86 | F20: =IFERROR((VLOOKUP(B20,'Origem '!$A$1:$H$1002,5,0)*'Mark Up '!$C$2),"X") -> 6592.74 | G20: =IFERROR((VLOOKUP(B20,'Origem '!$A$1:$H$1002,6,0)*'Mark Up '!$C$2),"X") -> 6754.44 | H20: =IFERROR((VLOOKUP(B20,'Origem '!$A$1:$H$1002,7,0)*'Mark Up '!$C$2),"X") -> 7013.16 | I20: =IFERROR((VLOOKUP(B20,'Origem '!$A$1:$H$1002,8,0)*'Mark Up '!$C$2),"X") -> X
A21: ARLES | B21: 10908-3 | C21: Mesa Lateral Arles, pés de metal | D21: 0,90 x 0,37 x 0,60 | E21: =IFERROR((VLOOKUP(B21,'Origem '!$A$1:$H$1002,4,0)*'Mark Up '!$C$2),"X") -> 6181.56 | F21: =IFERROR((VLOOKUP(B21,'Origem '!$A$1:$H$1002,5,0)*'Mark Up '!$C$2),"X") -> 6463.38 | G21: =IFERROR((VLOOKUP(B21,'Origem '!$A$1:$H$1002,6,0)*'Mark Up '!$C$2),"X") -> 6985.44 | H21: =IFERROR((VLOOKUP(B21,'Origem '!$A$1:$H$1002,7,0)*'Mark Up '!$C$2),"X") -> 7207.2 | I21: =IFERROR((VLOOKUP(B21,'Origem '!$A$1:$H$1002,8,0)*'Mark Up '!$C$2),"X") -> 7456.68
B22: 10908-1 | C22: Mesa Lateral Arles, pés de metal | D22: 0,60 x 0,37 x 0,60 | E22: =IFERROR((VLOOKUP(B22,'Origem '!$A$1:$H$1002,4,0)*'Mark Up '!$C$2),"X") -> 6103.02 | F22: =IFERROR((VLOOKUP(B22,'Origem '!$A$1:$H$1002,5,0)*'Mark Up '!$C$2),"X") -> 6172.32 | G22: =IFERROR((VLOOKUP(B22,'Origem '!$A$1:$H$1002,6,0)*'Mark Up '!$C$2),"X") -> 6735.96 | H22: =IFERROR((VLOOKUP(B22,'Origem '!$A$1:$H$1002,7,0)*'Mark Up '!$C$2),"X") -> 6943.86 | I22: =IFERROR((VLOOKUP(B22,'Origem '!$A$1:$H$1002,8,0)*'Mark Up '!$C$2),"X") -> 7221.06
A23: AUSTIN | B23: 9308-1 | C23: Mesa Lateral Austin (se laca brilho somente c/ VD), haste metal | D23: 0,41 Ø 0,53 alt | E23: =IFERROR((VLOOKUP(B23,'Origem '!$A$1:$H$1002,4,0)*'Mark Up '!$C$2),"X") -> 4689.3 | F23: =IFERROR((VLOOKUP(B23,'Origem '!$A$1:$H$1002,5,0)*'Mark Up '!$C$2),"X") -> 4984.98 | G23: =IFERROR((VLOOKUP(B23,'Origem '!$A$1:$H$1002,6,0)*'Mark Up '!$C$2),"X") -> 5377.68 | H23: =IFERROR((VLOOKUP(B23,'Origem '!$A$1:$H$1002,7,0)*'Mark Up '!$C$2),"X") -> 5539.38 | I23: =IFERROR((VLOOKUP(B23,'Origem '!$A$1:$H$1002,8,0)*'Mark Up '!$C$2),"X") -> 5664.12
B24: 9308-2 | C24: Mesa Lateral Austin (se laca brilho somente c/ VD), haste metal | D24: 0,41 Ø 0,63 alt | E24: =IFERROR((VLOOKUP(B24,'Origem '!$A$1:$H$1002,4,0)*'Mark Up '!$C$2),"X") -> 4786.32 | F24: =IFERROR((VLOOKUP(B24,'Origem '!$A$1:$H$1002,5,0)*'Mark Up '!$C$2),"X") -> 5086.62 | G24: =IFERROR((VLOOKUP(B24,'Origem '!$A$1:$H$1002,6,0)*'Mark Up '!$C$2),"X") -> 5474.7 | H24: =IFERROR((VLOOKUP(B24,'Origem '!$A$1:$H$1002,7,0)*'Mark Up '!$C$2),"X") -> 5645.64 | I24: =IFERROR((VLOOKUP(B24,'Origem '!$A$1:$H$1002,8,0)*'Mark Up '!$C$2),"X") -> 5775
A25: BASKA | B25: 3278-3 | C25: Mesa Lateral Baska | D25: 0,45 Ø X 0,55 | E25: =IFERROR((VLOOKUP(B25,'Origem '!$A$1:$H$1002,4,0)*'Mark Up '!$C$2),"X") -> 5123.58 | F25: =IFERROR((VLOOKUP(B25,'Origem '!$A$1:$H$1002,5,0)*'Mark Up '!$C$2),"X") -> 5382.3 | G25: =IFERROR((VLOOKUP(B25,'Origem '!$A$1:$H$1002,6,0)*'Mark Up '!$C$2),"X") -> 5677.98 | H25: =IFERROR((VLOOKUP(B25,'Origem '!$A$1:$H$1002,7,0)*'Mark Up '!$C$2),"X") -> 5798.1 | I25: =IFERROR((VLOOKUP(B25,'Origem '!$A$1:$H$1002,8,0)*'Mark Up '!$C$2),"X") -> X
B26: 3278-4 | C26: Mesa Lateral Baska | D26: 0,48 Ø X 0,63 | E26: =IFERROR((VLOOKUP(B26,'Origem '!$A$1:$H$1002,4,0)*'Mark Up '!$C$2),"X") -> 5770.38 | F26: =IFERROR((VLOOKUP(B26,'Origem '!$A$1:$H$1002,5,0)*'Mark Up '!$C$2),"X") -> 5835.06 | G26: =IFERROR((VLOOKUP(B26,'Origem '!$A$1:$H$1002,6,0)*'Mark Up '!$C$2),"X") -> 6195.42 | H26: =IFERROR((VLOOKUP(B26,'Origem '!$A$1:$H$1002,7,0)*'Mark Up '!$C$2),"X") -> 6301.68 | I26: =IFERROR((VLOOKUP(B26,'Origem '!$A$1:$H$1002,8,0)*'Mark Up '!$C$2),"X") -> X
A27: BARCELONA | B27: 8075-0 | C27: Mesa Lateral Barcelona (borda chanfrada) | D27: 0,80 Ø 0,63 alt | E27: =IFERROR((VLOOKUP(B27,'Origem '!$A$1:$H$1002,4,0)*'Mark Up '!$C$2),"X") -> 7835.52 | F27: =IFERROR((VLOOKUP(B27,'Origem '!$A$1:$H$1002,5,0)*'Mark Up '!$C$2),"X") -> 8163.54 | G27: =IFERROR((VLOOKUP(B27,'Origem '!$A$1:$H$1002,6,0)*'Mark Up '!$C$2),"X") -> 8962.8 | H27: =IFERROR((VLOOKUP(B27,'Origem '!$A$1:$H$1002,7,0)*'Mark Up '!$C$2),"X") -> 9240 | I27: =IFERROR((VLOOKUP(B27,'Origem '!$A$1:$H$1002,8,0)*'Mark Up '!$C$2),"X") -> 10459.68
B28: 8075-1 | C28: Mesa Lateral Barcelona (borda chanfrada) | D28: 0,50 Ø 0,50 alt | E28: =IFERROR((VLOOKUP(B28,'Origem '!$A$1:$H$1002,4,0)*'Mark Up '!$C$2),"X") -> 5128.2 | F28: =IFERROR((VLOOKUP(B28,'Origem '!$A$1:$H$1002,5,0)*'Mark Up '!$C$2),"X") -> 5451.6 | G28: =IFERROR((VLOOKUP(B28,'Origem '!$A$1:$H$1002,6,0)*'Mark Up '!$C$2),"X") -> 6130.74 | H28: =IFERROR((VLOOKUP(B28,'Origem '!$A$1:$H$1002,7,0)*'Mark Up '!$C$2),"X") -> 6315.54 | I28: =IFERROR((VLOOKUP(B28,'Origem '!$A$1:$H$1002,8,0)*'Mark Up '!$C$2),"X") -> 6782.16
B29: 8075-2 | C29: Mesa Lateral Barcelona (borda chanfrada) | D29: 0,60 Ø 0,60 alt | E29: =IFERROR((VLOOKUP(B29,'Origem '!$A$1:$H$1002,4,0)*'Mark Up '!$C$2),"X") -> 5765.76 | F29: =IFERROR((VLOOKUP(B29,'Origem '!$A$1:$H$1002,5,0)*'Mark Up '!$C$2),"X") -> 6264.72 | G29: =IFERROR((VLOOKUP(B29,'Origem '!$A$1:$H$1002,6,0)*'Mark Up '!$C$2),"X") -> 6856.08 | H29: =IFERROR((VLOOKUP(B29,'Origem '!$A$1:$H$1002,7,0)*'Mark Up '!$C$2),"X") -> 7073.22 | I29: =IFERROR((VLOOKUP(B29,'Origem '!$A$1:$H$1002,8,0)*'Mark Up '!$C$2),"X") -> 7927.92
B30: 8075-3 | C30: Mesa Lateral Barcelona (borda chanfrada) | D30: 0,70 Ø 0,70 alt | E30: =IFERROR((VLOOKUP(B30,'Origem '!$A$1:$H$1002,4,0)*'Mark Up '!$C$2),"X") -> 6634.32 | F30: =IFERROR((VLOOKUP(B30,'Origem '!$A$1:$H$1002,5,0)*'Mark Up '!$C$2),"X") -> 7137.9 | G30: =IFERROR((VLOOKUP(B30,'Origem '!$A$1:$H$1002,6,0)*'Mark Up '!$C$2),"X") -> 7890.96 | H30: =IFERROR((VLOOKUP(B30,'Origem '!$A$1:$H$1002,7,0)*'Mark Up '!$C$2),"X") -> 8135.82 | I30: =IFERROR((VLOOKUP(B30,'Origem '!$A$1:$H$1002,8,0)*'Mark Up '!$C$2),"X") -> 8898.12
A31: BEETHOVEN | B31: 9228-1 | C31: Mesa Lateral Beethoven (se laca brilho somente c/ VD), base metal | D31: 0,61 x 0,31 x 0,50 | E31: =IFERROR((VLOOKUP(B31,'Origem '!$A$1:$H$1002,4,0)*'Mark Up '!$C$2),"X") -> 4375.14 | F31: =IFERROR((VLOOKUP(B31,'Origem '!$A$1:$H$1002,5,0)*'Mark Up '!$C$2),"X") -> 4583.04 | G31: =IFERROR((VLOOKUP(B31,'Origem '!$A$1:$H$1002,6,0)*'Mark Up '!$C$2),"X") -> 4924.92 | H31: =IFERROR((VLOOKUP(B31,'Origem '!$A$1:$H$1002,7,0)*'Mark Up '!$C$2),"X") -> 5077.38 | I31: =IFERROR((VLOOKUP(B31,'Origem '!$A$1:$H$1002,8,0)*'Mark Up '!$C$2),"X") -> 5188.26
B32: 9228-2 | C32: Mesa Lateral Beethoven (se laca brilho somente c/ VD), base metal | D32: 0,61 x 0,36 x 0,60 | E32: =IFERROR((VLOOKUP(B32,'Origem '!$A$1:$H$1002,4,0)*'Mark Up '!$C$2),"X") -> 4550.7 | F32: =IFERROR((VLOOKUP(B32,'Origem '!$A$1:$H$1002,5,0)*'Mark Up '!$C$2),"X") -> 4753.98 | G32: =IFERROR((VLOOKUP(B32,'Origem '!$A$1:$H$1002,6,0)*'Mark Up '!$C$2),"X") -> 5128.2 | H32: =IFERROR((VLOOKUP(B32,'Origem '!$A$1:$H$1002,7,0)*'Mark Up '!$C$2),"X") -> 5276.04 | I32: =IFERROR((VLOOKUP(B32,'Origem '!$A$1:$H$1002,8,0)*'Mark Up '!$C$2),"X") -> 5396.16
A33: BETA | B33: 4316-5 | C33: Mesa Centro Beta (vidro 6mm) | D33: 1,20 x 0,60 x 0,30 | E33: =IFERROR((VLOOKUP(B33,'Origem '!$A$1:$H$1002,4,0)*'Mark Up '!$C$2),"X") -> 8510.04 | F33: =IFERROR((VLOOKUP(B33,'Origem '!$A$1:$H$1002,5,0)*'Mark Up '!$C$2),"X") -> 9706.62 | G33: =IFERROR((VLOOKUP(B33,'Origem '!$A$1:$H$1002,6,0)*'Mark Up '!$C$2),"X") -> 10801.56 | H33: =IFERROR((VLOOKUP(B33,'Origem '!$A$1:$H$1002,7,0)*'Mark Up '!$C$2),"X") -> 11129.58 | I33: =IFERROR((VLOOKUP(B33,'Origem '!$A$1:$H$1002,8,0)*'Mark Up '!$C$2),"X") -> X
B34: 4316-7 | C34: Mesa Centro Beta (vidro 6mm) | D34: 1,40 x 0,70 x 0,30 | E34: =IFERROR((VLOOKUP(B34,'Origem '!$A$1:$H$1002,4,0)*'Mark Up '!$C$2),"X") -> 10307.22 | F34: =IFERROR((VLOOKUP(B34,'Origem '!$A$1:$H$1002,5,0)*'Mark Up '!$C$2),"X") -> 11027.94 | G34: =IFERROR((VLOOKUP(B34,'Origem '!$A$1:$H$1002,6,0)*'Mark Up '!$C$2),"X") -> 12058.2 | H34: =IFERROR((VLOOKUP(B34,'Origem '!$A$1:$H$1002,7,0)*'Mark Up '!$C$2),"X") -> 12427.8 | I34: =IFERROR((VLOOKUP(B34,'Origem '!$A$1:$H$1002,8,0)*'Mark Up '!$C$2),"X") -> X
B35: 4316-8 | C35: Mesa Centro Beta (vidro 6mm) | D35: 1,60 x 0,80 x 0,30 | E35: =IFERROR((VLOOKUP(B35,'Origem '!$A$1:$H$1002,4,0)*'Mark Up '!$C$2),"X") -> 10496.64 | F35: =IFERROR((VLOOKUP(B35,'Origem '!$A$1:$H$1002,5,0)*'Mark Up '!$C$2),"X") -> 11573.1 | G35: =IFERROR((VLOOKUP(B35,'Origem '!$A$1:$H$1002,6,0)*'Mark Up '!$C$2),"X") -> 12765.06 | H35: =IFERROR((VLOOKUP(B35,'Origem '!$A$1:$H$1002,7,0)*'Mark Up '!$C$2),"X") -> 13157.76 | I35: =IFERROR((VLOOKUP(B35,'Origem '!$A$1:$H$1002,8,0)*'Mark Up '!$C$2),"X") -> X
A36: BENIN | B36: 11470-0 | C36: Mesa Centro Benin | D36: 0,60 X 0,40 X 0,30 | E36: =IFERROR((VLOOKUP(B36,'Origem '!$A$1:$H$1002,4,0)*'Mark Up '!$C$2),"X") -> 4763.22 | F36: =IFERROR((VLOOKUP(B36,'Origem '!$A$1:$H$1002,5,0)*'Mark Up '!$C$2),"X") -> 4934.16 | G36: =IFERROR((VLOOKUP(B36,'Origem '!$A$1:$H$1002,6,0)*'Mark Up '!$C$2),"X") -> 5386.92 | H36: =IFERROR((VLOOKUP(B36,'Origem '!$A$1:$H$1002,7,0)*'Mark Up '!$C$2),"X") -> 5650.26 | I36: =IFERROR((VLOOKUP(B36,'Origem '!$A$1:$H$1002,8,0)*'Mark Up '!$C$2),"X") -> 6024.48
B37: 11470-1 | C37: Mesa Centro Benin | D37: 0,90 X 0,60 X 0,33 | E37: =IFERROR((VLOOKUP(B37,'Origem '!$A$1:$H$1002,4,0)*'Mark Up '!$C$2),"X") -> 6098.4 | F37: =IFERROR((VLOOKUP(B37,'Origem '!$A$1:$H$1002,5,0)*'Mark Up '!$C$2),"X") -> 6320.16 | G37: =IFERROR((VLOOKUP(B37,'Origem '!$A$1:$H$1002,6,0)*'Mark Up '!$C$2),"X") -> 7091.7 | H37: =IFERROR((VLOOKUP(B37,'Origem '!$A$1:$H$1002,7,0)*'Mark Up '!$C$2),"X") -> 7502.88 | I37: =IFERROR((VLOOKUP(B37,'Origem '!$A$1:$H$1002,8,0)*'Mark Up '!$C$2),"X") -> 8556.24
B38: 11470-16 | C38: Mesa Centro Benin | D38: 1,20 X 0,60 X 0,33 | E38: =IFERROR((VLOOKUP(B38,'Origem '!$A$1:$H$1002,4,0)*'Mark Up '!$C$2),"X") -> 6759.06 | F38: =IFERROR((VLOOKUP(B38,'Origem '!$A$1:$H$1002,5,0)*'Mark Up '!$C$2),"X") -> 7013.16 | G38: =IFERROR((VLOOKUP(B38,'Origem '!$A$1:$H$1002,6,0)*'Mark Up '!$C$2),"X") -> 7821.66 | H38: =IFERROR((VLOOKUP(B38,'Origem '!$A$1:$H$1002,7,0)*'Mark Up '!$C$2),"X") -> 8459.22 | I38: =IFERROR((VLOOKUP(B38,'Origem '!$A$1:$H$1002,8,0)*'Mark Up '!$C$2),"X") -> 10237.92
B39: 11470-18 | C39: Mesa Centro Benin | D39: 1,40 X 0,70 X 0,33 | E39: =IFERROR((VLOOKUP(B39,'Origem '!$A$1:$H$1002,4,0)*'Mark Up '!$C$2),"X") -> 7946.4 | F39: =IFERROR((VLOOKUP(B39,'Origem '!$A$1:$H$1002,5,0)*'Mark Up '!$C$2),"X") -> 8126.58 | G39: =IFERROR((VLOOKUP(B39,'Origem '!$A$1:$H$1002,6,0)*'Mark Up '!$C$2),"X") -> 9267.72 | H39: =IFERROR((VLOOKUP(B39,'Origem '!$A$1:$H$1002,7,0)*'Mark Up '!$C$2),"X") -> 10034.64 | I39: =IFERROR((VLOOKUP(B39,'Origem '!$A$1:$H$1002,8,0)*'Mark Up '!$C$2),"X") -> 11309.76
B40: 11470-20 | C40: Mesa Centro Benin | D40: 1,60 X 0,70 X 0,33 | E40: =IFERROR((VLOOKUP(B40,'Origem '!$A$1:$H$1002,4,0)*'Mark Up '!$C$2),"X") -> 8574.72 | F40: =IFERROR((VLOOKUP(B40,'Origem '!$A$1:$H$1002,5,0)*'Mark Up '!$C$2),"X") -> 8764.14 | G40: =IFERROR((VLOOKUP(B40,'Origem '!$A$1:$H$1002,6,0)*'Mark Up '!$C$2),"X") -> 10066.98 | H40: =IFERROR((VLOOKUP(B40,'Origem '!$A$1:$H$1002,7,0)*'Mark Up '!$C$2),"X") -> 10912.44 | I40: =IFERROR((VLOOKUP(B40,'Origem '!$A$1:$H$1002,8,0)*'Mark Up '!$C$2),"X") -> 13559.7
B41: 11470-22 | C41: Mesa Centro Benin | D41: 1,80 X 0,80 X 0,33 | E41: =IFERROR((VLOOKUP(B41,'Origem '!$A$1:$H$1002,4,0)*'Mark Up '!$C$2),"X") -> 10515.12 | F41: =IFERROR((VLOOKUP(B41,'Origem '!$A$1:$H$1002,5,0)*'Mark Up '!$C$2),"X") -> 10727.64 | G41: =IFERROR((VLOOKUP(B41,'Origem '!$A$1:$H$1002,6,0)*'Mark Up '!$C$2),"X") -> 11554.62 | H41: =IFERROR((VLOOKUP(B41,'Origem '!$A$1:$H$1002,7,0)*'Mark Up '!$C$2),"X") -> 12501.72 | I41: =IFERROR((VLOOKUP(B41,'Origem '!$A$1:$H$1002,8,0)*'Mark Up '!$C$2),"X") -> 15855.84
A42: BOCCA | B42: 8580-0 | C42: Mesa Centro Bocca - ( lisa) | D42: 0,70 Ø 0,20 alt | E42: =IFERROR((VLOOKUP(B42,'Origem '!$A$1:$H$1002,4,0)*'Mark Up '!$C$2),"X") -> 5687.22 | F42: =IFERROR((VLOOKUP(B42,'Origem '!$A$1:$H$1002,5,0)*'Mark Up '!$C$2),"X") -> 6431.04 | G42: =IFERROR((VLOOKUP(B42,'Origem '!$A$1:$H$1002,6,0)*'Mark Up '!$C$2),"X") -> 7073.22 | H42: =IFERROR((VLOOKUP(B42,'Origem '!$A$1:$H$1002,7,0)*'Mark Up '!$C$2),"X") -> 7281.12 | I42: =IFERROR((VLOOKUP(B42,'Origem '!$A$1:$H$1002,8,0)*'Mark Up '!$C$2),"X") -> 7683.06
B43: 8580-1 | C43: Mesa Centro Bocca - ( lisa) | D43: 0,90 Ø 0,25 alt | E43: =IFERROR((VLOOKUP(B43,'Origem '!$A$1:$H$1002,4,0)*'Mark Up '!$C$2),"X") -> 7627.62 | F43: =IFERROR((VLOOKUP(B43,'Origem '!$A$1:$H$1002,5,0)*'Mark Up '!$C$2),"X") -> 8394.54 | G43: =IFERROR((VLOOKUP(B43,'Origem '!$A$1:$H$1002,6,0)*'Mark Up '!$C$2),"X") -> 9512.58 | H43: =IFERROR((VLOOKUP(B43,'Origem '!$A$1:$H$1002,7,0)*'Mark Up '!$C$2),"X") -> 9803.64 | I43: =IFERROR((VLOOKUP(B43,'Origem '!$A$1:$H$1002,8,0)*'Mark Up '!$C$2),"X") -> 10228.68
B44: 8580-7 | C44: Mesa Centro Bocca - ( lisa) | D44: 0,60 Ø 0,30 alt | E44: =IFERROR((VLOOKUP(B44,'Origem '!$A$1:$H$1002,4,0)*'Mark Up '!$C$2),"X") -> 5091.24 | F44: =IFERROR((VLOOKUP(B44,'Origem '!$A$1:$H$1002,5,0)*'Mark Up '!$C$2),"X") -> 5516.28 | G44: =IFERROR((VLOOKUP(B44,'Origem '!$A$1:$H$1002,6,0)*'Mark Up '!$C$2),"X") -> 6172.32 | H44: =IFERROR((VLOOKUP(B44,'Origem '!$A$1:$H$1002,7,0)*'Mark Up '!$C$2),"X") -> 6477.24 | I44: =IFERROR((VLOOKUP(B44,'Origem '!$A$1:$H$1002,8,0)*'Mark Up '!$C$2),"X") -> 6662.04
B45: 8580-8 | C45: Mesa Centro Bocca - ( lisa) | D45: 0,80 Ø 0,30 alt | E45: =IFERROR((VLOOKUP(B45,'Origem '!$A$1:$H$1002,4,0)*'Mark Up '!$C$2),"X") -> 6916.14 | F45: =IFERROR((VLOOKUP(B45,'Origem '!$A$1:$H$1002,5,0)*'Mark Up '!$C$2),"X") -> 7401.24 | G45: =IFERROR((VLOOKUP(B45,'Origem '!$A$1:$H$1002,6,0)*'Mark Up '!$C$2),"X") -> 8634.78 | H45: =IFERROR((VLOOKUP(B45,'Origem '!$A$1:$H$1002,7,0)*'Mark Up '!$C$2),"X") -> 8893.5 | I45: =IFERROR((VLOOKUP(B45,'Origem '!$A$1:$H$1002,8,0)*'Mark Up '!$C$2),"X") -> 9263.1
B46: 8580-9 | C46: Mesa Centro Bocca - ( lisa) | D46: 0,90 Ø 0,30 alt | E46: =IFERROR((VLOOKUP(B46,'Origem '!$A$1:$H$1002,4,0)*'Mark Up '!$C$2),"X") -> 7793.94 | F46: =IFERROR((VLOOKUP(B46,'Origem '!$A$1:$H$1002,5,0)*'Mark Up '!$C$2),"X") -> 9568.02 | G46: =IFERROR((VLOOKUP(B46,'Origem '!$A$1:$H$1002,6,0)*'Mark Up '!$C$2),"X") -> 10676.82 | H46: =IFERROR((VLOOKUP(B46,'Origem '!$A$1:$H$1002,7,0)*'Mark Up '!$C$2),"X") -> 11004.84 | I46: =IFERROR((VLOOKUP(B46,'Origem '!$A$1:$H$1002,8,0)*'Mark Up '!$C$2),"X") -> 11688.6
B47: 8580-10 | C47: Mesa Centro Bocca - ( lisa) | D47: 1,20 Ø 0,30 alt | E47: =IFERROR((VLOOKUP(B47,'Origem '!$A$1:$H$1002,4,0)*'Mark Up '!$C$2),"X") -> 10658.34 | F47: =IFERROR((VLOOKUP(B47,'Origem '!$A$1:$H$1002,5,0)*'Mark Up '!$C$2),"X") -> 13213.2 | G47: =IFERROR((VLOOKUP(B47,'Origem '!$A$1:$H$1002,6,0)*'Mark Up '!$C$2),"X") -> 14003.22 | H47: =IFERROR((VLOOKUP(B47,'Origem '!$A$1:$H$1002,7,0)*'Mark Up '!$C$2),"X") -> 14432.88 | I47: =IFERROR((VLOOKUP(B47,'Origem '!$A$1:$H$1002,8,0)*'Mark Up '!$C$2),"X") -> 16391.76
B48: 8580-2 | C48: Mesa Centro Bocca (c/ 2 recortes) | D48: 0,90 Ø 0,25 alt | E48: =IFERROR((VLOOKUP(B48,'Origem '!$A$1:$H$1002,4,0)*'Mark Up '!$C$2),"X") -> 8750.28 | F48: =IFERROR((VLOOKUP(B48,'Origem '!$A$1:$H$1002,5,0)*'Mark Up '!$C$2),"X") -> 10122.42 | G48: =IFERROR((VLOOKUP(B48,'Origem '!$A$1:$H$1002,6,0)*'Mark Up '!$C$2),"X") -> 11476.08 | H48: =IFERROR((VLOOKUP(B48,'Origem '!$A$1:$H$1002,7,0)*'Mark Up '!$C$2),"X") -> 11827.2 | I48: =IFERROR((VLOOKUP(B48,'Origem '!$A$1:$H$1002,8,0)*'Mark Up '!$C$2),"X") -> 12621.84
B49: 8580-3 | C49: Mesa Centro Bocca (c/ 1 recorte) | D49: 0,90 Ø 0,25 alt | E49: =IFERROR((VLOOKUP(B49,'Origem '!$A$1:$H$1002,4,0)*'Mark Up '!$C$2),"X") -> 9106.02 | F49: =IFERROR((VLOOKUP(B49,'Origem '!$A$1:$H$1002,5,0)*'Mark Up '!$C$2),"X") -> 10344.18 | G49: =IFERROR((VLOOKUP(B49,'Origem '!$A$1:$H$1002,6,0)*'Mark Up '!$C$2),"X") -> 11360.58 | H49: =IFERROR((VLOOKUP(B49,'Origem '!$A$1:$H$1002,7,0)*'Mark Up '!$C$2),"X") -> 11707.08 | I49: =IFERROR((VLOOKUP(B49,'Origem '!$A$1:$H$1002,8,0)*'Mark Up '!$C$2),"X") -> 12524.82
B50: 8580-4 | C50: Mesa Centro Bocca (redonda/conj.2 pçs) - COR ÚNICA | D50: 1,30 x 0,90 x 0,25 | E50: =IFERROR((VLOOKUP(B50,'Origem '!$A$1:$H$1002,4,0)*'Mark Up '!$C$2),"X") -> 14793.24 | F50: =IFERROR((VLOOKUP(B50,'Origem '!$A$1:$H$1002,5,0)*'Mark Up '!$C$2),"X") -> 16775.22 | G50: =IFERROR((VLOOKUP(B50,'Origem '!$A$1:$H$1002,6,0)*'Mark Up '!$C$2),"X") -> 18433.8 | H50: =IFERROR((VLOOKUP(B50,'Origem '!$A$1:$H$1002,7,0)*'Mark Up '!$C$2),"X") -> 18988.2 | I50: =IFERROR((VLOOKUP(B50,'Origem '!$A$1:$H$1002,8,0)*'Mark Up '!$C$2),"X") -> 20207.88
B51: 8580-6 | C51: Mesa Centro Bocca (redonda/conj.3 pçs) - COR ÚNICA | D51: 1,70 x 0,90 x 0,25 | E51: =IFERROR((VLOOKUP(B51,'Origem '!$A$1:$H$1002,4,0)*'Mark Up '!$C$2),"X") -> 20124.72 | F51: =IFERROR((VLOOKUP(B51,'Origem '!$A$1:$H$1002,5,0)*'Mark Up '!$C$2),"X") -> 22984.5 | G51: =IFERROR((VLOOKUP(B51,'Origem '!$A$1:$H$1002,6,0)*'Mark Up '!$C$2),"X") -> 25622.52 | H51: =IFERROR((VLOOKUP(B51,'Origem '!$A$1:$H$1002,7,0)*'Mark Up '!$C$2),"X") -> 26389.44 | I51: =IFERROR((VLOOKUP(B51,'Origem '!$A$1:$H$1002,8,0)*'Mark Up '!$C$2),"X") -> 27987.96
A52: BOLOGNA | B52: 10038-8 | C52: Mesa Lateral Bologna Tp Red Bandeja Pés de Metal (se laca brilho somente c/ VD) | D52: 0,46 Ø 0,50 | E52: =IFERROR((VLOOKUP(B52,'Origem '!$A$1:$H$1002,4,0)*'Mark Up '!$C$2),"X") -> 5229.84 | F52: =IFERROR((VLOOKUP(B52,'Origem '!$A$1:$H$1002,5,0)*'Mark Up '!$C$2),"X") -> 5451.6 | G52: =IFERROR((VLOOKUP(B52,'Origem '!$A$1:$H$1002,6,0)*'Mark Up '!$C$2),"X") -> 6024.48 | H52: =IFERROR((VLOOKUP(B52,'Origem '!$A$1:$H$1002,7,0)*'Mark Up '!$C$2),"X") -> 6204.66 | I52: =IFERROR((VLOOKUP(B52,'Origem '!$A$1:$H$1002,8,0)*'Mark Up '!$C$2),"X") -> 6357.12
B53: 10038-12 | C53: Mesa Lateral Bologna Tp Red Bandeja Pés de Metal (se laca brilho somente c/ VD) | D53: 0,61 Ø 0,60 | E53: =IFERROR((VLOOKUP(B53,'Origem '!$A$1:$H$1002,4,0)*'Mark Up '!$C$2),"X") -> 6103.02 | F53: =IFERROR((VLOOKUP(B53,'Origem '!$A$1:$H$1002,5,0)*'Mark Up '!$C$2),"X") -> 6278.58 | G53: =IFERROR((VLOOKUP(B53,'Origem '!$A$1:$H$1002,6,0)*'Mark Up '!$C$2),"X") -> 6796.02 | H53: =IFERROR((VLOOKUP(B53,'Origem '!$A$1:$H$1002,7,0)*'Mark Up '!$C$2),"X") -> 7013.16 | I53: =IFERROR((VLOOKUP(B53,'Origem '!$A$1:$H$1002,8,0)*'Mark Up '!$C$2),"X") -> 7230.3
A54: BRISTOL | B54: 10088-8 | C54: Mesa Lateral Bristol Red Pés de Madeira com Det Metal (se laca brilho somente c/ VD) | D54: 0,49 Ø 0,50 | E54: =IFERROR((VLOOKUP(B54,'Origem '!$A$1:$H$1002,4,0)*'Mark Up '!$C$2),"X") -> 4920.3 | F54: =IFERROR((VLOOKUP(B54,'Origem '!$A$1:$H$1002,5,0)*'Mark Up '!$C$2),"X") -> 5174.4 | G54: =IFERROR((VLOOKUP(B54,'Origem '!$A$1:$H$1002,6,0)*'Mark Up '!$C$2),"X") -> 5580.96 | H54: =IFERROR((VLOOKUP(B54,'Origem '!$A$1:$H$1002,7,0)*'Mark Up '!$C$2),"X") -> 5751.9 | I54: =IFERROR((VLOOKUP(B54,'Origem '!$A$1:$H$1002,8,0)*'Mark Up '!$C$2),"X") -> X
B55: 10088-12 | C55: Mesa Lateral Bristol Red Pés de Madeira com Det Metal (se laca brilho somente c/ VD) | D55: 0,64 Ø 0,60 | E55: =IFERROR((VLOOKUP(B55,'Origem '!$A$1:$H$1002,4,0)*'Mark Up '!$C$2),"X") -> 6047.58 | F55: =IFERROR((VLOOKUP(B55,'Origem '!$A$1:$H$1002,5,0)*'Mark Up '!$C$2),"X") -> 6394.08 | G55: =IFERROR((VLOOKUP(B55,'Origem '!$A$1:$H$1002,6,0)*'Mark Up '!$C$2),"X") -> 7137.9 | H55: =IFERROR((VLOOKUP(B55,'Origem '!$A$1:$H$1002,7,0)*'Mark Up '!$C$2),"X") -> 7350.42 | I55: =IFERROR((VLOOKUP(B55,'Origem '!$A$1:$H$1002,8,0)*'Mark Up '!$C$2),"X") -> X
A56: CANNES | B56: 4667-1 | C56: Mesa Lateral Cannes (oval), haste metal | D56: 0,40 x 0,30 x 0,50 | E56: =IFERROR((VLOOKUP(B56,'Origem '!$A$1:$H$1002,4,0)*'Mark Up '!$C$2),"X") -> 3437.28 | F56: =IFERROR((VLOOKUP(B56,'Origem '!$A$1:$H$1002,5,0)*'Mark Up '!$C$2),"X") -> 3603.6 | G56: =IFERROR((VLOOKUP(B56,'Origem '!$A$1:$H$1002,6,0)*'Mark Up '!$C$2),"X") -> 4134.9 | H56: =IFERROR((VLOOKUP(B56,'Origem '!$A$1:$H$1002,7,0)*'Mark Up '!$C$2),"X") -> 4259.64 | I56: =IFERROR((VLOOKUP(B56,'Origem '!$A$1:$H$1002,8,0)*'Mark Up '!$C$2),"X") -> 4328.94
B57: 4667-2 | C57: Mesa Lateral Cannes (oval), haste metal | D57: 0,40 x 0,30 x 0,55 | E57: =IFERROR((VLOOKUP(B57,'Origem '!$A$1:$H$1002,4,0)*'Mark Up '!$C$2),"X") -> 3483.48 | F57: =IFERROR((VLOOKUP(B57,'Origem '!$A$1:$H$1002,5,0)*'Mark Up '!$C$2),"X") -> 3691.38 | G57: =IFERROR((VLOOKUP(B57,'Origem '!$A$1:$H$1002,6,0)*'Mark Up '!$C$2),"X") -> 4213.44 | H57: =IFERROR((VLOOKUP(B57,'Origem '!$A$1:$H$1002,7,0)*'Mark Up '!$C$2),"X") -> 4338.18 | I57: =IFERROR((VLOOKUP(B57,'Origem '!$A$1:$H$1002,8,0)*'Mark Up '!$C$2),"X") -> 4412.1
B58: 4668-0 | C58: Mesa Lateral Cannes, haste metal | D58: 0,30 Ø 0,50 alt | E58: =IFERROR((VLOOKUP(B58,'Origem '!$A$1:$H$1002,4,0)*'Mark Up '!$C$2),"X") -> 2984.52 | F58: =IFERROR((VLOOKUP(B58,'Origem '!$A$1:$H$1002,5,0)*'Mark Up '!$C$2),"X") -> 3331.02 | G58: =IFERROR((VLOOKUP(B58,'Origem '!$A$1:$H$1002,6,0)*'Mark Up '!$C$2),"X") -> 3779.16 | H58: =IFERROR((VLOOKUP(B58,'Origem '!$A$1:$H$1002,7,0)*'Mark Up '!$C$2),"X") -> 3843.84 | I58: =IFERROR((VLOOKUP(B58,'Origem '!$A$1:$H$1002,8,0)*'Mark Up '!$C$2),"X") -> 3927
B59: 4668-7 | C59: Mesa Lateral Cannes, haste metal | D59: 0,30 Ø 0,55 alt | E59: =IFERROR((VLOOKUP(B59,'Origem '!$A$1:$H$1002,4,0)*'Mark Up '!$C$2),"X") -> 3090.78 | F59: =IFERROR((VLOOKUP(B59,'Origem '!$A$1:$H$1002,5,0)*'Mark Up '!$C$2),"X") -> 3414.18 | G59: =IFERROR((VLOOKUP(B59,'Origem '!$A$1:$H$1002,6,0)*'Mark Up '!$C$2),"X") -> 3829.98 | H59: =IFERROR((VLOOKUP(B59,'Origem '!$A$1:$H$1002,7,0)*'Mark Up '!$C$2),"X") -> 3894.66 | I59: =IFERROR((VLOOKUP(B59,'Origem '!$A$1:$H$1002,8,0)*'Mark Up '!$C$2),"X") -> 3963.96
B60: 4668-8 | C60: Mesa Lateral Cannes, haste metal | D60: 0,30 Ø 0,61 alt | E60: =IFERROR((VLOOKUP(B60,'Origem '!$A$1:$H$1002,4,0)*'Mark Up '!$C$2),"X") -> 3238.62 | F60: =IFERROR((VLOOKUP(B60,'Origem '!$A$1:$H$1002,5,0)*'Mark Up '!$C$2),"X") -> 3626.7 | G60: =IFERROR((VLOOKUP(B60,'Origem '!$A$1:$H$1002,6,0)*'Mark Up '!$C$2),"X") -> 3982.44 | H60: =IFERROR((VLOOKUP(B60,'Origem '!$A$1:$H$1002,7,0)*'Mark Up '!$C$2),"X") -> 4060.98 | I60: =IFERROR((VLOOKUP(B60,'Origem '!$A$1:$H$1002,8,0)*'Mark Up '!$C$2),"X") -> 4130.28
A61: CAPRI | B61: 11218-3 | C61: Mesa Lateral Capri, haste metal (somente s/ VD) | D61: 0,30 Ø 0,60 alt | E61: =IFERROR((VLOOKUP(B61,'Origem '!$A$1:$H$1002,4,0)*'Mark Up '!$C$2),"X") -> 3585.12 | F61: =IFERROR((VLOOKUP(B61,'Origem '!$A$1:$H$1002,5,0)*'Mark Up '!$C$2),"X") -> 3769.92 | G61: =IFERROR((VLOOKUP(B61,'Origem '!$A$1:$H$1002,6,0)*'Mark Up '!$C$2),"X") -> 3959.34 | H61: =IFERROR((VLOOKUP(B61,'Origem '!$A$1:$H$1002,7,0)*'Mark Up '!$C$2),"X") -> 4005.54 | I61: =IFERROR((VLOOKUP(B61,'Origem '!$A$1:$H$1002,8,0)*'Mark Up '!$C$2),"X") -> 4093.32
B62: 11218-4 | C62: Mesa Lateral Capri, haste metal (somente s/ VD) | D62: 0,30 Ø 0,65 alt | E62: =IFERROR((VLOOKUP(B62,'Origem '!$A$1:$H$1002,4,0)*'Mark Up '!$C$2),"X") -> 3756.06 | F62: =IFERROR((VLOOKUP(B62,'Origem '!$A$1:$H$1002,5,0)*'Mark Up '!$C$2),"X") -> 3922.38 | G62: =IFERROR((VLOOKUP(B62,'Origem '!$A$1:$H$1002,6,0)*'Mark Up '!$C$2),"X") -> 4107.18 | H62: =IFERROR((VLOOKUP(B62,'Origem '!$A$1:$H$1002,7,0)*'Mark Up '!$C$2),"X") -> 4171.86 | I62: =IFERROR((VLOOKUP(B62,'Origem '!$A$1:$H$1002,8,0)*'Mark Up '!$C$2),"X") -> 4264.26
B63: 11218-5 | C63: Mesa Lateral Capri, haste metal (somente s/ VD) | D63: 0,30 Ø 0,70 alt | E63: =IFERROR((VLOOKUP(B63,'Origem '!$A$1:$H$1002,4,0)*'Mark Up '!$C$2),"X") -> 3843.84 | F63: =IFERROR((VLOOKUP(B63,'Origem '!$A$1:$H$1002,5,0)*'Mark Up '!$C$2),"X") -> 4097.94 | G63: =IFERROR((VLOOKUP(B63,'Origem '!$A$1:$H$1002,6,0)*'Mark Up '!$C$2),"X") -> 4282.74 | H63: =IFERROR((VLOOKUP(B63,'Origem '!$A$1:$H$1002,7,0)*'Mark Up '!$C$2),"X") -> 4356.66 | I63: =IFERROR((VLOOKUP(B63,'Origem '!$A$1:$H$1002,8,0)*'Mark Up '!$C$2),"X") -> 4444.44
A64: CARRARA | B64: 10348-6 | C64: Mesa Centro Carrara,Tp Bandeja (se laca brilho somente c/ VD) | D64: 0,41 Ø 0,35 | E64: =IFERROR((VLOOKUP(B64,'Origem '!$A$1:$H$1002,4,0)*'Mark Up '!$C$2),"X") -> 5687.22 | F64: =IFERROR((VLOOKUP(B64,'Origem '!$A$1:$H$1002,5,0)*'Mark Up '!$C$2),"X") -> 6514.2 | G64: =IFERROR((VLOOKUP(B64,'Origem '!$A$1:$H$1002,6,0)*'Mark Up '!$C$2),"X") -> 7188.72 | H64: =IFERROR((VLOOKUP(B64,'Origem '!$A$1:$H$1002,7,0)*'Mark Up '!$C$2),"X") -> 7401.24 | I64: =IFERROR((VLOOKUP(B64,'Origem '!$A$1:$H$1002,8,0)*'Mark Up '!$C$2),"X") -> 7604.52
B65: 10348-10 | C65: Mesa Centro Carrara,Tp Bandeja (se laca brilho somente c/ VD) | D65: 0,51 Ø 0,30 | E65: =IFERROR((VLOOKUP(B65,'Origem '!$A$1:$H$1002,4,0)*'Mark Up '!$C$2),"X") -> 6481.86 | F65: =IFERROR((VLOOKUP(B65,'Origem '!$A$1:$H$1002,5,0)*'Mark Up '!$C$2),"X") -> 6999.3 | G65: =IFERROR((VLOOKUP(B65,'Origem '!$A$1:$H$1002,6,0)*'Mark Up '!$C$2),"X") -> 7586.04 | H65: =IFERROR((VLOOKUP(B65,'Origem '!$A$1:$H$1002,7,0)*'Mark Up '!$C$2),"X") -> 7817.04 | I65: =IFERROR((VLOOKUP(B65,'Origem '!$A$1:$H$1002,8,0)*'Mark Up '!$C$2),"X") -> 8121.96
B66: 10348-12 | C66: Mesa Centro Carrara,Tp Bandeja (se laca brilho somente c/ VD) | D66: 0,61 Ø 0,28 | E66: =IFERROR((VLOOKUP(B66,'Origem '!$A$1:$H$1002,4,0)*'Mark Up '!$C$2),"X") -> 6976.2 | F66: =IFERROR((VLOOKUP(B66,'Origem '!$A$1:$H$1002,5,0)*'Mark Up '!$C$2),"X") -> 7692.3 | G66: =IFERROR((VLOOKUP(B66,'Origem '!$A$1:$H$1002,6,0)*'Mark Up '!$C$2),"X") -> 8195.88 | H66: =IFERROR((VLOOKUP(B66,'Origem '!$A$1:$H$1002,7,0)*'Mark Up '!$C$2),"X") -> 8380.68 | I66: =IFERROR((VLOOKUP(B66,'Origem '!$A$1:$H$1002,8,0)*'Mark Up '!$C$2),"X") -> 8801.1
A67: CENTURY | B67: 8590-0 | C67: Mesa Centro Century (cantos garrafa) | D67: 0,60 x 0,60 x 0,20 | E67: =IFERROR((VLOOKUP(B67,'Origem '!$A$1:$H$1002,4,0)*'Mark Up '!$C$2),"X") -> 4592.28 | F67: =IFERROR((VLOOKUP(B67,'Origem '!$A$1:$H$1002,5,0)*'Mark Up '!$C$2),"X") -> 5220.6 | G67: =IFERROR((VLOOKUP(B67,'Origem '!$A$1:$H$1002,6,0)*'Mark Up '!$C$2),"X") -> 6186.18 | H67: =IFERROR((VLOOKUP(B67,'Origem '!$A$1:$H$1002,7,0)*'Mark Up '!$C$2),"X") -> 6370.98 | I67: =IFERROR((VLOOKUP(B67,'Origem '!$A$1:$H$1002,8,0)*'Mark Up '!$C$2),"X") -> 6837.6
B68: 8590-1 | C68: Mesa Centro Century (cantos garrafa) | D68: 1,20 x 0,60 x 0,20 | E68: =IFERROR((VLOOKUP(B68,'Origem '!$A$1:$H$1002,4,0)*'Mark Up '!$C$2),"X") -> 7221.06 | F68: =IFERROR((VLOOKUP(B68,'Origem '!$A$1:$H$1002,5,0)*'Mark Up '!$C$2),"X") -> 7733.88 | G68: =IFERROR((VLOOKUP(B68,'Origem '!$A$1:$H$1002,6,0)*'Mark Up '!$C$2),"X") -> 9101.4 | H68: =IFERROR((VLOOKUP(B68,'Origem '!$A$1:$H$1002,7,0)*'Mark Up '!$C$2),"X") -> 9378.6 | I68: =IFERROR((VLOOKUP(B68,'Origem '!$A$1:$H$1002,8,0)*'Mark Up '!$C$2),"X") -> 10048.5
B69: 8590-2 | C69: Mesa Centro Century (cantos garrafa) | D69: 1,35 x 0,70 x 0,20 | E69: =IFERROR((VLOOKUP(B69,'Origem '!$A$1:$H$1002,4,0)*'Mark Up '!$C$2),"X") -> 8158.92 | F69: =IFERROR((VLOOKUP(B69,'Origem '!$A$1:$H$1002,5,0)*'Mark Up '!$C$2),"X") -> 8893.5 | G69: =IFERROR((VLOOKUP(B69,'Origem '!$A$1:$H$1002,6,0)*'Mark Up '!$C$2),"X") -> 10099.32 | H69: =IFERROR((VLOOKUP(B69,'Origem '!$A$1:$H$1002,7,0)*'Mark Up '!$C$2),"X") -> 10404.24 | I69: =IFERROR((VLOOKUP(B69,'Origem '!$A$1:$H$1002,8,0)*'Mark Up '!$C$2),"X") -> 11757.9
B70: 8590-3 | C70: Mesa Centro Century (cantos garrafa) | D70: 1,60 x 0,80 x 0,20 | E70: =IFERROR((VLOOKUP(B70,'Origem '!$A$1:$H$1002,4,0)*'Mark Up '!$C$2),"X") -> 9327.78 | F70: =IFERROR((VLOOKUP(B70,'Origem '!$A$1:$H$1002,5,0)*'Mark Up '!$C$2),"X") -> 10422.72 | G70: =IFERROR((VLOOKUP(B70,'Origem '!$A$1:$H$1002,6,0)*'Mark Up '!$C$2),"X") -> 11720.94 | H70: =IFERROR((VLOOKUP(B70,'Origem '!$A$1:$H$1002,7,0)*'Mark Up '!$C$2),"X") -> 12002.76 | I70: =IFERROR((VLOOKUP(B70,'Origem '!$A$1:$H$1002,8,0)*'Mark Up '!$C$2),"X") -> 13116.18
B71: 8590-5 | C71: Mesa Centro Century (cantos garrafa) | D71: 1,80 x 0,80 x 0,20 | E71: =IFERROR((VLOOKUP(B71,'Origem '!$A$1:$H$1002,4,0)*'Mark Up '!$C$2),"X") -> 9891.42 | F71: =IFERROR((VLOOKUP(B71,'Origem '!$A$1:$H$1002,5,0)*'Mark Up '!$C$2),"X") -> 11189.64 | G71: =IFERROR((VLOOKUP(B71,'Origem '!$A$1:$H$1002,6,0)*'Mark Up '!$C$2),"X") -> 12635.7 | H71: =IFERROR((VLOOKUP(B71,'Origem '!$A$1:$H$1002,7,0)*'Mark Up '!$C$2),"X") -> 13023.78 | I71: =IFERROR((VLOOKUP(B71,'Origem '!$A$1:$H$1002,8,0)*'Mark Up '!$C$2),"X") -> 14174.16
B72: 8596-1 | C72: Mesa Centro Century (cantos garrafa) | D72: 1,20 x 0,60 x 0,30 | E72: =IFERROR((VLOOKUP(B72,'Origem '!$A$1:$H$1002,4,0)*'Mark Up '!$C$2),"X") -> 7502.88 | F72: =IFERROR((VLOOKUP(B72,'Origem '!$A$1:$H$1002,5,0)*'Mark Up '!$C$2),"X") -> 8630.16 | G72: =IFERROR((VLOOKUP(B72,'Origem '!$A$1:$H$1002,6,0)*'Mark Up '!$C$2),"X") -> 9327.78 | H72: =IFERROR((VLOOKUP(B72,'Origem '!$A$1:$H$1002,7,0)*'Mark Up '!$C$2),"X") -> 9618.84 | I72: =IFERROR((VLOOKUP(B72,'Origem '!$A$1:$H$1002,8,0)*'Mark Up '!$C$2),"X") -> 10649.1
B73: 8596-2 | C73: Mesa Centro Century (cantos garrafa) | D73: 1,35 x 0,70 x 0,30 | E73: =IFERROR((VLOOKUP(B73,'Origem '!$A$1:$H$1002,4,0)*'Mark Up '!$C$2),"X") -> 8417.64 | F73: =IFERROR((VLOOKUP(B73,'Origem '!$A$1:$H$1002,5,0)*'Mark Up '!$C$2),"X") -> 9997.68 | G73: =IFERROR((VLOOKUP(B73,'Origem '!$A$1:$H$1002,6,0)*'Mark Up '!$C$2),"X") -> 11748.66 | H73: =IFERROR((VLOOKUP(B73,'Origem '!$A$1:$H$1002,7,0)*'Mark Up '!$C$2),"X") -> 12113.64 | I73: =IFERROR((VLOOKUP(B73,'Origem '!$A$1:$H$1002,8,0)*'Mark Up '!$C$2),"X") -> 13097.7
B74: 8596-3 | C74: Mesa Centro Century (cantos garrafa) | D74: 1,60 x 0,80 x 0,30 | E74: =IFERROR((VLOOKUP(B74,'Origem '!$A$1:$H$1002,4,0)*'Mark Up '!$C$2),"X") -> 10136.28 | F74: =IFERROR((VLOOKUP(B74,'Origem '!$A$1:$H$1002,5,0)*'Mark Up '!$C$2),"X") -> 11748.66 | G74: =IFERROR((VLOOKUP(B74,'Origem '!$A$1:$H$1002,6,0)*'Mark Up '!$C$2),"X") -> 12589.5 | H74: =IFERROR((VLOOKUP(B74,'Origem '!$A$1:$H$1002,7,0)*'Mark Up '!$C$2),"X") -> 12922.14 | I74: =IFERROR((VLOOKUP(B74,'Origem '!$A$1:$H$1002,8,0)*'Mark Up '!$C$2),"X") -> 14950.32
B75: 8596-5 | C75: Mesa Centro Century (cantos garrafa) | D75: 1,80 x 0,80 x 0,30 | E75: =IFERROR((VLOOKUP(B75,'Origem '!$A$1:$H$1002,4,0)*'Mark Up '!$C$2),"X") -> 11577.72 | F75: =IFERROR((VLOOKUP(B75,'Origem '!$A$1:$H$1002,5,0)*'Mark Up '!$C$2),"X") -> 13097.7 | G75: =IFERROR((VLOOKUP(B75,'Origem '!$A$1:$H$1002,6,0)*'Mark Up '!$C$2),"X") -> 14423.64 | H75: =IFERROR((VLOOKUP(B75,'Origem '!$A$1:$H$1002,7,0)*'Mark Up '!$C$2),"X") -> 14867.16 | I75: =IFERROR((VLOOKUP(B75,'Origem '!$A$1:$H$1002,8,0)*'Mark Up '!$C$2),"X") -> 17149.44
A76: CHESS | B76: 7688-1 | C76: Mesa Lateral Chess (haste metal) | D76: 0,30 Ø 0,50 alt | E76: =IFERROR((VLOOKUP(B76,'Origem '!$A$1:$H$1002,4,0)*'Mark Up '!$C$2),"X") -> 3885.42 | F76: =IFERROR((VLOOKUP(B76,'Origem '!$A$1:$H$1002,5,0)*'Mark Up '!$C$2),"X") -> 4134.9 | G76: =IFERROR((VLOOKUP(B76,'Origem '!$A$1:$H$1002,6,0)*'Mark Up '!$C$2),"X") -> 4486.02 | H76: =IFERROR((VLOOKUP(B76,'Origem '!$A$1:$H$1002,7,0)*'Mark Up '!$C$2),"X") -> 4624.62 | I76: =IFERROR((VLOOKUP(B76,'Origem '!$A$1:$H$1002,8,0)*'Mark Up '!$C$2),"X") -> 4684.68
B77: 7688-2 | C77: Mesa Lateral Chess (haste metal) | D77: 0,30 Ø 0,55 alt | E77: =IFERROR((VLOOKUP(B77,'Origem '!$A$1:$H$1002,4,0)*'Mark Up '!$C$2),"X") -> 4014.78 | F77: =IFERROR((VLOOKUP(B77,'Origem '!$A$1:$H$1002,5,0)*'Mark Up '!$C$2),"X") -> 4231.92 | G77: =IFERROR((VLOOKUP(B77,'Origem '!$A$1:$H$1002,6,0)*'Mark Up '!$C$2),"X") -> 4583.04 | H77: =IFERROR((VLOOKUP(B77,'Origem '!$A$1:$H$1002,7,0)*'Mark Up '!$C$2),"X") -> 4721.64 | I77: =IFERROR((VLOOKUP(B77,'Origem '!$A$1:$H$1002,8,0)*'Mark Up '!$C$2),"X") -> 4786.32
A78: CLASS | B78: 7248-0 | C78: Mesa Lateral Class (haste metal) se laca brilho somente c/ VD | D78: 0,41 Ø 0,52 alt | E78: =IFERROR((VLOOKUP(B78,'Origem '!$A$1:$H$1002,4,0)*'Mark Up '!$C$2),"X") -> 3765.3 | F78: =IFERROR((VLOOKUP(B78,'Origem '!$A$1:$H$1002,5,0)*'Mark Up '!$C$2),"X") -> 4088.7 | G78: =IFERROR((VLOOKUP(B78,'Origem '!$A$1:$H$1002,6,0)*'Mark Up '!$C$2),"X") -> 4666.2 | H78: =IFERROR((VLOOKUP(B78,'Origem '!$A$1:$H$1002,7,0)*'Mark Up '!$C$2),"X") -> 4809.42 | I78: =IFERROR((VLOOKUP(B78,'Origem '!$A$1:$H$1002,8,0)*'Mark Up '!$C$2),"X") -> 5091.24
B79: 7248-1 | C79: Mesa Lateral Class (haste metal) se laca brilho somente c/ VD | D79: 0,31 Ø 0,47 alt | E79: =IFERROR((VLOOKUP(B79,'Origem '!$A$1:$H$1002,4,0)*'Mark Up '!$C$2),"X") -> 3626.7 | F79: =IFERROR((VLOOKUP(B79,'Origem '!$A$1:$H$1002,5,0)*'Mark Up '!$C$2),"X") -> 3714.48 | G79: =IFERROR((VLOOKUP(B79,'Origem '!$A$1:$H$1002,6,0)*'Mark Up '!$C$2),"X") -> 4139.52 | H79: =IFERROR((VLOOKUP(B79,'Origem '!$A$1:$H$1002,7,0)*'Mark Up '!$C$2),"X") -> 4268.88 | I79: =IFERROR((VLOOKUP(B79,'Origem '!$A$1:$H$1002,8,0)*'Mark Up '!$C$2),"X") -> 4462.92
A80: COLLE | B80: 3248-1 | C80: Mesa Lateral Colle | D80: 0,50 Ø X 0,55 | E80: =IFERROR((VLOOKUP(B80,'Origem '!$A$1:$H$1002,4,0)*'Mark Up '!$C$2),"X") -> 3996.3 | F80: =IFERROR((VLOOKUP(B80,'Origem '!$A$1:$H$1002,5,0)*'Mark Up '!$C$2),"X") -> 3927 | G80: =IFERROR((VLOOKUP(B80,'Origem '!$A$1:$H$1002,6,0)*'Mark Up '!$C$2),"X") -> 4342.8 | H80: =IFERROR((VLOOKUP(B80,'Origem '!$A$1:$H$1002,7,0)*'Mark Up '!$C$2),"X") -> 4412.1 | I80: =IFERROR((VLOOKUP(B80,'Origem '!$A$1:$H$1002,8,0)*'Mark Up '!$C$2),"X") -> X
B81: 3248-2 | C81: Mesa Lateral Colle | D81: 0,60 Ø X 0,63 | E81: =IFERROR((VLOOKUP(B81,'Origem '!$A$1:$H$1002,4,0)*'Mark Up '!$C$2),"X") -> 4486.02 | F81: =IFERROR((VLOOKUP(B81,'Origem '!$A$1:$H$1002,5,0)*'Mark Up '!$C$2),"X") -> 4342.8 | G81: =IFERROR((VLOOKUP(B81,'Origem '!$A$1:$H$1002,6,0)*'Mark Up '!$C$2),"X") -> 4892.58 | H81: =IFERROR((VLOOKUP(B81,'Origem '!$A$1:$H$1002,7,0)*'Mark Up '!$C$2),"X") -> 4966.5 | I81: =IFERROR((VLOOKUP(B81,'Origem '!$A$1:$H$1002,8,0)*'Mark Up '!$C$2),"X") -> X
A82: COLÔMBIA | B82: 9186-2 | C82: Mesa Lateral Colômbia (se laca brilho somente c/ VD) | D82: 0,61 Ø 0,63 alt | E82: =IFERROR((VLOOKUP(B82,'Origem '!$A$1:$H$1002,4,0)*'Mark Up '!$C$2),"X") -> 6948.48 | F82: =IFERROR((VLOOKUP(B82,'Origem '!$A$1:$H$1002,5,0)*'Mark Up '!$C$2),"X") -> 8158.92 | G82: =IFERROR((VLOOKUP(B82,'Origem '!$A$1:$H$1002,6,0)*'Mark Up '!$C$2),"X") -> 8976.66 | H82: =IFERROR((VLOOKUP(B82,'Origem '!$A$1:$H$1002,7,0)*'Mark Up '!$C$2),"X") -> 9258.48 | I82: =IFERROR((VLOOKUP(B82,'Origem '!$A$1:$H$1002,8,0)*'Mark Up '!$C$2),"X") -> 9688.14
B83: 9186-3 | C83: Mesa Lateral Colômbia (se laca brilho somente c/ VD) MED.MÁXIMA | D83: 0,71 Ø 0,73 alt | E83: =IFERROR((VLOOKUP(B83,'Origem '!$A$1:$H$1002,4,0)*'Mark Up '!$C$2),"X") -> 7886.34 | F83: =IFERROR((VLOOKUP(B83,'Origem '!$A$1:$H$1002,5,0)*'Mark Up '!$C$2),"X") -> 9179.94 | G83: =IFERROR((VLOOKUP(B83,'Origem '!$A$1:$H$1002,6,0)*'Mark Up '!$C$2),"X") -> 10145.52 | H83: =IFERROR((VLOOKUP(B83,'Origem '!$A$1:$H$1002,7,0)*'Mark Up '!$C$2),"X") -> 10455.06 | I83: =IFERROR((VLOOKUP(B83,'Origem '!$A$1:$H$1002,8,0)*'Mark Up '!$C$2),"X") -> 10912.44
A84: CORA | B84: 3301-3 | C84: Mesa Centro Cora Redonda "SOMENTE S/VIDRO" | D84: 0,70 Ø X 0,29 | E84: =IFERROR((VLOOKUP(B84,'Origem '!$A$1:$H$1002,4,0)*'Mark Up '!$C$2),"X") -> 5317.62 | F84: =IFERROR((VLOOKUP(B84,'Origem '!$A$1:$H$1002,5,0)*'Mark Up '!$C$2),"X") -> 5876.64 | G84: =IFERROR((VLOOKUP(B84,'Origem '!$A$1:$H$1002,6,0)*'Mark Up '!$C$2),"X") -> 5876.64 | H84: =IFERROR((VLOOKUP(B84,'Origem '!$A$1:$H$1002,7,0)*'Mark Up '!$C$2),"X") -> 6255.48 | I84: =IFERROR((VLOOKUP(B84,'Origem '!$A$1:$H$1002,8,0)*'Mark Up '!$C$2),"X") -> 6431.04
B85: 3301-4 | C85: Mesa Centro Cora Redonda "SOMENTE S/VIDRO" | D85: 0,90 Ø X 0,29 | E85: =IFERROR((VLOOKUP(B85,'Origem '!$A$1:$H$1002,4,0)*'Mark Up '!$C$2),"X") -> 6278.58 | F85: =IFERROR((VLOOKUP(B85,'Origem '!$A$1:$H$1002,5,0)*'Mark Up '!$C$2),"X") -> 7091.7 | G85: =IFERROR((VLOOKUP(B85,'Origem '!$A$1:$H$1002,6,0)*'Mark Up '!$C$2),"X") -> 7091.7 | H85: =IFERROR((VLOOKUP(B85,'Origem '!$A$1:$H$1002,7,0)*'Mark Up '!$C$2),"X") -> 7696.92 | I85: =IFERROR((VLOOKUP(B85,'Origem '!$A$1:$H$1002,8,0)*'Mark Up '!$C$2),"X") -> 7992.6
B86: 3300-7 | C86: Mesa Centro Cora "SOMENTE S/VIDRO" | D86: 1,35 X 0,70 X 0,35 | E86: =IFERROR((VLOOKUP(B86,'Origem '!$A$1:$H$1002,4,0)*'Mark Up '!$C$2),"X") -> 6384.84 | F86: =IFERROR((VLOOKUP(B86,'Origem '!$A$1:$H$1002,5,0)*'Mark Up '!$C$2),"X") -> 7225.68 | G86: =IFERROR((VLOOKUP(B86,'Origem '!$A$1:$H$1002,6,0)*'Mark Up '!$C$2),"X") -> 7225.68 | H86: =IFERROR((VLOOKUP(B86,'Origem '!$A$1:$H$1002,7,0)*'Mark Up '!$C$2),"X") -> 7983.36 | I86: =IFERROR((VLOOKUP(B86,'Origem '!$A$1:$H$1002,8,0)*'Mark Up '!$C$2),"X") -> 8237.46
B87: 3300-8 | C87: Mesa Centro Cora "SOMENTE S/VIDRO" | D87: 1,60 X 0,70 X 0,35 | E87: =IFERROR((VLOOKUP(B87,'Origem '!$A$1:$H$1002,4,0)*'Mark Up '!$C$2),"X") -> 6930 | F87: =IFERROR((VLOOKUP(B87,'Origem '!$A$1:$H$1002,5,0)*'Mark Up '!$C$2),"X") -> 8186.64 | G87: =IFERROR((VLOOKUP(B87,'Origem '!$A$1:$H$1002,6,0)*'Mark Up '!$C$2),"X") -> 8186.64 | H87: =IFERROR((VLOOKUP(B87,'Origem '!$A$1:$H$1002,7,0)*'Mark Up '!$C$2),"X") -> 9050.58 | I87: =IFERROR((VLOOKUP(B87,'Origem '!$A$1:$H$1002,8,0)*'Mark Up '!$C$2),"X") -> 9378.6
A88: DALI | B88: 3238-1 | C88: Mesa Lateral Dali ''PRODUZIDO APENAS EM LACA PADRÃO E METALIZADA"" | D88: 0,31 Ø X 0,55 | E88: =IFERROR((VLOOKUP(B88,'Origem '!$A$1:$H$1002,4,0)*'Mark Up '!$C$2),"X") -> 4777.08 | F88: =IFERROR((VLOOKUP(B88,'Origem '!$A$1:$H$1002,5,0)*'Mark Up '!$C$2),"X") -> X | G88: =IFERROR((VLOOKUP(B88,'Origem '!$A$1:$H$1002,6,0)*'Mark Up '!$C$2),"X") -> X | H88: =IFERROR((VLOOKUP(B88,'Origem '!$A$1:$H$1002,7,0)*'Mark Up '!$C$2),"X") -> 5234.46 | I88: =IFERROR((VLOOKUP(B88,'Origem '!$A$1:$H$1002,8,0)*'Mark Up '!$C$2),"X") -> X
B89: 3238-2 | C89: Mesa Lateral Dali ''PRODUZIDO APENAS EM LACA PADRÃO E METALIZADA"" | D89: 0,31 Ø X 0,63 | E89: =IFERROR((VLOOKUP(B89,'Origem '!$A$1:$H$1002,4,0)*'Mark Up '!$C$2),"X") -> 5068.14 | F89: =IFERROR((VLOOKUP(B89,'Origem '!$A$1:$H$1002,5,0)*'Mark Up '!$C$2),"X") -> X | G89: =IFERROR((VLOOKUP(B89,'Origem '!$A$1:$H$1002,6,0)*'Mark Up '!$C$2),"X") -> X | H89: =IFERROR((VLOOKUP(B89,'Origem '!$A$1:$H$1002,7,0)*'Mark Up '!$C$2),"X") -> 5580.96 | I89: =IFERROR((VLOOKUP(B89,'Origem '!$A$1:$H$1002,8,0)*'Mark Up '!$C$2),"X") -> X
A90: DEVILLE | B90: 3208-0 | C90: Mesa Lateral Deville "SOMENTE S/VIDRO" | D90: 0,50 Ø X 0,51 | E90: =IFERROR((VLOOKUP(B90,'Origem '!$A$1:$H$1002,4,0)*'Mark Up '!$C$2),"X") -> 4984.98 | F90: =IFERROR((VLOOKUP(B90,'Origem '!$A$1:$H$1002,5,0)*'Mark Up '!$C$2),"X") -> 6260.1 | G90: =IFERROR((VLOOKUP(B90,'Origem '!$A$1:$H$1002,6,0)*'Mark Up '!$C$2),"X") -> 6260.1 | H90: =IFERROR((VLOOKUP(B90,'Origem '!$A$1:$H$1002,7,0)*'Mark Up '!$C$2),"X") -> 6666.66 | I90: =IFERROR((VLOOKUP(B90,'Origem '!$A$1:$H$1002,8,0)*'Mark Up '!$C$2),"X") -> 6953.1
B91: 3208-1 | C91: Mesa Lateral Deville "SOMENTE S/VIDRO" | D91: 0,50 Ø X 0,56 | E91: =IFERROR((VLOOKUP(B91,'Origem '!$A$1:$H$1002,4,0)*'Mark Up '!$C$2),"X") -> 5072.76 | F91: =IFERROR((VLOOKUP(B91,'Origem '!$A$1:$H$1002,5,0)*'Mark Up '!$C$2),"X") -> 6384.84 | G91: =IFERROR((VLOOKUP(B91,'Origem '!$A$1:$H$1002,6,0)*'Mark Up '!$C$2),"X") -> 6384.84 | H91: =IFERROR((VLOOKUP(B91,'Origem '!$A$1:$H$1002,7,0)*'Mark Up '!$C$2),"X") -> 6809.88 | I91: =IFERROR((VLOOKUP(B91,'Origem '!$A$1:$H$1002,8,0)*'Mark Up '!$C$2),"X") -> 7368.9
B92: 3208-2 | C92: Mesa Lateral Deville "SOMENTE S/VIDRO" | D92: 0,50 Ø X 0,64 | E92: =IFERROR((VLOOKUP(B92,'Origem '!$A$1:$H$1002,4,0)*'Mark Up '!$C$2),"X") -> 5262.18 | F92: =IFERROR((VLOOKUP(B92,'Origem '!$A$1:$H$1002,5,0)*'Mark Up '!$C$2),"X") -> 6763.68 | G92: =IFERROR((VLOOKUP(B92,'Origem '!$A$1:$H$1002,6,0)*'Mark Up '!$C$2),"X") -> 6763.68 | H92: =IFERROR((VLOOKUP(B92,'Origem '!$A$1:$H$1002,7,0)*'Mark Up '!$C$2),"X") -> 7313.46 | I92: =IFERROR((VLOOKUP(B92,'Origem '!$A$1:$H$1002,8,0)*'Mark Up '!$C$2),"X") -> 7923.3
A93: DIANO | B93: 11540-3 | C93: Mesa Centro Diano (Se c/ Vidro, somente no Aplique) | D93: 0,70 Ø X 0,30 | E93: =IFERROR((VLOOKUP(B93,'Origem '!$A$1:$H$1002,4,0)*'Mark Up '!$C$2),"X") -> 5654.88 | F93: =IFERROR((VLOOKUP(B93,'Origem '!$A$1:$H$1002,5,0)*'Mark Up '!$C$2),"X") -> 6574.26 | G93: =IFERROR((VLOOKUP(B93,'Origem '!$A$1:$H$1002,6,0)*'Mark Up '!$C$2),"X") -> 6805.26 | H93: =IFERROR((VLOOKUP(B93,'Origem '!$A$1:$H$1002,7,0)*'Mark Up '!$C$2),"X") -> 7202.58 | I93: =IFERROR((VLOOKUP(B93,'Origem '!$A$1:$H$1002,8,0)*'Mark Up '!$C$2),"X") -> 8246.7
B94: 11540-4 | C94: Mesa Centro Diano (Se c/ Vidro, somente no Aplique) | D94: 0,90 Ø X 0,33 | E94: =IFERROR((VLOOKUP(B94,'Origem '!$A$1:$H$1002,4,0)*'Mark Up '!$C$2),"X") -> 6334.02 | F94: =IFERROR((VLOOKUP(B94,'Origem '!$A$1:$H$1002,5,0)*'Mark Up '!$C$2),"X") -> 7729.26 | G94: =IFERROR((VLOOKUP(B94,'Origem '!$A$1:$H$1002,6,0)*'Mark Up '!$C$2),"X") -> 7890.96 | H94: =IFERROR((VLOOKUP(B94,'Origem '!$A$1:$H$1002,7,0)*'Mark Up '!$C$2),"X") -> 8685.6 | I94: =IFERROR((VLOOKUP(B94,'Origem '!$A$1:$H$1002,8,0)*'Mark Up '!$C$2),"X") -> 10076.22
B95: 11540-5 | C95: Mesa Centro Diano (Se c/ Vidro, somente no Aplique) | D95: 0,90 Ø X 0,30 | E95: =IFERROR((VLOOKUP(B95,'Origem '!$A$1:$H$1002,4,0)*'Mark Up '!$C$2),"X") -> 6320.16 | F95: =IFERROR((VLOOKUP(B95,'Origem '!$A$1:$H$1002,5,0)*'Mark Up '!$C$2),"X") -> 7544.46 | G95: =IFERROR((VLOOKUP(B95,'Origem '!$A$1:$H$1002,6,0)*'Mark Up '!$C$2),"X") -> 7766.22 | H95: =IFERROR((VLOOKUP(B95,'Origem '!$A$1:$H$1002,7,0)*'Mark Up '!$C$2),"X") -> 8616.3 | I95: =IFERROR((VLOOKUP(B95,'Origem '!$A$1:$H$1002,8,0)*'Mark Up '!$C$2),"X") -> 10066.98
B96: 11540-6 | C96: Mesa Centro Diano (Se c/ Vidro, somente no Aplique) | D96: 1,20 Ø X 0,33 | E96: =IFERROR((VLOOKUP(B96,'Origem '!$A$1:$H$1002,4,0)*'Mark Up '!$C$2),"X") -> 7793.94 | F96: =IFERROR((VLOOKUP(B96,'Origem '!$A$1:$H$1002,5,0)*'Mark Up '!$C$2),"X") -> 9471 | G96: =IFERROR((VLOOKUP(B96,'Origem '!$A$1:$H$1002,6,0)*'Mark Up '!$C$2),"X") -> 10371.9 | H96: =IFERROR((VLOOKUP(B96,'Origem '!$A$1:$H$1002,7,0)*'Mark Up '!$C$2),"X") -> 11947.32 | I96: =IFERROR((VLOOKUP(B96,'Origem '!$A$1:$H$1002,8,0)*'Mark Up '!$C$2),"X") -> 14446.74
A97: ELLOS | B97: 4598-0 | C97: Mesa Lateral Ellos ( haste metal) | D97: 0,50 x 0,30 x 0,40 | E97: =IFERROR((VLOOKUP(B97,'Origem '!$A$1:$H$1002,4,0)*'Mark Up '!$C$2),"X") -> 5003.46 | F97: =IFERROR((VLOOKUP(B97,'Origem '!$A$1:$H$1002,5,0)*'Mark Up '!$C$2),"X") -> 5257.56 | G97: =IFERROR((VLOOKUP(B97,'Origem '!$A$1:$H$1002,6,0)*'Mark Up '!$C$2),"X") -> 5825.82 | H97: =IFERROR((VLOOKUP(B97,'Origem '!$A$1:$H$1002,7,0)*'Mark Up '!$C$2),"X") -> 6001.38 | I97: =IFERROR((VLOOKUP(B97,'Origem '!$A$1:$H$1002,8,0)*'Mark Up '!$C$2),"X") -> 6370.98
B98: 4598-1 | C98: Mesa Lateral Ellos ( haste metal) | D98: 0,50 x 0,30 x 0,50 | E98: =IFERROR((VLOOKUP(B98,'Origem '!$A$1:$H$1002,4,0)*'Mark Up '!$C$2),"X") -> 5058.9 | F98: =IFERROR((VLOOKUP(B98,'Origem '!$A$1:$H$1002,5,0)*'Mark Up '!$C$2),"X") -> 5308.38 | G98: =IFERROR((VLOOKUP(B98,'Origem '!$A$1:$H$1002,6,0)*'Mark Up '!$C$2),"X") -> 5932.08 | H98: =IFERROR((VLOOKUP(B98,'Origem '!$A$1:$H$1002,7,0)*'Mark Up '!$C$2),"X") -> 6112.26 | I98: =IFERROR((VLOOKUP(B98,'Origem '!$A$1:$H$1002,8,0)*'Mark Up '!$C$2),"X") -> 6500.34
B99: 4598-2 | C99: Mesa Lateral Ellos ( haste metal) | D99: 0,60 x 0,30 x 0,60 | E99: =IFERROR((VLOOKUP(B99,'Origem '!$A$1:$H$1002,4,0)*'Mark Up '!$C$2),"X") -> 5137.44 | F99: =IFERROR((VLOOKUP(B99,'Origem '!$A$1:$H$1002,5,0)*'Mark Up '!$C$2),"X") -> 5516.28 | G99: =IFERROR((VLOOKUP(B99,'Origem '!$A$1:$H$1002,6,0)*'Mark Up '!$C$2),"X") -> 6172.32 | H99: =IFERROR((VLOOKUP(B99,'Origem '!$A$1:$H$1002,7,0)*'Mark Up '!$C$2),"X") -> 6361.74 | I99: =IFERROR((VLOOKUP(B99,'Origem '!$A$1:$H$1002,8,0)*'Mark Up '!$C$2),"X") -> 6735.96
A100: GOA | B100: 8493-1 | C100: Mesa Lateral Goa TP. C/ Palha e Vidro Incolor | D100: 0,55 Ø 0,50 alt | E100: =IFERROR((VLOOKUP(B100,'Origem '!$A$1:$H$1002,4,0)*'Mark Up '!$C$2),"X") -> 8436.12 | F100: =IFERROR((VLOOKUP(B100,'Origem '!$A$1:$H$1002,5,0)*'Mark Up '!$C$2),"X") -> 8653.26 | G100: =IFERROR((VLOOKUP(B100,'Origem '!$A$1:$H$1002,6,0)*'Mark Up '!$C$2),"X") -> X | H100: =IFERROR((VLOOKUP(B100,'Origem '!$A$1:$H$1002,7,0)*'Mark Up '!$C$2),"X") -> 8944.32 | I100: =IFERROR((VLOOKUP(B100,'Origem '!$A$1:$H$1002,8,0)*'Mark Up '!$C$2),"X") -> X
...

Sheet Mesas Jantar e Mesa Apoio
C1: MESAS DE JANTAR E MESAS DE APOIO | J1: AMBIENTADAS
A2: COLEÇÃO | B2: REF | C2: DESCRIÇÃO | D2: COMP X PROF X ALT | E2: Em caso de cores diferentes Base ou Tampo, utilizar preço de maior valor
E3: COLUNA 1 | F3: COLUNA 2 | G3: COLUNA 3 | H3: COLUNA 4 | I3: COLUNA 5
E4: LACA LISA BRAZIL ( COM OU SEM VIDRO PINTADO) | F4: - CARVALHO CLARO - CARVALHO NATURAL - CARVALHO LAVADO - CARV. EBANIZADO - IMBUIA CLARA * ACRESCENTAR 12% SE COM VIDRO PINTADO | G4: MESA COM TAMPO LACA LISA (COM OU SEM VIDRO PINTADO) E BASE EM: - CARVALHO CLARO - CARVALHO NATURAL - CARVALHO LAVADO - CARV. EBANIZADO - IMBUIA CLARA | H4: - NOGUEIRA - NOGUEIRA NATURAL - LOURO FREIJÓ - CANELA - LACA METALIZADA BRAZIL - CARVALHO ÔNIX METALIZADO - CARVALHO N109 METALIZADO - CARVALHO ALBANIZADO - CARVALHO H155 FOSCO TAMPO COM OU SEM VIDRO - CONCRETO (SOMENTE SEM VIDRO) | I4: - PAU FERRO
A5: ALABAMA | B5: 9460-1 | C5: Mesa Jantar Alabama (canto garrafa) | D5: 1,40 x 1,40 x 0,76 | E5: =IFERROR((VLOOKUP(B5,'Origem '!$A$1:$H$1002,4,0)*'Mark Up '!$C$2),"X") -> 19658.1 | F5: =IFERROR((VLOOKUP(B5,'Origem '!$A$1:$H$1002,5,0)*'Mark Up '!$C$2),"X") -> 20378.82 | G5: =IFERROR((VLOOKUP(B5,'Origem '!$A$1:$H$1002,6,0)*'Mark Up '!$C$2),"X") -> 21422.94 | H5: =IFERROR((VLOOKUP(B5,'Origem '!$A$1:$H$1002,7,0)*'Mark Up '!$C$2),"X") -> 22365.42 | I5: =IFERROR((VLOOKUP(B5,'Origem '!$A$1:$H$1002,8,0)*'Mark Up '!$C$2),"X") -> X
B6: 9460-2 | C6: Mesa Jantar Alabama (canto garrafa) | D6: 1,50 x 1,50 x 0,76 | E6: =IFERROR((VLOOKUP(B6,'Origem '!$A$1:$H$1002,4,0)*'Mark Up '!$C$2),"X") -> 21635.46 | F6: =IFERROR((VLOOKUP(B6,'Origem '!$A$1:$H$1002,5,0)*'Mark Up '!$C$2),"X") -> 22397.76 | G6: =IFERROR((VLOOKUP(B6,'Origem '!$A$1:$H$1002,6,0)*'Mark Up '!$C$2),"X") -> 23284.8 | H6: =IFERROR((VLOOKUP(B6,'Origem '!$A$1:$H$1002,7,0)*'Mark Up '!$C$2),"X") -> 24227.28 | I6: =IFERROR((VLOOKUP(B6,'Origem '!$A$1:$H$1002,8,0)*'Mark Up '!$C$2),"X") -> X
B7: 9460-3 | C7: Mesa Jantar Alabama (canto garrafa) | D7: 1,60 x 1,60 x 0,76 | E7: =IFERROR((VLOOKUP(B7,'Origem '!$A$1:$H$1002,4,0)*'Mark Up '!$C$2),"X") -> 23622.06 | F7: =IFERROR((VLOOKUP(B7,'Origem '!$A$1:$H$1002,5,0)*'Mark Up '!$C$2),"X") -> 24462.9 | G7: =IFERROR((VLOOKUP(B7,'Origem '!$A$1:$H$1002,6,0)*'Mark Up '!$C$2),"X") -> 25479.3 | H7: =IFERROR((VLOOKUP(B7,'Origem '!$A$1:$H$1002,7,0)*'Mark Up '!$C$2),"X") -> 26717.46 | I7: =IFERROR((VLOOKUP(B7,'Origem '!$A$1:$H$1002,8,0)*'Mark Up '!$C$2),"X") -> X
B8: 9460-5 | C8: Mesa Jantar Alabama (canto garrafa) | D8: 1,60 x 0,90 x 0,76 | E8: =IFERROR((VLOOKUP(B8,'Origem '!$A$1:$H$1002,4,0)*'Mark Up '!$C$2),"X") -> 15675.66 | F8: =IFERROR((VLOOKUP(B8,'Origem '!$A$1:$H$1002,5,0)*'Mark Up '!$C$2),"X") -> 16188.48 | G8: =IFERROR((VLOOKUP(B8,'Origem '!$A$1:$H$1002,6,0)*'Mark Up '!$C$2),"X") -> 17223.36 | H8: =IFERROR((VLOOKUP(B8,'Origem '!$A$1:$H$1002,7,0)*'Mark Up '!$C$2),"X") -> 18036.48 | I8: =IFERROR((VLOOKUP(B8,'Origem '!$A$1:$H$1002,8,0)*'Mark Up '!$C$2),"X") -> X
B9: 9460-6 | C9: Mesa Jantar Alabama (canto garrafa) | D9: 1,80 x 1,00 x 0,76 | E9: =IFERROR((VLOOKUP(B9,'Origem '!$A$1:$H$1002,4,0)*'Mark Up '!$C$2),"X") -> 17325 | F9: =IFERROR((VLOOKUP(B9,'Origem '!$A$1:$H$1002,5,0)*'Mark Up '!$C$2),"X") -> 17865.54 | G9: =IFERROR((VLOOKUP(B9,'Origem '!$A$1:$H$1002,6,0)*'Mark Up '!$C$2),"X") -> 19006.68 | H9: =IFERROR((VLOOKUP(B9,'Origem '!$A$1:$H$1002,7,0)*'Mark Up '!$C$2),"X") -> 20041.56 | I9: =IFERROR((VLOOKUP(B9,'Origem '!$A$1:$H$1002,8,0)*'Mark Up '!$C$2),"X") -> X
B10: 9460-7 | C10: Mesa Jantar Alabama (canto garrafa) | D10: 2,00 x 1,00 x 0,76 | E10: =IFERROR((VLOOKUP(B10,'Origem '!$A$1:$H$1002,4,0)*'Mark Up '!$C$2),"X") -> 18498.48 | F10: =IFERROR((VLOOKUP(B10,'Origem '!$A$1:$H$1002,5,0)*'Mark Up '!$C$2),"X") -> 19256.16 | G10: =IFERROR((VLOOKUP(B10,'Origem '!$A$1:$H$1002,6,0)*'Mark Up '!$C$2),"X") -> 20286.42 | H10: =IFERROR((VLOOKUP(B10,'Origem '!$A$1:$H$1002,7,0)*'Mark Up '!$C$2),"X") -> 21732.48 | I10: =IFERROR((VLOOKUP(B10,'Origem '!$A$1:$H$1002,8,0)*'Mark Up '!$C$2),"X") -> X
B11: 9460-8 | C11: Mesa Jantar Alabama (canto garrafa) | D11: 2,20 x 1,10 x 0,76 | E11: =IFERROR((VLOOKUP(B11,'Origem '!$A$1:$H$1002,4,0)*'Mark Up '!$C$2),"X") -> 20845.44 | F11: =IFERROR((VLOOKUP(B11,'Origem '!$A$1:$H$1002,5,0)*'Mark Up '!$C$2),"X") -> 21436.8 | G11: =IFERROR((VLOOKUP(B11,'Origem '!$A$1:$H$1002,6,0)*'Mark Up '!$C$2),"X") -> 22490.16 | H11: =IFERROR((VLOOKUP(B11,'Origem '!$A$1:$H$1002,7,0)*'Mark Up '!$C$2),"X") -> 24296.58 | I11: =IFERROR((VLOOKUP(B11,'Origem '!$A$1:$H$1002,8,0)*'Mark Up '!$C$2),"X") -> X
B12: 9460-9 | C12: Mesa Jantar Alabama (canto garrafa) | D12: 2,40 x 1,10 x 0,76 | E12: =IFERROR((VLOOKUP(B12,'Origem '!$A$1:$H$1002,4,0)*'Mark Up '!$C$2),"X") -> 22351.56 | F12: =IFERROR((VLOOKUP(B12,'Origem '!$A$1:$H$1002,5,0)*'Mark Up '!$C$2),"X") -> 22799.7 | G12: =IFERROR((VLOOKUP(B12,'Origem '!$A$1:$H$1002,6,0)*'Mark Up '!$C$2),"X") -> 24250.38 | H12: =IFERROR((VLOOKUP(B12,'Origem '!$A$1:$H$1002,7,0)*'Mark Up '!$C$2),"X") -> 26717.46 | I12: =IFERROR((VLOOKUP(B12,'Origem '!$A$1:$H$1002,8,0)*'Mark Up '!$C$2),"X") -> X
B13: 9460-12 | C13: Mesa Jantar Alabama (canto garrafa) | D13: 2,70 x 1,20 x 0,76 | E13: =IFERROR((VLOOKUP(B13,'Origem '!$A$1:$H$1002,4,0)*'Mark Up '!$C$2),"X") -> 27715.38 | F13: =IFERROR((VLOOKUP(B13,'Origem '!$A$1:$H$1002,5,0)*'Mark Up '!$C$2),"X") -> 28177.38 | G13: =IFERROR((VLOOKUP(B13,'Origem '!$A$1:$H$1002,6,0)*'Mark Up '!$C$2),"X") -> 30233.28 | H13: =IFERROR((VLOOKUP(B13,'Origem '!$A$1:$H$1002,7,0)*'Mark Up '!$C$2),"X") -> 31753.26 | I13: =IFERROR((VLOOKUP(B13,'Origem '!$A$1:$H$1002,8,0)*'Mark Up '!$C$2),"X") -> X
B14: 9460-13 | C14: Mesa Jantar Alabama (canto garrafa) | D14: 3,00 x 1,20 x 0,76 | E14: =IFERROR((VLOOKUP(B14,'Origem '!$A$1:$H$1002,4,0)*'Mark Up '!$C$2),"X") -> 37565.22 | F14: =IFERROR((VLOOKUP(B14,'Origem '!$A$1:$H$1002,5,0)*'Mark Up '!$C$2),"X") -> 38794.14 | G14: =IFERROR((VLOOKUP(B14,'Origem '!$A$1:$H$1002,6,0)*'Mark Up '!$C$2),"X") -> 41265.84 | H14: =IFERROR((VLOOKUP(B14,'Origem '!$A$1:$H$1002,7,0)*'Mark Up '!$C$2),"X") -> 43876.14 | I14: =IFERROR((VLOOKUP(B14,'Origem '!$A$1:$H$1002,8,0)*'Mark Up '!$C$2),"X") -> X
B15: 9460-14 | C15: Mesa Jantar Alabama (canto garrafa) | D15: 3,20 x 1,20 x 0,76 | E15: =IFERROR((VLOOKUP(B15,'Origem '!$A$1:$H$1002,4,0)*'Mark Up '!$C$2),"X") -> 39972.24 | F15: =IFERROR((VLOOKUP(B15,'Origem '!$A$1:$H$1002,5,0)*'Mark Up '!$C$2),"X") -> 41492.22 | G15: =IFERROR((VLOOKUP(B15,'Origem '!$A$1:$H$1002,6,0)*'Mark Up '!$C$2),"X") -> 44134.86 | H15: =IFERROR((VLOOKUP(B15,'Origem '!$A$1:$H$1002,7,0)*'Mark Up '!$C$2),"X") -> 46200 | I15: =IFERROR((VLOOKUP(B15,'Origem '!$A$1:$H$1002,8,0)*'Mark Up '!$C$2),"X") -> X
A16: BARCELONA | B16: 8078-2 | C16: Mesa Apoio Barcelona (tmp 15mm) | D16: 0,80 Ø 0,76 alt | E16: =IFERROR((VLOOKUP(B16,'Origem '!$A$1:$H$1002,4,0)*'Mark Up '!$C$2),"X") -> 7248.78 | F16: =IFERROR((VLOOKUP(B16,'Origem '!$A$1:$H$1002,5,0)*'Mark Up '!$C$2),"X") -> 8163.54 | G16: =IFERROR((VLOOKUP(B16,'Origem '!$A$1:$H$1002,6,0)*'Mark Up '!$C$2),"X") -> 8870.4 | H16: =IFERROR((VLOOKUP(B16,'Origem '!$A$1:$H$1002,7,0)*'Mark Up '!$C$2),"X") -> 9863.7 | I16: =IFERROR((VLOOKUP(B16,'Origem '!$A$1:$H$1002,8,0)*'Mark Up '!$C$2),"X") -> 10584.42
B17: 8078-3 | C17: Mesa Apoio Barcelona (tmp 15mm) | D17: 0,90 Ø 0,76 alt | E17: =IFERROR((VLOOKUP(B17,'Origem '!$A$1:$H$1002,4,0)*'Mark Up '!$C$2),"X") -> 8228.22 | F17: =IFERROR((VLOOKUP(B17,'Origem '!$A$1:$H$1002,5,0)*'Mark Up '!$C$2),"X") -> 9434.04 | G17: =IFERROR((VLOOKUP(B17,'Origem '!$A$1:$H$1002,6,0)*'Mark Up '!$C$2),"X") -> 10251.78 | H17: =IFERROR((VLOOKUP(B17,'Origem '!$A$1:$H$1002,7,0)*'Mark Up '!$C$2),"X") -> 11263.56 | I17: =IFERROR((VLOOKUP(B17,'Origem '!$A$1:$H$1002,8,0)*'Mark Up '!$C$2),"X") -> 11794.86
B18: 8078-4 | C18: Mesa Jantar Barcelona (tmp 25mm) | D18: 1,00 Ø 0,76 alt | E18: =IFERROR((VLOOKUP(B18,'Origem '!$A$1:$H$1002,4,0)*'Mark Up '!$C$2),"X") -> 10136.28 | F18: =IFERROR((VLOOKUP(B18,'Origem '!$A$1:$H$1002,5,0)*'Mark Up '!$C$2),"X") -> 10921.68 | G18: =IFERROR((VLOOKUP(B18,'Origem '!$A$1:$H$1002,6,0)*'Mark Up '!$C$2),"X") -> 11868.78 | H18: =IFERROR((VLOOKUP(B18,'Origem '!$A$1:$H$1002,7,0)*'Mark Up '!$C$2),"X") -> 13370.28 | I18: =IFERROR((VLOOKUP(B18,'Origem '!$A$1:$H$1002,8,0)*'Mark Up '!$C$2),"X") -> 13896.96
B19: 8078-0 | C19: Mesa Jantar Barcelona (tmp 25mm) | D19: 1,10 Ø 0,76 alt | E19: =IFERROR((VLOOKUP(B19,'Origem '!$A$1:$H$1002,4,0)*'Mark Up '!$C$2),"X") -> 10940.16 | F19: =IFERROR((VLOOKUP(B19,'Origem '!$A$1:$H$1002,5,0)*'Mark Up '!$C$2),"X") -> 11901.12 | G19: =IFERROR((VLOOKUP(B19,'Origem '!$A$1:$H$1002,6,0)*'Mark Up '!$C$2),"X") -> 12936 | H19: =IFERROR((VLOOKUP(B19,'Origem '!$A$1:$H$1002,7,0)*'Mark Up '!$C$2),"X") -> 14437.5 | I19: =IFERROR((VLOOKUP(B19,'Origem '!$A$1:$H$1002,8,0)*'Mark Up '!$C$2),"X") -> 15079.68
B20: 8078-1 | C20: Mesa Jantar Barcelona (tmp 25mm) | D20: 1,20 Ø 0,76 alt | E20: =IFERROR((VLOOKUP(B20,'Origem '!$A$1:$H$1002,4,0)*'Mark Up '!$C$2),"X") -> 11670.12 | F20: =IFERROR((VLOOKUP(B20,'Origem '!$A$1:$H$1002,5,0)*'Mark Up '!$C$2),"X") -> 12691.14 | G20: =IFERROR((VLOOKUP(B20,'Origem '!$A$1:$H$1002,6,0)*'Mark Up '!$C$2),"X") -> 13790.7 | H20: =IFERROR((VLOOKUP(B20,'Origem '!$A$1:$H$1002,7,0)*'Mark Up '!$C$2),"X") -> 15463.14 | I20: =IFERROR((VLOOKUP(B20,'Origem '!$A$1:$H$1002,8,0)*'Mark Up '!$C$2),"X") -> 16054.5
A21: BARCELONA | B21: 8072-0 | C21: Mesa Jantar Barcelona | D21: 1,35 Ø 0,76 alt | E21: =IFERROR((VLOOKUP(B21,'Origem '!$A$1:$H$1002,4,0)*'Mark Up '!$C$2),"X") -> 15047.34 | F21: =IFERROR((VLOOKUP(B21,'Origem '!$A$1:$H$1002,5,0)*'Mark Up '!$C$2),"X") -> 16525.74 | G21: =IFERROR((VLOOKUP(B21,'Origem '!$A$1:$H$1002,6,0)*'Mark Up '!$C$2),"X") -> 17916.36 | H21: =IFERROR((VLOOKUP(B21,'Origem '!$A$1:$H$1002,7,0)*'Mark Up '!$C$2),"X") -> 19598.04 | I21: =IFERROR((VLOOKUP(B21,'Origem '!$A$1:$H$1002,8,0)*'Mark Up '!$C$2),"X") -> 22337.7
B22: 8072-1 | C22: Mesa Jantar Barcelona | D22: 1,48 Ø 0,76 alt | E22: =IFERROR((VLOOKUP(B22,'Origem '!$A$1:$H$1002,4,0)*'Mark Up '!$C$2),"X") -> 16692.06 | F22: =IFERROR((VLOOKUP(B22,'Origem '!$A$1:$H$1002,5,0)*'Mark Up '!$C$2),"X") -> 18410.7 | G22: =IFERROR((VLOOKUP(B22,'Origem '!$A$1:$H$1002,6,0)*'Mark Up '!$C$2),"X") -> 20073.9 | H22: =IFERROR((VLOOKUP(B22,'Origem '!$A$1:$H$1002,7,0)*'Mark Up '!$C$2),"X") -> 21182.7 | I22: =IFERROR((VLOOKUP(B22,'Origem '!$A$1:$H$1002,8,0)*'Mark Up '!$C$2),"X") -> 24287.34
B23: 8072-2 | C23: Mesa Jantar Barcelona | D23: 1,60 Ø 0,76 alt | E23: =IFERROR((VLOOKUP(B23,'Origem '!$A$1:$H$1002,4,0)*'Mark Up '!$C$2),"X") -> 18410.7 | F23: =IFERROR((VLOOKUP(B23,'Origem '!$A$1:$H$1002,5,0)*'Mark Up '!$C$2),"X") -> 19644.24 | G23: =IFERROR((VLOOKUP(B23,'Origem '!$A$1:$H$1002,6,0)*'Mark Up '!$C$2),"X") -> 21626.22 | H23: =IFERROR((VLOOKUP(B23,'Origem '!$A$1:$H$1002,7,0)*'Mark Up '!$C$2),"X") -> 23289.42 | I23: =IFERROR((VLOOKUP(B23,'Origem '!$A$1:$H$1002,8,0)*'Mark Up '!$C$2),"X") -> 26722.08
B24: 8072-3 | C24: Mesa Jantar Barcelona | D24: 1,80 Ø 0,76 alt | E24: =IFERROR((VLOOKUP(B24,'Origem '!$A$1:$H$1002,4,0)*'Mark Up '!$C$2),"X") -> 24615.36 | F24: =IFERROR((VLOOKUP(B24,'Origem '!$A$1:$H$1002,5,0)*'Mark Up '!$C$2),"X") -> 26648.16 | G24: =IFERROR((VLOOKUP(B24,'Origem '!$A$1:$H$1002,6,0)*'Mark Up '!$C$2),"X") -> 28962.78 | H24: =IFERROR((VLOOKUP(B24,'Origem '!$A$1:$H$1002,7,0)*'Mark Up '!$C$2),"X") -> 32501.7 | I24: =IFERROR((VLOOKUP(B24,'Origem '!$A$1:$H$1002,8,0)*'Mark Up '!$C$2),"X") -> 36950.76
B25: 8072-4 | C25: Mesa Jantar Barcelona | D25: 2,00 Ø 0,76 alt | E25: =IFERROR((VLOOKUP(B25,'Origem '!$A$1:$H$1002,4,0)*'Mark Up '!$C$2),"X") -> 31536.12 | F25: =IFERROR((VLOOKUP(B25,'Origem '!$A$1:$H$1002,5,0)*'Mark Up '!$C$2),"X") -> 32580.24 | G25: =IFERROR((VLOOKUP(B25,'Origem '!$A$1:$H$1002,6,0)*'Mark Up '!$C$2),"X") -> 36576.54 | H25: =IFERROR((VLOOKUP(B25,'Origem '!$A$1:$H$1002,7,0)*'Mark Up '!$C$2),"X") -> 38530.8 | I25: =IFERROR((VLOOKUP(B25,'Origem '!$A$1:$H$1002,8,0)*'Mark Up '!$C$2),"X") -> 41561.52
A26: BARCELONA TP GIRATÓRIO | B26: 8072-20 | C26: Mesa Jantar Barcelona c/ Tp Giratório 0,70mt (VD só no Tp Giratório) | D26: 1,35 Ø 0,76 alt | E26: =IFERROR((VLOOKUP(B26,'Origem '!$A$1:$H$1002,4,0)*'Mark Up '!$C$2),"X") -> 22323.84 | F26: =IFERROR((VLOOKUP(B26,'Origem '!$A$1:$H$1002,5,0)*'Mark Up '!$C$2),"X") -> 26528.04 | G26: =IFERROR((VLOOKUP(B26,'Origem '!$A$1:$H$1002,6,0)*'Mark Up '!$C$2),"X") -> 28352.94 | H26: =IFERROR((VLOOKUP(B26,'Origem '!$A$1:$H$1002,7,0)*'Mark Up '!$C$2),"X") -> 28925.82 | I26: =IFERROR((VLOOKUP(B26,'Origem '!$A$1:$H$1002,8,0)*'Mark Up '!$C$2),"X") -> 32866.68
B27: 8072-21 | C27: Mesa Jantar Barcelona c/ Tp Giratório 0,70mt (VD só no Tp Giratório) | D27: 1,48 Ø 0,76 alt | E27: =IFERROR((VLOOKUP(B27,'Origem '!$A$1:$H$1002,4,0)*'Mark Up '!$C$2),"X") -> 23317.14 | F27: =IFERROR((VLOOKUP(B27,'Origem '!$A$1:$H$1002,5,0)*'Mark Up '!$C$2),"X") -> 28916.58 | G27: =IFERROR((VLOOKUP(B27,'Origem '!$A$1:$H$1002,6,0)*'Mark Up '!$C$2),"X") -> 30787.68 | H27: =IFERROR((VLOOKUP(B27,'Origem '!$A$1:$H$1002,7,0)*'Mark Up '!$C$2),"X") -> 31411.38 | I27: =IFERROR((VLOOKUP(B27,'Origem '!$A$1:$H$1002,8,0)*'Mark Up '!$C$2),"X") -> 35592.48
B28: 8072-22 | C28: Mesa Jantar Barcelona c/ Tp Giratório 0,80mt (VD só no Tp Giratório) | D28: 1,60 Ø 0,76 alt | E28: =IFERROR((VLOOKUP(B28,'Origem '!$A$1:$H$1002,4,0)*'Mark Up '!$C$2),"X") -> 25553.22 | F28: =IFERROR((VLOOKUP(B28,'Origem '!$A$1:$H$1002,5,0)*'Mark Up '!$C$2),"X") -> 30145.5 | G28: =IFERROR((VLOOKUP(B28,'Origem '!$A$1:$H$1002,6,0)*'Mark Up '!$C$2),"X") -> 32201.4 | H28: =IFERROR((VLOOKUP(B28,'Origem '!$A$1:$H$1002,7,0)*'Mark Up '!$C$2),"X") -> 32852.82 | I28: =IFERROR((VLOOKUP(B28,'Origem '!$A$1:$H$1002,8,0)*'Mark Up '!$C$2),"X") -> 37879.38
B29: 8072-23 | C29: Mesa Jantar Barcelona c/ Tp Giratório 0,90mt (VD só no Tp Giratório) | D29: 1,80 Ø 0,76 alt | E29: =IFERROR((VLOOKUP(B29,'Origem '!$A$1:$H$1002,4,0)*'Mark Up '!$C$2),"X") -> 29115.24 | F29: =IFERROR((VLOOKUP(B29,'Origem '!$A$1:$H$1002,5,0)*'Mark Up '!$C$2),"X") -> 36747.48 | G29: =IFERROR((VLOOKUP(B29,'Origem '!$A$1:$H$1002,6,0)*'Mark Up '!$C$2),"X") -> 39570.3 | H29: =IFERROR((VLOOKUP(B29,'Origem '!$A$1:$H$1002,7,0)*'Mark Up '!$C$2),"X") -> 40374.18 | I29: =IFERROR((VLOOKUP(B29,'Origem '!$A$1:$H$1002,8,0)*'Mark Up '!$C$2),"X") -> 47225.64
B30: 8072-24 | C30: Mesa Jantar Barcelona c/ Tp Giratório 0,90mt (VD só no Tp Giratório) | D30: 2,00 Ø 0,76 alt | E30: =IFERROR((VLOOKUP(B30,'Origem '!$A$1:$H$1002,4,0)*'Mark Up '!$C$2),"X") -> 34552.98 | F30: =IFERROR((VLOOKUP(B30,'Origem '!$A$1:$H$1002,5,0)*'Mark Up '!$C$2),"X") -> 43719.06 | G30: =IFERROR((VLOOKUP(B30,'Origem '!$A$1:$H$1002,6,0)*'Mark Up '!$C$2),"X") -> 47581.38 | H30: =IFERROR((VLOOKUP(B30,'Origem '!$A$1:$H$1002,7,0)*'Mark Up '!$C$2),"X") -> 48551.58 | I30: =IFERROR((VLOOKUP(B30,'Origem '!$A$1:$H$1002,8,0)*'Mark Up '!$C$2),"X") -> 56631.96
A31: BARCELONA | B31: 8096-0 | C31: Mesa Jantar Elíptica Barcelona | D31: 2,00 x 1,20 x 0,76 | E31: =IFERROR((VLOOKUP(B31,'Origem '!$A$1:$H$1002,4,0)*'Mark Up '!$C$2),"X") -> 23303.28 | F31: =IFERROR((VLOOKUP(B31,'Origem '!$A$1:$H$1002,5,0)*'Mark Up '!$C$2),"X") -> 24924.9 | G31: =IFERROR((VLOOKUP(B31,'Origem '!$A$1:$H$1002,6,0)*'Mark Up '!$C$2),"X") -> 27105.54 | H31: =IFERROR((VLOOKUP(B31,'Origem '!$A$1:$H$1002,7,0)*'Mark Up '!$C$2),"X") -> 28334.46 | I31: =IFERROR((VLOOKUP(B31,'Origem '!$A$1:$H$1002,8,0)*'Mark Up '!$C$2),"X") -> 30695.28
B32: 8096-1 | C32: Mesa Jantar Elíptica Barcelona | D32: 2,20 x 1,20 x 0,76 | E32: =IFERROR((VLOOKUP(B32,'Origem '!$A$1:$H$1002,4,0)*'Mark Up '!$C$2),"X") -> 26052.18 | F32: =IFERROR((VLOOKUP(B32,'Origem '!$A$1:$H$1002,5,0)*'Mark Up '!$C$2),"X") -> 26902.26 | G32: =IFERROR((VLOOKUP(B32,'Origem '!$A$1:$H$1002,6,0)*'Mark Up '!$C$2),"X") -> 29124.48 | H32: =IFERROR((VLOOKUP(B32,'Origem '!$A$1:$H$1002,7,0)*'Mark Up '!$C$2),"X") -> 31993.5 | I32: =IFERROR((VLOOKUP(B32,'Origem '!$A$1:$H$1002,8,0)*'Mark Up '!$C$2),"X") -> 34446.72
B33: 8096-2 | C33: Mesa Jantar Elíptica Barcelona | D33: 2,40 x 1,20 x 0,76 | E33: =IFERROR((VLOOKUP(B33,'Origem '!$A$1:$H$1002,4,0)*'Mark Up '!$C$2),"X") -> 28057.26 | F33: =IFERROR((VLOOKUP(B33,'Origem '!$A$1:$H$1002,5,0)*'Mark Up '!$C$2),"X") -> 28676.34 | G33: =IFERROR((VLOOKUP(B33,'Origem '!$A$1:$H$1002,6,0)*'Mark Up '!$C$2),"X") -> 31665.48 | H33: =IFERROR((VLOOKUP(B33,'Origem '!$A$1:$H$1002,7,0)*'Mark Up '!$C$2),"X") -> 34797.84 | I33: =IFERROR((VLOOKUP(B33,'Origem '!$A$1:$H$1002,8,0)*'Mark Up '!$C$2),"X") -> 39542.58
B34: 8096-12 | C34: Mesa Jantar Elíptica Barcelona | D34: 2,70 x 1,20 x 0,76 | E34: =IFERROR((VLOOKUP(B34,'Origem '!$A$1:$H$1002,4,0)*'Mark Up '!$C$2),"X") -> 31462.2 | F34: =IFERROR((VLOOKUP(B34,'Origem '!$A$1:$H$1002,5,0)*'Mark Up '!$C$2),"X") -> 33213.18 | G34: =IFERROR((VLOOKUP(B34,'Origem '!$A$1:$H$1002,6,0)*'Mark Up '!$C$2),"X") -> 37278.78 | H34: =IFERROR((VLOOKUP(B34,'Origem '!$A$1:$H$1002,7,0)*'Mark Up '!$C$2),"X") -> 38336.76 | I34: =IFERROR((VLOOKUP(B34,'Origem '!$A$1:$H$1002,8,0)*'Mark Up '!$C$2),"X") -> 40766.88
B35: 8096-13 | C35: Mesa Jantar Elíptica Barcelona | D35: 3,00 x 1,20 x 0,76 | E35: =IFERROR((VLOOKUP(B35,'Origem '!$A$1:$H$1002,4,0)*'Mark Up '!$C$2),"X") -> 38812.62 | F35: =IFERROR((VLOOKUP(B35,'Origem '!$A$1:$H$1002,5,0)*'Mark Up '!$C$2),"X") -> 40568.22 | G35: =IFERROR((VLOOKUP(B35,'Origem '!$A$1:$H$1002,6,0)*'Mark Up '!$C$2),"X") -> 44088.66 | H35: =IFERROR((VLOOKUP(B35,'Origem '!$A$1:$H$1002,7,0)*'Mark Up '!$C$2),"X") -> 48084.96 | I35: =IFERROR((VLOOKUP(B35,'Origem '!$A$1:$H$1002,8,0)*'Mark Up '!$C$2),"X") -> 51693.18
B36: 8096-14 | C36: Mesa Jantar Elíptica Barcelona | D36: 3,20 x 1,20 x 0,76 | E36: =IFERROR((VLOOKUP(B36,'Origem '!$A$1:$H$1002,4,0)*'Mark Up '!$C$2),"X") -> 41663.16 | F36: =IFERROR((VLOOKUP(B36,'Origem '!$A$1:$H$1002,5,0)*'Mark Up '!$C$2),"X") -> 43321.74 | G36: =IFERROR((VLOOKUP(B36,'Origem '!$A$1:$H$1002,6,0)*'Mark Up '!$C$2),"X") -> 47087.04 | H36: =IFERROR((VLOOKUP(B36,'Origem '!$A$1:$H$1002,7,0)*'Mark Up '!$C$2),"X") -> 51674.7 | I36: =IFERROR((VLOOKUP(B36,'Origem '!$A$1:$H$1002,8,0)*'Mark Up '!$C$2),"X") -> 57708.42
A37: BELIZE | B37: 10741-14 | C37: Mesa Jantar Belize | D37: 1,35 Ø 0,76 alt | E37: =IFERROR((VLOOKUP(B37,'Origem '!$A$1:$H$1002,4,0)*'Mark Up '!$C$2),"X") -> 21991.2 | F37: =IFERROR((VLOOKUP(B37,'Origem '!$A$1:$H$1002,5,0)*'Mark Up '!$C$2),"X") -> 23488.08 | G37: =IFERROR((VLOOKUP(B37,'Origem '!$A$1:$H$1002,6,0)*'Mark Up '!$C$2),"X") -> 25174.38 | H37: =IFERROR((VLOOKUP(B37,'Origem '!$A$1:$H$1002,7,0)*'Mark Up '!$C$2),"X") -> 25419.24 | I37: =IFERROR((VLOOKUP(B37,'Origem '!$A$1:$H$1002,8,0)*'Mark Up '!$C$2),"X") -> 26066.04
B38: 10741-18 | C38: Mesa Jantar Belize | D38: 1,48 Ø 0,76 alt | E38: =IFERROR((VLOOKUP(B38,'Origem '!$A$1:$H$1002,4,0)*'Mark Up '!$C$2),"X") -> 23802.24 | F38: =IFERROR((VLOOKUP(B38,'Origem '!$A$1:$H$1002,5,0)*'Mark Up '!$C$2),"X") -> 24356.64 | G38: =IFERROR((VLOOKUP(B38,'Origem '!$A$1:$H$1002,6,0)*'Mark Up '!$C$2),"X") -> 26971.56 | H38: =IFERROR((VLOOKUP(B38,'Origem '!$A$1:$H$1002,7,0)*'Mark Up '!$C$2),"X") -> 27276.48 | I38: =IFERROR((VLOOKUP(B38,'Origem '!$A$1:$H$1002,8,0)*'Mark Up '!$C$2),"X") -> 27937.14
B39: 10741-22 | C39: Mesa Jantar Belize | D39: 1,60 Ø 0,76 alt | E39: =IFERROR((VLOOKUP(B39,'Origem '!$A$1:$H$1002,4,0)*'Mark Up '!$C$2),"X") -> 26375.58 | F39: =IFERROR((VLOOKUP(B39,'Origem '!$A$1:$H$1002,5,0)*'Mark Up '!$C$2),"X") -> 27045.48 | G39: =IFERROR((VLOOKUP(B39,'Origem '!$A$1:$H$1002,6,0)*'Mark Up '!$C$2),"X") -> 29226.12 | H39: =IFERROR((VLOOKUP(B39,'Origem '!$A$1:$H$1002,7,0)*'Mark Up '!$C$2),"X") -> 29780.52 | I39: =IFERROR((VLOOKUP(B39,'Origem '!$A$1:$H$1002,8,0)*'Mark Up '!$C$2),"X") -> 30954
B40: 10741-24 | C40: Mesa Jantar Belize | D40: 1,80 Ø 0,76 alt | E40: =IFERROR((VLOOKUP(B40,'Origem '!$A$1:$H$1002,4,0)*'Mark Up '!$C$2),"X") -> 32880.54 | F40: =IFERROR((VLOOKUP(B40,'Origem '!$A$1:$H$1002,5,0)*'Mark Up '!$C$2),"X") -> 33758.34 | G40: =IFERROR((VLOOKUP(B40,'Origem '!$A$1:$H$1002,6,0)*'Mark Up '!$C$2),"X") -> 35966.7 | H40: =IFERROR((VLOOKUP(B40,'Origem '!$A$1:$H$1002,7,0)*'Mark Up '!$C$2),"X") -> 36941.52 | I40: =IFERROR((VLOOKUP(B40,'Origem '!$A$1:$H$1002,8,0)*'Mark Up '!$C$2),"X") -> 38008.74
B41: 10741-25 | C41: Mesa Jantar Belize | D41: 2,00 Ø 0,76 alt | E41: =IFERROR((VLOOKUP(B41,'Origem '!$A$1:$H$1002,4,0)*'Mark Up '!$C$2),"X") -> 40235.58 | F41: =IFERROR((VLOOKUP(B41,'Origem '!$A$1:$H$1002,5,0)*'Mark Up '!$C$2),"X") -> 40485.06 | G41: =IFERROR((VLOOKUP(B41,'Origem '!$A$1:$H$1002,6,0)*'Mark Up '!$C$2),"X") -> 42587.16 | H41: =IFERROR((VLOOKUP(B41,'Origem '!$A$1:$H$1002,7,0)*'Mark Up '!$C$2),"X") -> 43959.3 | I41: =IFERROR((VLOOKUP(B41,'Origem '!$A$1:$H$1002,8,0)*'Mark Up '!$C$2),"X") -> 44781.66
A42: BELIZE TP GIRATÓRIO | B42: 10741-0 | C42: Mesa Jantar Belize c/ Tp Giratório 0,70mt (VD só no Tp Giratório) | D42: 1,35 Ø 0,76 alt | E42: =IFERROR((VLOOKUP(B42,'Origem '!$A$1:$H$1002,4,0)*'Mark Up '!$C$2),"X") -> 29632.68 | F42: =IFERROR((VLOOKUP(B42,'Origem '!$A$1:$H$1002,5,0)*'Mark Up '!$C$2),"X") -> 33661.32 | G42: =IFERROR((VLOOKUP(B42,'Origem '!$A$1:$H$1002,6,0)*'Mark Up '!$C$2),"X") -> 34206.48 | H42: =IFERROR((VLOOKUP(B42,'Origem '!$A$1:$H$1002,7,0)*'Mark Up '!$C$2),"X") -> 34899.48 | I42: =IFERROR((VLOOKUP(B42,'Origem '!$A$1:$H$1002,8,0)*'Mark Up '!$C$2),"X") -> 36571.92
B43: 10741-1 | C43: Mesa Jantar Belize c/ Tp Giratório 0,70mt (VD só no Tp Giratório) | D43: 1,48 Ø 0,76 alt | E43: =IFERROR((VLOOKUP(B43,'Origem '!$A$1:$H$1002,4,0)*'Mark Up '!$C$2),"X") -> 30635.22 | F43: =IFERROR((VLOOKUP(B43,'Origem '!$A$1:$H$1002,5,0)*'Mark Up '!$C$2),"X") -> 36077.58 | G43: =IFERROR((VLOOKUP(B43,'Origem '!$A$1:$H$1002,6,0)*'Mark Up '!$C$2),"X") -> 36668.94 | H43: =IFERROR((VLOOKUP(B43,'Origem '!$A$1:$H$1002,7,0)*'Mark Up '!$C$2),"X") -> 37408.14 | I43: =IFERROR((VLOOKUP(B43,'Origem '!$A$1:$H$1002,8,0)*'Mark Up '!$C$2),"X") -> 39136.02
B44: 10741-2 | C44: Mesa Jantar Belize c/ Tp Giratório 0,80mt (VD só no Tp Giratório) | D44: 1,60 Ø 0,76 alt | E44: =IFERROR((VLOOKUP(B44,'Origem '!$A$1:$H$1002,4,0)*'Mark Up '!$C$2),"X") -> 32885.16 | F44: =IFERROR((VLOOKUP(B44,'Origem '!$A$1:$H$1002,5,0)*'Mark Up '!$C$2),"X") -> 37315.74 | G44: =IFERROR((VLOOKUP(B44,'Origem '!$A$1:$H$1002,6,0)*'Mark Up '!$C$2),"X") -> 38091.9 | H44: =IFERROR((VLOOKUP(B44,'Origem '!$A$1:$H$1002,7,0)*'Mark Up '!$C$2),"X") -> 38868.06 | I44: =IFERROR((VLOOKUP(B44,'Origem '!$A$1:$H$1002,8,0)*'Mark Up '!$C$2),"X") -> 41589.24
B45: 10741-3 | C45: Mesa Jantar Belize c/ Tp Giratório 0,90mt (VD só no Tp Giratório) | D45: 1,80 Ø 0,76 alt | E45: =IFERROR((VLOOKUP(B45,'Origem '!$A$1:$H$1002,4,0)*'Mark Up '!$C$2),"X") -> 37126.32 | F45: =IFERROR((VLOOKUP(B45,'Origem '!$A$1:$H$1002,5,0)*'Mark Up '!$C$2),"X") -> 42356.16 | G45: =IFERROR((VLOOKUP(B45,'Origem '!$A$1:$H$1002,6,0)*'Mark Up '!$C$2),"X") -> 43543.5 | H45: =IFERROR((VLOOKUP(B45,'Origem '!$A$1:$H$1002,7,0)*'Mark Up '!$C$2),"X") -> 44425.92 | I45: =IFERROR((VLOOKUP(B45,'Origem '!$A$1:$H$1002,8,0)*'Mark Up '!$C$2),"X") -> 48057.24
B46: 10741-4 | C46: Mesa Jantar Belize c/ Tp Giratório 0,90mt (VD só no Tp Giratório) | D46: 2,00 Ø 0,76 alt | E46: =IFERROR((VLOOKUP(B46,'Origem '!$A$1:$H$1002,4,0)*'Mark Up '!$C$2),"X") -> 42619.5 | F46: =IFERROR((VLOOKUP(B46,'Origem '!$A$1:$H$1002,5,0)*'Mark Up '!$C$2),"X") -> 49387.8 | G46: =IFERROR((VLOOKUP(B46,'Origem '!$A$1:$H$1002,6,0)*'Mark Up '!$C$2),"X") -> 51633.12 | H46: =IFERROR((VLOOKUP(B46,'Origem '!$A$1:$H$1002,7,0)*'Mark Up '!$C$2),"X") -> 52681.86 | I46: =IFERROR((VLOOKUP(B46,'Origem '!$A$1:$H$1002,8,0)*'Mark Up '!$C$2),"X") -> 57468.18
A47: BELMONTE | B47: 9188-5 | C47: Mesa Apoio Belmonte | D47: 0,80 Ø 0,76 alt | E47: =IFERROR((VLOOKUP(B47,'Origem '!$A$1:$H$1002,4,0)*'Mark Up '!$C$2),"X") -> 8052.66 | F47: =IFERROR((VLOOKUP(B47,'Origem '!$A$1:$H$1002,5,0)*'Mark Up '!$C$2),"X") -> 9073.68 | G47: =IFERROR((VLOOKUP(B47,'Origem '!$A$1:$H$1002,6,0)*'Mark Up '!$C$2),"X") -> 9854.46 | H47: =IFERROR((VLOOKUP(B47,'Origem '!$A$1:$H$1002,7,0)*'Mark Up '!$C$2),"X") -> 10958.64 | I47: =IFERROR((VLOOKUP(B47,'Origem '!$A$1:$H$1002,8,0)*'Mark Up '!$C$2),"X") -> 11642.4
B48: 9188-3 | C48: Mesa Apoio Belmonte | D48: 0,90 Ø 0,76 alt | E48: =IFERROR((VLOOKUP(B48,'Origem '!$A$1:$H$1002,4,0)*'Mark Up '!$C$2),"X") -> 9142.98 | F48: =IFERROR((VLOOKUP(B48,'Origem '!$A$1:$H$1002,5,0)*'Mark Up '!$C$2),"X") -> 10478.16 | G48: =IFERROR((VLOOKUP(B48,'Origem '!$A$1:$H$1002,6,0)*'Mark Up '!$C$2),"X") -> 11388.3 | H48: =IFERROR((VLOOKUP(B48,'Origem '!$A$1:$H$1002,7,0)*'Mark Up '!$C$2),"X") -> 12515.58 | I48: =IFERROR((VLOOKUP(B48,'Origem '!$A$1:$H$1002,8,0)*'Mark Up '!$C$2),"X") -> 13324.08
B49: 9188-4 | C49: Mesa Jantar Belmonte | D49: 1,00 Ø 0,76 alt | E49: =IFERROR((VLOOKUP(B49,'Origem '!$A$1:$H$1002,4,0)*'Mark Up '!$C$2),"X") -> 11258.94 | F49: =IFERROR((VLOOKUP(B49,'Origem '!$A$1:$H$1002,5,0)*'Mark Up '!$C$2),"X") -> 12132.12 | G49: =IFERROR((VLOOKUP(B49,'Origem '!$A$1:$H$1002,6,0)*'Mark Up '!$C$2),"X") -> 13185.48 | H49: =IFERROR((VLOOKUP(B49,'Origem '!$A$1:$H$1002,7,0)*'Mark Up '!$C$2),"X") -> 14857.92 | I49: =IFERROR((VLOOKUP(B49,'Origem '!$A$1:$H$1002,8,0)*'Mark Up '!$C$2),"X") -> 15481.62
B50: 9188-0 | C50: Mesa Jantar Belmonte | D50: 1,10 Ø 0,76 alt | E50: =IFERROR((VLOOKUP(B50,'Origem '!$A$1:$H$1002,4,0)*'Mark Up '!$C$2),"X") -> 12155.22 | F50: =IFERROR((VLOOKUP(B50,'Origem '!$A$1:$H$1002,5,0)*'Mark Up '!$C$2),"X") -> 13222.44 | G50: =IFERROR((VLOOKUP(B50,'Origem '!$A$1:$H$1002,6,0)*'Mark Up '!$C$2),"X") -> 14372.82 | H50: =IFERROR((VLOOKUP(B50,'Origem '!$A$1:$H$1002,7,0)*'Mark Up '!$C$2),"X") -> 16045.26 | I50: =IFERROR((VLOOKUP(B50,'Origem '!$A$1:$H$1002,8,0)*'Mark Up '!$C$2),"X") -> 16816.8
B51: 9188-1 | C51: Mesa Jantar Belmonte | D51: 1,20 Ø 0,76 alt | E51: =IFERROR((VLOOKUP(B51,'Origem '!$A$1:$H$1002,4,0)*'Mark Up '!$C$2),"X") -> 12963.72 | F51: =IFERROR((VLOOKUP(B51,'Origem '!$A$1:$H$1002,5,0)*'Mark Up '!$C$2),"X") -> 14095.62 | G51: =IFERROR((VLOOKUP(B51,'Origem '!$A$1:$H$1002,6,0)*'Mark Up '!$C$2),"X") -> 15319.92 | H51: =IFERROR((VLOOKUP(B51,'Origem '!$A$1:$H$1002,7,0)*'Mark Up '!$C$2),"X") -> 17186.4 | I51: =IFERROR((VLOOKUP(B51,'Origem '!$A$1:$H$1002,8,0)*'Mark Up '!$C$2),"X") -> 18221.28
B52: 9180-0 | C52: Mesa Jantar Belmonte | D52: 1,35 Ø 0,76 alt | E52: =IFERROR((VLOOKUP(B52,'Origem '!$A$1:$H$1002,4,0)*'Mark Up '!$C$2),"X") -> 17274.18 | F52: =IFERROR((VLOOKUP(B52,'Origem '!$A$1:$H$1002,5,0)*'Mark Up '!$C$2),"X") -> 18590.88 | G52: =IFERROR((VLOOKUP(B52,'Origem '!$A$1:$H$1002,6,0)*'Mark Up '!$C$2),"X") -> 20309.52 | H52: =IFERROR((VLOOKUP(B52,'Origem '!$A$1:$H$1002,7,0)*'Mark Up '!$C$2),"X") -> 21690.9 | I52: =IFERROR((VLOOKUP(B52,'Origem '!$A$1:$H$1002,8,0)*'Mark Up '!$C$2),"X") -> 23996.28
B53: 9180-1 | C53: Mesa Jantar Belmonte | D53: 1,48 Ø 0,76 alt | E53: =IFERROR((VLOOKUP(B53,'Origem '!$A$1:$H$1002,4,0)*'Mark Up '!$C$2),"X") -> 18928.14 | F53: =IFERROR((VLOOKUP(B53,'Origem '!$A$1:$H$1002,5,0)*'Mark Up '!$C$2),"X") -> 20406.54 | G53: =IFERROR((VLOOKUP(B53,'Origem '!$A$1:$H$1002,6,0)*'Mark Up '!$C$2),"X") -> 22434.72 | H53: =IFERROR((VLOOKUP(B53,'Origem '!$A$1:$H$1002,7,0)*'Mark Up '!$C$2),"X") -> 23423.4 | I53: =IFERROR((VLOOKUP(B53,'Origem '!$A$1:$H$1002,8,0)*'Mark Up '!$C$2),"X") -> 25945.92
B54: 9180-2 | C54: Mesa Jantar Belmonte | D54: 1,60 Ø 0,76 alt | E54: =IFERROR((VLOOKUP(B54,'Origem '!$A$1:$H$1002,4,0)*'Mark Up '!$C$2),"X") -> 20651.4 | F54: =IFERROR((VLOOKUP(B54,'Origem '!$A$1:$H$1002,5,0)*'Mark Up '!$C$2),"X") -> 21455.28 | G54: =IFERROR((VLOOKUP(B54,'Origem '!$A$1:$H$1002,6,0)*'Mark Up '!$C$2),"X") -> 23788.38 | H54: =IFERROR((VLOOKUP(B54,'Origem '!$A$1:$H$1002,7,0)*'Mark Up '!$C$2),"X") -> 25377.66 | I54: =IFERROR((VLOOKUP(B54,'Origem '!$A$1:$H$1002,8,0)*'Mark Up '!$C$2),"X") -> 28394.52
B55: 9180-3 | C55: Mesa Jantar Belmonte | D55: 1,80 Ø 0,76 alt | E55: =IFERROR((VLOOKUP(B55,'Origem '!$A$1:$H$1002,4,0)*'Mark Up '!$C$2),"X") -> 26745.18 | F55: =IFERROR((VLOOKUP(B55,'Origem '!$A$1:$H$1002,5,0)*'Mark Up '!$C$2),"X") -> 28403.76 | G55: =IFERROR((VLOOKUP(B55,'Origem '!$A$1:$H$1002,6,0)*'Mark Up '!$C$2),"X") -> 31365.18 | H55: =IFERROR((VLOOKUP(B55,'Origem '!$A$1:$H$1002,7,0)*'Mark Up '!$C$2),"X") -> 34358.94 | I55: =IFERROR((VLOOKUP(B55,'Origem '!$A$1:$H$1002,8,0)*'Mark Up '!$C$2),"X") -> 38831.1
B56: 9180-4 | C56: Mesa Jantar Belmonte | D56: 2,00 Ø 0,76 alt | E56: =IFERROR((VLOOKUP(B56,'Origem '!$A$1:$H$1002,4,0)*'Mark Up '!$C$2),"X") -> 34035.54 | F56: =IFERROR((VLOOKUP(B56,'Origem '!$A$1:$H$1002,5,0)*'Mark Up '!$C$2),"X") -> 35255.22 | G56: =IFERROR((VLOOKUP(B56,'Origem '!$A$1:$H$1002,6,0)*'Mark Up '!$C$2),"X") -> 39015.9 | H56: =IFERROR((VLOOKUP(B56,'Origem '!$A$1:$H$1002,7,0)*'Mark Up '!$C$2),"X") -> 41136.48 | I56: =IFERROR((VLOOKUP(B56,'Origem '!$A$1:$H$1002,8,0)*'Mark Up '!$C$2),"X") -> 44291.94
A57: BELMONTE TP GIRATÓRIO | B57: 9180-20 | C57: Mesa Jantar Belmonte c/ Tp Giratório 0,70mt (VD só no Tp Giratório) | D57: 1,35 Ø 0,76 alt | E57: =IFERROR((VLOOKUP(B57,'Origem '!$A$1:$H$1002,4,0)*'Mark Up '!$C$2),"X") -> 23991.66 | F57: =IFERROR((VLOOKUP(B57,'Origem '!$A$1:$H$1002,5,0)*'Mark Up '!$C$2),"X") -> 28436.1 | G57: =IFERROR((VLOOKUP(B57,'Origem '!$A$1:$H$1002,6,0)*'Mark Up '!$C$2),"X") -> 30011.52 | H57: =IFERROR((VLOOKUP(B57,'Origem '!$A$1:$H$1002,7,0)*'Mark Up '!$C$2),"X") -> 30616.74 | I57: =IFERROR((VLOOKUP(B57,'Origem '!$A$1:$H$1002,8,0)*'Mark Up '!$C$2),"X") -> 34275.78
B58: 9180-21 | C58: Mesa Jantar Belmonte c/ Tp Giratório 0,70mt (VD só no Tp Giratório) | D58: 1,48 Ø 0,76 alt | E58: =IFERROR((VLOOKUP(B58,'Origem '!$A$1:$H$1002,4,0)*'Mark Up '!$C$2),"X") -> 24984.96 | F58: =IFERROR((VLOOKUP(B58,'Origem '!$A$1:$H$1002,5,0)*'Mark Up '!$C$2),"X") -> 30838.5 | G58: =IFERROR((VLOOKUP(B58,'Origem '!$A$1:$H$1002,6,0)*'Mark Up '!$C$2),"X") -> 32450.88 | H58: =IFERROR((VLOOKUP(B58,'Origem '!$A$1:$H$1002,7,0)*'Mark Up '!$C$2),"X") -> 33106.92 | I58: =IFERROR((VLOOKUP(B58,'Origem '!$A$1:$H$1002,8,0)*'Mark Up '!$C$2),"X") -> 36996.96
B59: 9180-22 | C59: Mesa Jantar Belmonte c/ Tp Giratório 0,80mt (VD só no Tp Giratório) | D59: 1,60 Ø 0,76 alt | E59: =IFERROR((VLOOKUP(B59,'Origem '!$A$1:$H$1002,4,0)*'Mark Up '!$C$2),"X") -> 27211.8 | F59: =IFERROR((VLOOKUP(B59,'Origem '!$A$1:$H$1002,5,0)*'Mark Up '!$C$2),"X") -> 32067.42 | G59: =IFERROR((VLOOKUP(B59,'Origem '!$A$1:$H$1002,6,0)*'Mark Up '!$C$2),"X") -> 33850.74 | H59: =IFERROR((VLOOKUP(B59,'Origem '!$A$1:$H$1002,7,0)*'Mark Up '!$C$2),"X") -> 34543.74 | I59: =IFERROR((VLOOKUP(B59,'Origem '!$A$1:$H$1002,8,0)*'Mark Up '!$C$2),"X") -> 39293.1
B60: 9180-23 | C60: Mesa Jantar Belmonte c/ Tp Giratório 0,90mt (VD só no Tp Giratório) | D60: 1,80 Ø 0,76 alt | E60: =IFERROR((VLOOKUP(B60,'Origem '!$A$1:$H$1002,4,0)*'Mark Up '!$C$2),"X") -> 30584.4 | F60: =IFERROR((VLOOKUP(B60,'Origem '!$A$1:$H$1002,5,0)*'Mark Up '!$C$2),"X") -> 37726.92 | G60: =IFERROR((VLOOKUP(B60,'Origem '!$A$1:$H$1002,6,0)*'Mark Up '!$C$2),"X") -> 40679.1 | H60: =IFERROR((VLOOKUP(B60,'Origem '!$A$1:$H$1002,7,0)*'Mark Up '!$C$2),"X") -> 41506.08 | I60: =IFERROR((VLOOKUP(B60,'Origem '!$A$1:$H$1002,8,0)*'Mark Up '!$C$2),"X") -> 48667.08
B61: 9180-24 | C61: Mesa Jantar Belmonte c/ Tp Giratório 0,90mt (VD só no Tp Giratório) | D61: 2,00 Ø 0,76 alt | E61: =IFERROR((VLOOKUP(B61,'Origem '!$A$1:$H$1002,4,0)*'Mark Up '!$C$2),"X") -> 36017.52 | F61: =IFERROR((VLOOKUP(B61,'Origem '!$A$1:$H$1002,5,0)*'Mark Up '!$C$2),"X") -> 44703.12 | G61: =IFERROR((VLOOKUP(B61,'Origem '!$A$1:$H$1002,6,0)*'Mark Up '!$C$2),"X") -> 48685.56 | H61: =IFERROR((VLOOKUP(B61,'Origem '!$A$1:$H$1002,7,0)*'Mark Up '!$C$2),"X") -> 49678.86 | I61: =IFERROR((VLOOKUP(B61,'Origem '!$A$1:$H$1002,8,0)*'Mark Up '!$C$2),"X") -> 58073.4
A62: BELMONTE | B62: 11140-1 | C62: Mesa Bistrô Belmonte | D62: 0,80 Ø 1,00 alt | E62: =IFERROR((VLOOKUP(B62,'Origem '!$A$1:$H$1002,4,0)*'Mark Up '!$C$2),"X") -> 10579.8 | F62: =IFERROR((VLOOKUP(B62,'Origem '!$A$1:$H$1002,5,0)*'Mark Up '!$C$2),"X") -> 11591.58 | G62: =IFERROR((VLOOKUP(B62,'Origem '!$A$1:$H$1002,6,0)*'Mark Up '!$C$2),"X") -> 12594.12 | H62: =IFERROR((VLOOKUP(B62,'Origem '!$A$1:$H$1002,7,0)*'Mark Up '!$C$2),"X") -> 13328.7 | I62: =IFERROR((VLOOKUP(B62,'Origem '!$A$1:$H$1002,8,0)*'Mark Up '!$C$2),"X") -> 13869.24
B63: 11140-2 | C63: Mesa Bistrô Belmonte | D63: 0,90 Ø 1,00 alt | E63: =IFERROR((VLOOKUP(B63,'Origem '!$A$1:$H$1002,4,0)*'Mark Up '!$C$2),"X") -> 11134.2 | F63: =IFERROR((VLOOKUP(B63,'Origem '!$A$1:$H$1002,5,0)*'Mark Up '!$C$2),"X") -> 12132.12 | G63: =IFERROR((VLOOKUP(B63,'Origem '!$A$1:$H$1002,6,0)*'Mark Up '!$C$2),"X") -> 13185.48 | H63: =IFERROR((VLOOKUP(B63,'Origem '!$A$1:$H$1002,7,0)*'Mark Up '!$C$2),"X") -> 14118.72 | I63: =IFERROR((VLOOKUP(B63,'Origem '!$A$1:$H$1002,8,0)*'Mark Up '!$C$2),"X") -> 14700.84
A64: BELMONTE | B64: 9180-5 | C64: Mesa Jantar Belmonte (base e tampo elíptico) | D64: 2,00 x 1,20 x 0,76 | E64: =IFERROR((VLOOKUP(B64,'Origem '!$A$1:$H$1002,4,0)*'Mark Up '!$C$2),"X") -> 26412.54 | F64: =IFERROR((VLOOKUP(B64,'Origem '!$A$1:$H$1002,5,0)*'Mark Up '!$C$2),"X") -> 28140.42 | G64: =IFERROR((VLOOKUP(B64,'Origem '!$A$1:$H$1002,6,0)*'Mark Up '!$C$2),"X") -> 30579.78 | H64: =IFERROR((VLOOKUP(B64,'Origem '!$A$1:$H$1002,7,0)*'Mark Up '!$C$2),"X") -> 31905.72 | I64: =IFERROR((VLOOKUP(B64,'Origem '!$A$1:$H$1002,8,0)*'Mark Up '!$C$2),"X") -> 34950.3
B65: 9180-8 | C65: Mesa Jantar Belmonte (base e tampo elíptico) | D65: 2,20 x 1,20 x 0,76 | E65: =IFERROR((VLOOKUP(B65,'Origem '!$A$1:$H$1002,4,0)*'Mark Up '!$C$2),"X") -> 29771.28 | F65: =IFERROR((VLOOKUP(B65,'Origem '!$A$1:$H$1002,5,0)*'Mark Up '!$C$2),"X") -> 30889.32 | G65: =IFERROR((VLOOKUP(B65,'Origem '!$A$1:$H$1002,6,0)*'Mark Up '!$C$2),"X") -> 33573.54 | H65: =IFERROR((VLOOKUP(B65,'Origem '!$A$1:$H$1002,7,0)*'Mark Up '!$C$2),"X") -> 35666.4 | I65: =IFERROR((VLOOKUP(B65,'Origem '!$A$1:$H$1002,8,0)*'Mark Up '!$C$2),"X") -> 38775.66
B66: 9180-9 | C66: Mesa Jantar Belmonte (base e tampo elíptico) | D66: 2,40 x 1,20 x 0,76 | E66: =IFERROR((VLOOKUP(B66,'Origem '!$A$1:$H$1002,4,0)*'Mark Up '!$C$2),"X") -> 31711.68 | F66: =IFERROR((VLOOKUP(B66,'Origem '!$A$1:$H$1002,5,0)*'Mark Up '!$C$2),"X") -> 33836.88 | G66: =IFERROR((VLOOKUP(B66,'Origem '!$A$1:$H$1002,6,0)*'Mark Up '!$C$2),"X") -> 36775.2 | H66: =IFERROR((VLOOKUP(B66,'Origem '!$A$1:$H$1002,7,0)*'Mark Up '!$C$2),"X") -> 38262.84 | I66: =IFERROR((VLOOKUP(B66,'Origem '!$A$1:$H$1002,8,0)*'Mark Up '!$C$2),"X") -> 43136.94
B67: 9180-12 | C67: Mesa Jantar Belmonte (base e tampo elíptico) | D67: 2,70 x 1,20 x 0,76 | E67: =IFERROR((VLOOKUP(B67,'Origem '!$A$1:$H$1002,4,0)*'Mark Up '!$C$2),"X") -> 35537.04 | F67: =IFERROR((VLOOKUP(B67,'Origem '!$A$1:$H$1002,5,0)*'Mark Up '!$C$2),"X") -> 37140.18 | G67: =IFERROR((VLOOKUP(B67,'Origem '!$A$1:$H$1002,6,0)*'Mark Up '!$C$2),"X") -> 40364.94 | H67: =IFERROR((VLOOKUP(B67,'Origem '!$A$1:$H$1002,7,0)*'Mark Up '!$C$2),"X") -> 42092.82 | I67: =IFERROR((VLOOKUP(B67,'Origem '!$A$1:$H$1002,8,0)*'Mark Up '!$C$2),"X") -> 45539.34
B68: 9180-13 | C68: Mesa Jantar Belmonte (base e tampo elíptico) | D68: 3,00 x 1,20 x 0,76 | E68: =IFERROR((VLOOKUP(B68,'Origem '!$A$1:$H$1002,4,0)*'Mark Up '!$C$2),"X") -> 41515.32 | F68: =IFERROR((VLOOKUP(B68,'Origem '!$A$1:$H$1002,5,0)*'Mark Up '!$C$2),"X") -> 45128.16 | G68: =IFERROR((VLOOKUP(B68,'Origem '!$A$1:$H$1002,6,0)*'Mark Up '!$C$2),"X") -> 49050.54 | H68: =IFERROR((VLOOKUP(B68,'Origem '!$A$1:$H$1002,7,0)*'Mark Up '!$C$2),"X") -> 51905.7 | I68: =IFERROR((VLOOKUP(B68,'Origem '!$A$1:$H$1002,8,0)*'Mark Up '!$C$2),"X") -> 58678.62
B69: 9180-14 | C69: Mesa Jantar Belmonte (base e tampo elíptico) | D69: 3,20 x 1,20 x 0,76 | E69: =IFERROR((VLOOKUP(B69,'Origem '!$A$1:$H$1002,4,0)*'Mark Up '!$C$2),"X") -> 43261.68 | F69: =IFERROR((VLOOKUP(B69,'Origem '!$A$1:$H$1002,5,0)*'Mark Up '!$C$2),"X") -> 46583.46 | G69: =IFERROR((VLOOKUP(B69,'Origem '!$A$1:$H$1002,6,0)*'Mark Up '!$C$2),"X") -> 50630.58 | H69: =IFERROR((VLOOKUP(B69,'Origem '!$A$1:$H$1002,7,0)*'Mark Up '!$C$2),"X") -> 54409.74 | I69: =IFERROR((VLOOKUP(B69,'Origem '!$A$1:$H$1002,8,0)*'Mark Up '!$C$2),"X") -> 60646.74
A70: BIONDO | B70: 11250-14 | C70: Mesa Jantar Biondo (Tampo Orgânico) | D70: 1,35 Ø 0,76 alt | E70: =IFERROR((VLOOKUP(B70,'Origem '!$A$1:$H$1002,4,0)*'Mark Up '!$C$2),"X") -> 17676.12 | F70: =IFERROR((VLOOKUP(B70,'Origem '!$A$1:$H$1002,5,0)*'Mark Up '!$C$2),"X") -> 18193.56 | G70: =IFERROR((VLOOKUP(B70,'Origem '!$A$1:$H$1002,6,0)*'Mark Up '!$C$2),"X") -> 20517.42 | H70: =IFERROR((VLOOKUP(B70,'Origem '!$A$1:$H$1002,7,0)*'Mark Up '!$C$2),"X") -> 21279.72 | I70: =IFERROR((VLOOKUP(B70,'Origem '!$A$1:$H$1002,8,0)*'Mark Up '!$C$2),"X") -> 23871.54
B71: 11250-18 | C71: Mesa Jantar Biondo (Tampo Orgânico) | D71: 1,48 Ø 0,76 alt | E71: =IFERROR((VLOOKUP(B71,'Origem '!$A$1:$H$1002,4,0)*'Mark Up '!$C$2),"X") -> 19635 | F71: =IFERROR((VLOOKUP(B71,'Origem '!$A$1:$H$1002,5,0)*'Mark Up '!$C$2),"X") -> 20198.64 | G71: =IFERROR((VLOOKUP(B71,'Origem '!$A$1:$H$1002,6,0)*'Mark Up '!$C$2),"X") -> 22901.34 | H71: =IFERROR((VLOOKUP(B71,'Origem '!$A$1:$H$1002,7,0)*'Mark Up '!$C$2),"X") -> 23742.18 | I71: =IFERROR((VLOOKUP(B71,'Origem '!$A$1:$H$1002,8,0)*'Mark Up '!$C$2),"X") -> 26606.58
B72: 11250-22 | C72: Mesa Jantar Biondo (Tampo Orgânico) | D72: 1,60 Ø 0,76 alt | E72: =IFERROR((VLOOKUP(B72,'Origem '!$A$1:$H$1002,4,0)*'Mark Up '!$C$2),"X") -> 21399.84 | F72: =IFERROR((VLOOKUP(B72,'Origem '!$A$1:$H$1002,5,0)*'Mark Up '!$C$2),"X") -> 22139.04 | G72: =IFERROR((VLOOKUP(B72,'Origem '!$A$1:$H$1002,6,0)*'Mark Up '!$C$2),"X") -> 25095.84 | H72: =IFERROR((VLOOKUP(B72,'Origem '!$A$1:$H$1002,7,0)*'Mark Up '!$C$2),"X") -> 25400.76 | I72: =IFERROR((VLOOKUP(B72,'Origem '!$A$1:$H$1002,8,0)*'Mark Up '!$C$2),"X") -> 28519.26
B73: 11250-24 | C73: Mesa Jantar Biondo (Tampo Orgânico) | D73: 1,80 Ø 0,76 alt | E73: =IFERROR((VLOOKUP(B73,'Origem '!$A$1:$H$1002,4,0)*'Mark Up '!$C$2),"X") -> 27798.54 | F73: =IFERROR((VLOOKUP(B73,'Origem '!$A$1:$H$1002,5,0)*'Mark Up '!$C$2),"X") -> 28329.84 | G73: =IFERROR((VLOOKUP(B73,'Origem '!$A$1:$H$1002,6,0)*'Mark Up '!$C$2),"X") -> 31087.98 | H73: =IFERROR((VLOOKUP(B73,'Origem '!$A$1:$H$1002,7,0)*'Mark Up '!$C$2),"X") -> 32594.1 | I73: =IFERROR((VLOOKUP(B73,'Origem '!$A$1:$H$1002,8,0)*'Mark Up '!$C$2),"X") -> 36595.02
B74: 11250-25 | C74: Mesa Jantar Biondo (Tampo Orgânico) | D74: 2,00 Ø 0,76 alt | E74: =IFERROR((VLOOKUP(B74,'Origem '!$A$1:$H$1002,4,0)*'Mark Up '!$C$2),"X") -> 34733.16 | F74: =IFERROR((VLOOKUP(B74,'Origem '!$A$1:$H$1002,5,0)*'Mark Up '!$C$2),"X") -> 31970.4 | G74: =IFERROR((VLOOKUP(B74,'Origem '!$A$1:$H$1002,6,0)*'Mark Up '!$C$2),"X") -> 36008.28 | H74: =IFERROR((VLOOKUP(B74,'Origem '!$A$1:$H$1002,7,0)*'Mark Up '!$C$2),"X") -> 40161.66 | I74: =IFERROR((VLOOKUP(B74,'Origem '!$A$1:$H$1002,8,0)*'Mark Up '!$C$2),"X") -> 42402.36
A75: BOLOGNA | B75: 10200-72 | C75: Mesa Jantar Bologna Tp Garrafa | D75: 1,80 x 1,00 x 0,76 | E75: =IFERROR((VLOOKUP(B75,'Origem '!$A$1:$H$1002,4,0)*'Mark Up '!$C$2),"X") -> 18304.44 | F75: =IFERROR((VLOOKUP(B75,'Origem '!$A$1:$H$1002,5,0)*'Mark Up '!$C$2),"X") -> 19856.76 | G75: =IFERROR((VLOOKUP(B75,'Origem '!$A$1:$H$1002,6,0)*'Mark Up '!$C$2),"X") -> 21575.4 | H75: =IFERROR((VLOOKUP(B75,'Origem '!$A$1:$H$1002,7,0)*'Mark Up '!$C$2),"X") -> 23210.88 | I75: =IFERROR((VLOOKUP(B75,'Origem '!$A$1:$H$1002,8,0)*'Mark Up '!$C$2),"X") -> 26856.06
B76: 10200-76 | C76: Mesa Jantar Bologna Tp Garrafa | D76: 2,00 x 1,00 x 0,76 | E76: =IFERROR((VLOOKUP(B76,'Origem '!$A$1:$H$1002,4,0)*'Mark Up '!$C$2),"X") -> 19117.56 | F76: =IFERROR((VLOOKUP(B76,'Origem '!$A$1:$H$1002,5,0)*'Mark Up '!$C$2),"X") -> 21700.14 | G76: =IFERROR((VLOOKUP(B76,'Origem '!$A$1:$H$1002,6,0)*'Mark Up '!$C$2),"X") -> 22527.12 | H76: =IFERROR((VLOOKUP(B76,'Origem '!$A$1:$H$1002,7,0)*'Mark Up '!$C$2),"X") -> 25502.4 | I76: =IFERROR((VLOOKUP(B76,'Origem '!$A$1:$H$1002,8,0)*'Mark Up '!$C$2),"X") -> 28260.54
B77: 10200-82 | C77: Mesa Jantar Bologna Tp Garrafa | D77: 2,20 x 1,10 x 0,76 | E77: =IFERROR((VLOOKUP(B77,'Origem '!$A$1:$H$1002,4,0)*'Mark Up '!$C$2),"X") -> 21247.38 | F77: =IFERROR((VLOOKUP(B77,'Origem '!$A$1:$H$1002,5,0)*'Mark Up '!$C$2),"X") -> 23363.34 | G77: =IFERROR((VLOOKUP(B77,'Origem '!$A$1:$H$1002,6,0)*'Mark Up '!$C$2),"X") -> 25391.52 | H77: =IFERROR((VLOOKUP(B77,'Origem '!$A$1:$H$1002,7,0)*'Mark Up '!$C$2),"X") -> 26486.46 | I77: =IFERROR((VLOOKUP(B77,'Origem '!$A$1:$H$1002,8,0)*'Mark Up '!$C$2),"X") -> 30612.12
B78: 10200-88 | C78: Mesa Jantar Bologna Tp Garrafa | D78: 2,40 x 1,10 x 0,76 | E78: =IFERROR((VLOOKUP(B78,'Origem '!$A$1:$H$1002,4,0)*'Mark Up '!$C$2),"X") -> 22217.58 | F78: =IFERROR((VLOOKUP(B78,'Origem '!$A$1:$H$1002,5,0)*'Mark Up '!$C$2),"X") -> 23982.42 | G78: =IFERROR((VLOOKUP(B78,'Origem '!$A$1:$H$1002,6,0)*'Mark Up '!$C$2),"X") -> 26246.22 | H78: =IFERROR((VLOOKUP(B78,'Origem '!$A$1:$H$1002,7,0)*'Mark Up '!$C$2),"X") -> 27622.98 | I78: =IFERROR((VLOOKUP(B78,'Origem '!$A$1:$H$1002,8,0)*'Mark Up '!$C$2),"X") -> 31434.48
B79: 10200-94 | C79: Mesa Jantar Bologna Tp Garrafa | D79: 2,70 x 1,20 x 0,76 | E79: =IFERROR((VLOOKUP(B79,'Origem '!$A$1:$H$1002,4,0)*'Mark Up '!$C$2),"X") -> 25336.08 | F79: =IFERROR((VLOOKUP(B79,'Origem '!$A$1:$H$1002,5,0)*'Mark Up '!$C$2),"X") -> 26971.56 | G79: =IFERROR((VLOOKUP(B79,'Origem '!$A$1:$H$1002,6,0)*'Mark Up '!$C$2),"X") -> 29618.82 | H79: =IFERROR((VLOOKUP(B79,'Origem '!$A$1:$H$1002,7,0)*'Mark Up '!$C$2),"X") -> 31268.16 | I79: =IFERROR((VLOOKUP(B79,'Origem '!$A$1:$H$1002,8,0)*'Mark Up '!$C$2),"X") -> 35343
B80: 10200-96 | C80: Mesa Jantar Bologna Tp Garrafa | D80: 3,00 x 1,20 x 0,76 | E80: =IFERROR((VLOOKUP(B80,'Origem '!$A$1:$H$1002,4,0)*'Mark Up '!$C$2),"X") -> 31531.5 | F80: =IFERROR((VLOOKUP(B80,'Origem '!$A$1:$H$1002,5,0)*'Mark Up '!$C$2),"X") -> 34562.22 | G80: =IFERROR((VLOOKUP(B80,'Origem '!$A$1:$H$1002,6,0)*'Mark Up '!$C$2),"X") -> 37565.22 | H80: =IFERROR((VLOOKUP(B80,'Origem '!$A$1:$H$1002,7,0)*'Mark Up '!$C$2),"X") -> 39736.62 | I80: =IFERROR((VLOOKUP(B80,'Origem '!$A$1:$H$1002,8,0)*'Mark Up '!$C$2),"X") -> 44462.88
B81: 10200-98 | C81: Mesa Jantar Bologna Tp Garrafa | D81: 3,20 x 1,20 x 0,76 | E81: =IFERROR((VLOOKUP(B81,'Origem '!$A$1:$H$1002,4,0)*'Mark Up '!$C$2),"X") -> 33093.06 | F81: =IFERROR((VLOOKUP(B81,'Origem '!$A$1:$H$1002,5,0)*'Mark Up '!$C$2),"X") -> 35343 | G81: =IFERROR((VLOOKUP(B81,'Origem '!$A$1:$H$1002,6,0)*'Mark Up '!$C$2),"X") -> 38410.68 | H81: =IFERROR((VLOOKUP(B81,'Origem '!$A$1:$H$1002,7,0)*'Mark Up '!$C$2),"X") -> 40753.02 | I81: =IFERROR((VLOOKUP(B81,'Origem '!$A$1:$H$1002,8,0)*'Mark Up '!$C$2),"X") -> 45761.1
B82: 10200-16 | C82: Mesa Jantar Bologna Tp Garrafa (se com vidro, vidro bi-partido) | D82: 3,50 x 1,20 x 0,76 | E82: =IFERROR((VLOOKUP(B82,'Origem '!$A$1:$H$1002,4,0)*'Mark Up '!$C$2),"X") -> 43192.38 | F82: =IFERROR((VLOOKUP(B82,'Origem '!$A$1:$H$1002,5,0)*'Mark Up '!$C$2),"X") -> 46287.78 | G82: =IFERROR((VLOOKUP(B82,'Origem '!$A$1:$H$1002,6,0)*'Mark Up '!$C$2),"X") -> 48722.52 | H82: =IFERROR((VLOOKUP(B82,'Origem '!$A$1:$H$1002,7,0)*'Mark Up '!$C$2),"X") -> 50122.38 | I82: =IFERROR((VLOOKUP(B82,'Origem '!$A$1:$H$1002,8,0)*'Mark Up '!$C$2),"X") -> 55130.46
B83: 10200-18 | C83: Mesa Jantar Bologna Tp Garrafa (se com vidro, vidro bi-partido) | D83: 3,70 x 1,20 x 0,76 | E83: =IFERROR((VLOOKUP(B83,'Origem '!$A$1:$H$1002,4,0)*'Mark Up '!$C$2),"X") -> 45548.58 | F83: =IFERROR((VLOOKUP(B83,'Origem '!$A$1:$H$1002,5,0)*'Mark Up '!$C$2),"X") -> 49290.78 | G83: =IFERROR((VLOOKUP(B83,'Origem '!$A$1:$H$1002,6,0)*'Mark Up '!$C$2),"X") -> 51877.98 | H83: =IFERROR((VLOOKUP(B83,'Origem '!$A$1:$H$1002,7,0)*'Mark Up '!$C$2),"X") -> 54608.4 | I83: =IFERROR((VLOOKUP(B83,'Origem '!$A$1:$H$1002,8,0)*'Mark Up '!$C$2),"X") -> 58521.54
B84: 10200-20 | C84: Mesa Jantar Bologna Tp Garrafa (se com vidro, vidro bi-partido) | D84: 4,00 x 1,20 x 0,76 | E84: =IFERROR((VLOOKUP(B84,'Origem '!$A$1:$H$1002,4,0)*'Mark Up '!$C$2),"X") -> 49942.2 | F84: =IFERROR((VLOOKUP(B84,'Origem '!$A$1:$H$1002,5,0)*'Mark Up '!$C$2),"X") -> 53009.88 | G84: =IFERROR((VLOOKUP(B84,'Origem '!$A$1:$H$1002,6,0)*'Mark Up '!$C$2),"X") -> 55795.74 | H84: =IFERROR((VLOOKUP(B84,'Origem '!$A$1:$H$1002,7,0)*'Mark Up '!$C$2),"X") -> 58877.28 | I84: =IFERROR((VLOOKUP(B84,'Origem '!$A$1:$H$1002,8,0)*'Mark Up '!$C$2),"X") -> 62929.02
A85: BLOOM | B85: 11720-6 | C85: Mesa Jantar Bloom TP. (Canto Garrafa) | D85: 1,80 x 1,00 x 0,76 | E85: =IFERROR((VLOOKUP(B85,'Origem '!$A$1:$H$1002,4,0)*'Mark Up '!$C$2),"X") -> 21861.84 | F85: =IFERROR((VLOOKUP(B85,'Origem '!$A$1:$H$1002,5,0)*'Mark Up '!$C$2),"X") -> 22568.7 | G85: =IFERROR((VLOOKUP(B85,'Origem '!$A$1:$H$1002,6,0)*'Mark Up '!$C$2),"X") -> 24416.7 | H85: =IFERROR((VLOOKUP(B85,'Origem '!$A$1:$H$1002,7,0)*'Mark Up '!$C$2),"X") -> 25872 | I85: =IFERROR((VLOOKUP(B85,'Origem '!$A$1:$H$1002,8,0)*'Mark Up '!$C$2),"X") -> 27544.44
B86: 11720-7 | C86: Mesa Jantar Bloom TP. (Canto Garrafa) | D86: 2,00 x 1,00 x 0,76 | E86: =IFERROR((VLOOKUP(B86,'Origem '!$A$1:$H$1002,4,0)*'Mark Up '!$C$2),"X") -> 22905.96 | F86: =IFERROR((VLOOKUP(B86,'Origem '!$A$1:$H$1002,5,0)*'Mark Up '!$C$2),"X") -> 24573.78 | G86: =IFERROR((VLOOKUP(B86,'Origem '!$A$1:$H$1002,6,0)*'Mark Up '!$C$2),"X") -> 25816.56 | H86: =IFERROR((VLOOKUP(B86,'Origem '!$A$1:$H$1002,7,0)*'Mark Up '!$C$2),"X") -> 27253.38 | I86: =IFERROR((VLOOKUP(B86,'Origem '!$A$1:$H$1002,8,0)*'Mark Up '!$C$2),"X") -> 29059.8
B87: 11720-8 | C87: Mesa Jantar Bloom TP. (Canto Garrafa) | D87: 2,20 x 1,10 x 0,76 | E87: =IFERROR((VLOOKUP(B87,'Origem '!$A$1:$H$1002,4,0)*'Mark Up '!$C$2),"X") -> 24624.6 | F87: =IFERROR((VLOOKUP(B87,'Origem '!$A$1:$H$1002,5,0)*'Mark Up '!$C$2),"X") -> 25876.62 | G87: =IFERROR((VLOOKUP(B87,'Origem '!$A$1:$H$1002,6,0)*'Mark Up '!$C$2),"X") -> 28191.24 | H87: =IFERROR((VLOOKUP(B87,'Origem '!$A$1:$H$1002,7,0)*'Mark Up '!$C$2),"X") -> 29600.34 | I87: =IFERROR((VLOOKUP(B87,'Origem '!$A$1:$H$1002,8,0)*'Mark Up '!$C$2),"X") -> 31531.5
