Workbook

Sheet Mark Up 
A1: MARK UP
A2: COLUNA 1 | B2: 4.62
A3: COLUNA 2 | B3: 4.62
A4: COLUNA 3 | B4: 4.62

Sheet Venda
A1: LANÇAMENTOS 2023
A2: 09 de Janeiro de 2023
C3: APARADORES - LANÇAMENTOS
A4: *Qualquer móvel com ou sem vidro comum pintado e colado no tampo permanecerá o mesmo valor;
A5: *Informar no pedido quando for com ou sem vidro;
E6: COLUNA 1 | F6: COLUNA 2 | G6: COLUNA 3
A7: COLEÇÃO | B7: REF | C7: DESCRIÇÃO | D7: COMP X PROF X ALT | E7: TODO LACA PADRÃO | F7: TODO: - AMÊNDOA - CARVALHO - IMBUIA | G7: TODO NOGUEIRA OU TODO LOURO FREIJÓ E BASE METAL EM LACA PADRÃO
F8: TAMPO: - LACA PADRÃO - AMÊNDOA - IMBUIA - CARVALHO C/ BASE: - AMÊNDOA - IMBUIA - CARVALHO - LOURO FREIJÓ - NOGUEIRA - LACA METALIZADA PADRÃO
G9: CARVALHO N 109 METALIZADO CARVALHO ÔNIX METALIZADO
G10: CONCRETO
G11: TODO METALIZADO: - BRONZE - CHUMBO - NEW GOLDEN - ÔNIX METALIZADO - N 109 METALIZADO
A13: BADEN | B13: 10984-1 | C13: Aparador Baden ,tp e bandeja canto garrafa, pés metal (se laca brilho somente c/ VD) | D13: 1,40 x 0,40 x 0,76 | E13: =Fábrica!E13*'Mark Up '!$B$2 -> 9304.68 | F13: =Fábrica!F13*'Mark Up '!$B$3 -> 9623.46 | G13: =Fábrica!G13*'Mark Up '!$B$4 -> 11129.58
B14: 10984-2 | C14: Aparador Baden ,tp e bandeja canto garrafa, pés metal (se laca brilho somente c/ VD) | D14: 1,60 x 0,40 x 0,76 | E14: =Fábrica!E14*'Mark Up '!$B$2 -> 9554.16 | F14: =Fábrica!F14*'Mark Up '!$B$3 -> 9993.06 | G14: =Fábrica!G14*'Mark Up '!$B$4 -> 11697.84
B15: 10984-3 | C15: Aparador Baden ,tp e bandeja canto garrafa, pés metal (se laca brilho somente c/ VD) | D15: 1,80 x 0,40 x 0,76 | E15: =Fábrica!E15*'Mark Up '!$B$2 -> 10339.56 | F15: =Fábrica!F15*'Mark Up '!$B$3 -> 10690.68 | G15: =Fábrica!G15*'Mark Up '!$B$4 -> 12575.64
B16: 10984-4 | C16: Aparador Baden ,tp e bandeja canto garrafa, pés metal (se laca brilho somente c/ VD) | D16: 2,00 x 0,40 x 0,76 | E16: =Fábrica!E16*'Mark Up '!$B$2 -> 10963.26 | F16: =Fábrica!F16*'Mark Up '!$B$3 -> 11480.7 | G16: =Fábrica!G16*'Mark Up '!$B$4 -> 13559.7
A17: BRUXELAS | B17: 10504-1 | C17: Aparador Bruxelas (tp oblongo), pés metal (se laca brilho somente c/ VD) | D17: 1,35 x 0,45 x 0,76 | E17: =Fábrica!E17*'Mark Up '!$B$2 -> 7826.28 | F17: =Fábrica!F17*'Mark Up '!$B$3 -> 7974.12 | G17: =Fábrica!G17*'Mark Up '!$B$4 -> 8510.04
B18: 10504-2 | C18: Aparador Bruxelas (tp oblongo), pés metal (se laca brilho somente c/ VD) | D18: 1,60 x 0,45 x 0,76 | E18: =Fábrica!E18*'Mark Up '!$B$2 -> 8168.16 | F18: =Fábrica!F18*'Mark Up '!$B$3 -> 8436.12 | G18: =Fábrica!G18*'Mark Up '!$B$4 -> 8990.52
B19: 10504-3 | C19: Aparador Bruxelas (tp oblongo), pés metal (se laca brilho somente c/ VD) | D19: 1,80 x 0,45 x 0,76 | E19: =Fábrica!E19*'Mark Up '!$B$2 -> 8630.16 | F19: =Fábrica!F19*'Mark Up '!$B$3 -> 8879.64 | G19: =Fábrica!G19*'Mark Up '!$B$4 -> 9577.26
B20: 10504-4 | C20: Aparador Bruxelas (tp oblongo), pés metal (se laca brilho somente c/ VD) | D20: 2,00 x 0,45 x 0,76 | E20: =Fábrica!E20*'Mark Up '!$B$2 -> 8972.04 | F20: =Fábrica!F20*'Mark Up '!$B$3 -> 9526.44 | G20: =Fábrica!G20*'Mark Up '!$B$4 -> 10713.78
A21: GRANADA | B21: 11034-1 | C21: Aparador Granada (tp oblongo), pés mad. (se laca brilho somente c/ VD) | D21: 1,46 x 0,45 x 0,76 | E21: =Fábrica!E21*'Mark Up '!$B$2 -> 6842.22 | F21: =Fábrica!F21*'Mark Up '!$B$3 -> 7304.22 | G21: =Fábrica!G21*'Mark Up '!$B$4 -> 8468.46
B22: 11034-2 | C22: Aparador Granada (tp oblongo), pés mad. (se laca brilho somente c/ VD) | D22: 1,66 x 0,45 x 0,76 | E22: =Fábrica!E22*'Mark Up '!$B$2 -> 7355.04 | F22: =Fábrica!F22*'Mark Up '!$B$3 -> 7890.96 | G22: =Fábrica!G22*'Mark Up '!$B$4 -> 9041.34
B23: 11034-3 | C23: Aparador Granada (tp oblongo), pés mad. (se laca brilho somente c/ VD) | D23: 1,86 x 0,45 x 0,76 | E23: =Fábrica!E23*'Mark Up '!$B$2 -> 7669.2 | F23: =Fábrica!F23*'Mark Up '!$B$3 -> 8283.66 | G23: =Fábrica!G23*'Mark Up '!$B$4 -> 9577.26
B24: 11034-4 | C24: Aparador Granada (tp oblongo), pés mad. (se laca brilho somente c/ VD) | D24: 2,06 x 0,45 x 0,76 | E24: =Fábrica!E24*'Mark Up '!$B$2 -> 8339.1 | F24: =Fábrica!F24*'Mark Up '!$B$3 -> 9022.86 | G24: =Fábrica!G24*'Mark Up '!$B$4 -> 10422.72
A25: MADAGASCAR | B25: 10484-1 | C25: Aparador Madagascar (tp oblongo), pés metal; (com tampo sobreposto) | D25: 1,40 x 0,41 x 0,76 | E25: =Fábrica!E25*'Mark Up '!$B$2 -> 7720.02 | F25: =Fábrica!F25*'Mark Up '!$B$3 -> 8154.3 | G25: =Fábrica!G25*'Mark Up '!$B$4 -> 9087.54
B26: 10484-2 | C26: Aparador Madagascar (tp oblongo), pés metal; (com tampo sobreposto) | D26: 1,60 x 0,41 x 0,76 | E26: =Fábrica!E26*'Mark Up '!$B$2 -> 8255.94 | F26: =Fábrica!F26*'Mark Up '!$B$3 -> 9290.82 | G26: =Fábrica!G26*'Mark Up '!$B$4 -> 9872.94
B27: 10484-3 | C27: Aparador Madagascar (tp oblongo), pés metal; (com tampo sobreposto) | D27: 1,80 x 0,41 x 0,76 | E27: =Fábrica!E27*'Mark Up '!$B$2 -> 8676.36 | F27: =Fábrica!F27*'Mark Up '!$B$3 -> 9817.5 | G27: =Fábrica!G27*'Mark Up '!$B$4 -> 10334.94
B28: 10484-4 | C28: Aparador Madagascar (tp oblongo), pés metal; (com tampo sobreposto) | D28: 2,00 x 0,41 x 0,76 | E28: =Fábrica!E28*'Mark Up '!$B$2 -> 8985.9 | F28: =Fábrica!F28*'Mark Up '!$B$3 -> 10205.58 | G28: =Fábrica!G28*'Mark Up '!$B$4 -> 10750.74
A29: MARACATU | B29: 11294-1 | C29: Aparador Maracatu, c/ 2 gavetas (se laca brilho somente c/ VD) | D29: 1,51 x 0,46 x 0,78 | E29: =Fábrica!E29*'Mark Up '!$B$2 -> 11988.9 | F29: =Fábrica!F29*'Mark Up '!$B$3 -> 13069.98 | G29: =Fábrica!G29*'Mark Up '!$B$4 -> 15370.74
B30: 11294-2 | C30: Aparador Maracatu, c/ 2 gavetas (se laca brilho somente c/ VD) | D30: 1,71 x 0,46 x 0,78 | E30: =Fábrica!E30*'Mark Up '!$B$2 -> 13314.84 | F30: =Fábrica!F30*'Mark Up '!$B$3 -> 14469.84 | G30: =Fábrica!G30*'Mark Up '!$B$4 -> 17107.86
B31: 11294-3 | C31: Aparador Maracatu, c/ 2 gavetas (se laca brilho somente c/ VD) | D31: 1,91 x 0,46 x 0,78 | E31: =Fábrica!E31*'Mark Up '!$B$2 -> 14936.46 | F31: =Fábrica!F31*'Mark Up '!$B$3 -> 16096.08 | G31: =Fábrica!G31*'Mark Up '!$B$4 -> 18641.7
B32: 11294-4 | C32: Aparador Maracatu, c/ 2 gavetas (se laca brilho somente c/ VD) | D32: 2,11 x 0,46 x 0,78 | E32: =Fábrica!E32*'Mark Up '!$B$2 -> 15550.92 | F32: =Fábrica!F32*'Mark Up '!$B$3 -> 16987.74 | G32: =Fábrica!G32*'Mark Up '!$B$4 -> 20115.48
A33: PALERMO | B33: 10634-1 | C33: Aparador Palermo (tp oblongo, c/ 3 gav.) pés metal (se laca brilho somente c/ VD) | D33: 1,41 x 0,46 x 0,77 | E33: =Fábrica!E33*'Mark Up '!$B$2 -> 11129.58 | F33: =Fábrica!F33*'Mark Up '!$B$3 -> 12681.9 | G33: =Fábrica!G33*'Mark Up '!$B$4 -> 14271.18
B34: 10634-2 | C34: Aparador Palermo (tp oblongo, c/ 3 gav.) pés metal (se laca brilho somente c/ VD) | D34: 1,61 x 0,46 x 0,77 | E34: =Fábrica!E34*'Mark Up '!$B$2 -> 11563.86 | F34: =Fábrica!F34*'Mark Up '!$B$3 -> 13079.22 | G34: =Fábrica!G34*'Mark Up '!$B$4 -> 14853.3
B35: 10634-3 | C35: Aparador Palermo (tp oblongo, c/ 3 gav.) pés metal (se laca brilho somente c/ VD) | D35: 1,81 x 0,46 x 0,77 | E35: =Fábrica!E35*'Mark Up '!$B$2 -> 12187.56 | F35: =Fábrica!F35*'Mark Up '!$B$3 -> 13892.34 | G35: =Fábrica!G35*'Mark Up '!$B$4 -> 15883.56
B36: 10634-4 | C36: Aparador Palermo (tp oblongo, c/ 3 gav.) pés metal (se laca brilho somente c/ VD) | D36: 2,01 x 0,46 x 0,77 | E36: =Fábrica!E36*'Mark Up '!$B$2 -> 12986.82 | F36: =Fábrica!F36*'Mark Up '!$B$3 -> 14576.1 | G36: =Fábrica!G36*'Mark Up '!$B$4 -> 16932.3
A37: PRINCETON | B37: 10644-1 | C37: Aparador Princeton ( c/ 3 gavetas), pés metal | D37: 1,40 x 0,45 x 0,76 | E37: =Fábrica!E37*'Mark Up '!$B$2 -> 10967.88 | F37: =Fábrica!F37*'Mark Up '!$B$3 -> 12058.2 | G37: =Fábrica!G37*'Mark Up '!$B$4 -> 13296.36
B38: 10644-2 | C38: Aparador Princeton ( c/ 3 gavetas), pés metal | D38: 1,60 x 0,45 x 0,76 | E38: =Fábrica!E38*'Mark Up '!$B$2 -> 11757.9 | F38: =Fábrica!F38*'Mark Up '!$B$3 -> 12996.06 | G38: =Fábrica!G38*'Mark Up '!$B$4 -> 14363.58
B39: 10644-3 | C39: Aparador Princeton ( c/ 3 gavetas), pés metal | D39: 1,80 x 0,45 x 0,76 | E39: =Fábrica!E39*'Mark Up '!$B$2 -> 12534.06 | F39: =Fábrica!F39*'Mark Up '!$B$3 -> 13998.6 | G39: =Fábrica!G39*'Mark Up '!$B$4 -> 15513.96
B40: 10644-4 | C40: Aparador Princeton ( c/ 3 gavetas), pés metal | D40: 2,00 x 0,45 x 0,76 | E40: =Fábrica!E40*'Mark Up '!$B$2 -> 13273.26 | F40: =Fábrica!F40*'Mark Up '!$B$3 -> 14913.36 | G40: =Fábrica!G40*'Mark Up '!$B$4 -> 16525.74
C41: BUFFET - LANÇAMENTOS
A42: *Qualquer móvel com ou sem vidro comum pintado e colado no tampo permanecerá o mesmo valor;
A43: *Informar no pedido quando for com ou sem vidro;
E44: COLUNA 1 | F44: COLUNA 2 | G44: COLUNA 3
A45: COLEÇÃO | B45: REF | C45: DESCRIÇÃO | D45: COMP X PROF X ALT | E45: TODO LACA PADRÃO | F45: TODO: - AMÊNDOA - CARVALHO - IMBUIA | G45: TODO NOGUEIRA OU TODO LOURO FREIJÓ E BASE METAL EM LACA PADRÃO
F46: CORPO: - LACA PADRÃO - AMÊNDOA - IMBUIA - CARVALHO C/ BASE OU PORTAS: - AMÊNDOA - IMBUIA - CARVALHO - LOURO FREIJÓ - NOGUEIRA - LACA METALIZADA PADRÃO
G47: CARVALHO N 109 METALIZADO CARVALHO ÔNIX METALIZADO
G48: CONCRETO
G49: TODO METALIZADO: - BRONZE - CHUMBO - NEW GOLDEN - ÔNIX METALIZADO - N 109 METALIZADO
A51: BADEN | B51: 10670-10 | C51: Buffet Baden (4 P, 1 Prat Pq, 1 Gav.),pés de metal (se laca brilho somente c/ VD) | D51: 1,80 x 0,48 x 0,76 | E51: =Fábrica!E51*'Mark Up '!$B$2 -> 16978.5 | F51: =Fábrica!F51*'Mark Up '!$B$3 -> 21709.38 | G51: =Fábrica!G51*'Mark Up '!$B$4 -> 25918.2
B52: 10670-12 | C52: Buffet Baden (4 P, 1 Prat Pq, 1 Gav.),pés de metal (se laca brilho somente c/ VD) | D52: 2,00 x 0,48 x 0,76 | E52: =Fábrica!E52*'Mark Up '!$B$2 -> 17920.98 | F52: =Fábrica!F52*'Mark Up '!$B$3 -> 22975.26 | G52: =Fábrica!G52*'Mark Up '!$B$4 -> 26883.78
B53: 10670-14 | C53: Buffet Baden (5 P, 2 Prat Pq, 1 Gav.),pés de metal (se laca brilho somente c/ VD) | D53: 2,25 x 0,48 x 0,76 | E53: =Fábrica!E53*'Mark Up '!$B$2 -> 19228.44 | F53: =Fábrica!F53*'Mark Up '!$B$3 -> 24587.64 | G53: =Fábrica!G53*'Mark Up '!$B$4 -> 29022.84
B54: 10670-18 | C54: Buffet Baden (5 P, 2 Prat Pq, 1 Gav.),pés de metal (se laca brilho somente c/ VD) | D54: 2,50 x 0,48 x 0,76 | E54: =Fábrica!E54*'Mark Up '!$B$2 -> 20517.42 | F54: =Fábrica!F54*'Mark Up '!$B$3 -> 25442.34 | G54: =Fábrica!G54*'Mark Up '!$B$4 -> 29794.38
A55: LIVERPOOL | B55: 10710-10 | C55: Buffet Liverpool (4 P, 1 Prat Pq, 1 Gav.), pés de mad. (laca somente c/ VD) | D55: 1,80 x 0,47 x 0,76 | E55: =Fábrica!E55*'Mark Up '!$B$2 -> 19473.3 | F55: =Fábrica!F55*'Mark Up '!$B$3 -> 23746.8 | G55: =Fábrica!G55*'Mark Up '!$B$4 -> 27525.96
B56: 10710-12 | C56: Buffet Liverpool (4 P, 1 Prat Pq, 1 Gav.), pés de mad. (laca somente c/ VD) | D56: 2,00 x 0,47 x 0,76 | E56: =Fábrica!E56*'Mark Up '!$B$2 -> 21270.48 | F56: =Fábrica!F56*'Mark Up '!$B$3 -> 25442.34 | G56: =Fábrica!G56*'Mark Up '!$B$4 -> 29831.34
B57: 10710-15 | C57: Buffet Liverpool (5 P, 2 Prat Pq, 1 Gav.), pés de mad. (laca somente c/ VD) | D57: 2,25 x 0,47 x 0,76 | E57: =Fábrica!E57*'Mark Up '!$B$2 -> 22975.26 | F57: =Fábrica!F57*'Mark Up '!$B$3 -> 27368.88 | G57: =Fábrica!G57*'Mark Up '!$B$4 -> 31614.66
B58: 10710-18 | C58: Buffet Liverpool (5 P, 2 Prat Pq, 1 Gav.), pés de mad. (laca somente c/ VD) | D58: 2,50 x 0,47 x 0,76 | E58: =Fábrica!E58*'Mark Up '!$B$2 -> 23871.54 | F58: =Fábrica!F58*'Mark Up '!$B$3 -> 28958.16 | G58: =Fábrica!G58*'Mark Up '!$B$4 -> 33083.82
A59: PALERMO | B59: 10630-10 | C59: Buffet Palermo (4 P, 1 Prat Pq, 1 Gav.) , pés de metal (somente s/ VD) | D59: 1,80 x 0,50 x 0,76 | E59: =Fábrica!E59*'Mark Up '!$B$2 -> 20489.7 | F59: =Fábrica!F59*'Mark Up '!$B$3 -> 27401.22 | G59: =Fábrica!G59*'Mark Up '!$B$4 -> 30898.56
B60: 10630-12 | C60: Buffet Palermo (4 P, 1 Prat Pq, 1 Gav.) , pés de metal (somente s/ VD) | D60: 2,00 x 0,50 x 0,76 | E60: =Fábrica!E60*'Mark Up '!$B$2 -> 21238.14 | F60: =Fábrica!F60*'Mark Up '!$B$3 -> 28611.66 | G60: =Fábrica!G60*'Mark Up '!$B$4 -> 32529.42
B61: 10630-14 | C61: Buffet Palermo (5 P, 2 Prat Pq, 1 Gav.) , pés de metal (somente s/ VD) | D61: 2,25 x 0,50 x 0,76 | E61: =Fábrica!E61*'Mark Up '!$B$2 -> 22836.66 | F61: =Fábrica!F61*'Mark Up '!$B$3 -> 30602.88 | G61: =Fábrica!G61*'Mark Up '!$B$4 -> 34308.12
B62: 10630-18 | C62: Buffet Palermo (5 P, 2 Prat Pq, 1 Gav.) , pés de metal (somente s/ VD) | D62: 2,50 x 0,50 x 0,76 | E62: =Fábrica!E62*'Mark Up '!$B$2 -> 23668.26 | F62: =Fábrica!F62*'Mark Up '!$B$3 -> 31314.36 | G62: =Fábrica!G62*'Mark Up '!$B$4 -> 35389.2
C63: BUFFET - LANÇAMENTOS
A64: *Qualquer móvel com ou sem vidro comum pintado e colado no tampo permanecerá o mesmo valor;
A65: *Informar no pedido quando for com ou sem vidro;
E66: COLUNA 1 | F66: COLUNA 2 | G66: COLUNA 3
A67: COLEÇÃO | B67: REF | C67: DESCRIÇÃO | D67: COMP X PROF X ALT | E67: TODO LACA PADRÃO | F67: TODO: - AMÊNDOA - CARVALHO - IMBUIA | G67: TODO NOGUEIRA OU TODO LOURO FREIJÓ E BASE METAL EM LACA PADRÃO
F68: CORPO: - LACA PADRÃO - AMÊNDOA - IMBUIA - CARVALHO C/ BASE OU PORTAS: - AMÊNDOA - IMBUIA - CARVALHO - LOURO FREIJÓ - NOGUEIRA - LACA METALIZADA PADRÃO
G69: CARVALHO N 109 METALIZADO CARVALHO ÔNIX METALIZADO
G70: CONCRETO
G71: TODO METALIZADO: - BRONZE - CHUMBO - NEW GOLDEN - ÔNIX METALIZADO - N 109 METALIZADO
A73: PRINCETON | B73: 10650-10 | C73: Buffet Princeton (4 P, 1 Prat Pq, 1Gav.) ,pés de metal (Somente Laminado) | D73: 1,80 x 0,47 x 0,78 | E73: X | F73: =Fábrica!F73*'Mark Up '!$B$3 -> 26634.3 | G73: =Fábrica!G73*'Mark Up '!$B$4 -> 29951.46
B74: 10650-12 | C74: Buffet Princeton (4 P, 1 Prat Pq, 1Gav.) ,pés de metal (Somente Laminado) | D74: 2,00 x 0,47 x 0,78 | E74: X | F74: =Fábrica!F74*'Mark Up '!$B$3 -> 27184.08 | G74: =Fábrica!G74*'Mark Up '!$B$4 -> 30796.92
B75: 10650-14 | C75: Buffet Princeton (5 P, 2 Prat Pq, 1Gav.) ,pés de metal (Somente Laminado) | D75: 2,25 x 0,47 x 0,78 | E75: X | F75: =Fábrica!F75*'Mark Up '!$B$3 -> 29868.3 | G75: =Fábrica!G75*'Mark Up '!$B$4 -> 33231.66
B76: 10650-18 | C76: Buffet Princeton (5 P, 2 Prat Pq, 1Gav.) ,pés de metal (Somente Laminado) | D76: 2,50 x 0,47 x 0,78 | E76: X | F76: =Fábrica!F76*'Mark Up '!$B$3 -> 31208.1 | G76: =Fábrica!G76*'Mark Up '!$B$4 -> 33961.62
A77: RHONE | B77: 11155-2 | C77: Balcão Rhone (1 prateleira), pés metal (se laca brilho somente c/ VD) | D77: 1,25 x 0,36 x 1,03 | E77: =Fábrica!E77*'Mark Up '!$B$2 -> 12058.2 | F77: =Fábrica!F77*'Mark Up '!$B$3 -> 14779.38 | G77: =Fábrica!G77*'Mark Up '!$B$4 -> 17422.02
A78: STANFORD | B78: 10690-10 | C78: Buffet Stanford, Pé de Metal (4 P, 1 Prat Pq, 1 Gav.) | D78: 1,80 x 0,47 x 0,78 | E78: =Fábrica!E78*'Mark Up '!$B$2 -> 17218.74 | F78: =Fábrica!F78*'Mark Up '!$B$3 -> 20295.66 | G78: =Fábrica!G78*'Mark Up '!$B$4 -> 21931.14
B79: 10690-12 | C79: Buffet Stanford, Pé de Metal (4 P, 1 Prat Pq, 1 Gav.) | D79: 2,00 x 0,47 x 0,78 | E79: =Fábrica!E79*'Mark Up '!$B$2 -> 17805.48 | F79: =Fábrica!F79*'Mark Up '!$B$3 -> 21418.32 | G79: =Fábrica!G79*'Mark Up '!$B$4 -> 22804.32
B80: 10690-15 | C80: Buffet Stanford, Pé de Metal (5 P, 2 Prat Pq, 1 Gav.) | D80: 2,25 x 0,47 x 0,78 | E80: =Fábrica!E80*'Mark Up '!$B$2 -> 18419.94 | F80: =Fábrica!F80*'Mark Up '!$B$3 -> 23233.98 | G80: =Fábrica!G80*'Mark Up '!$B$4 -> 25068.12
B81: 10690-18 | C81: Buffet Stanford, Pé de Metal (5 P, 2 Prat Pq, 1 Gav.) | D81: 2,50 x 0,47 x 0,78 | E81: =Fábrica!E81*'Mark Up '!$B$2 -> 20383.44 | F81: =Fábrica!F81*'Mark Up '!$B$3 -> 24846.36 | G81: =Fábrica!G81*'Mark Up '!$B$4 -> 27756.96
C82: GAVETEIROS - LANÇAMENTOS
A83: *Qualquer móvel com ou sem vidro comum pintado e colado no tampo permanecerá o mesmo valor;
A84: *Informar no pedido quando for com ou sem vidro;
E85: COLUNA 1 | F85: COLUNA 2 | G85: COLUNA 3
A86: COLEÇÃO | B86: REF | C86: DESCRIÇÃO | D86: COMP X PROF X ALT | E86: TODO LACA PADRÃO | F86: TODO: - AMÊNDOA - CARVALHO - IMBUIA | G86: TODO NOGUEIRA OU TODO LOURO FREIJÓ E BASE METAL EM LACA PADRÃO
F87: CORPO: - LACA PADRÃO - AMÊNDOA - IMBUIA - CARVALHO C/ BASE - AMÊNDOA - IMBUIA - CARVALHO - LOURO FREIJÓ - NOGUEIRA - LACA METALIZADA PADRÃO
G88: CARVALHO N 109 METALIZADO CARVALHO ÔNIX METALIZADO
G89: CONCRETO
G90: TODO METALIZADO: - BRONZE - CHUMBO - NEW GOLDEN - ÔNIX METALIZADO - N 109 METALIZADO
A92: LOS ANGELES | B92: 11042-0 | C92: Gaveteiro Los Angeles (2 gav.;c/ pux.cava), pés metal | D92: 0,54 x 0,45 x 0,60 | E92: =Fábrica!E92*'Mark Up '!$B$2 -> 6186.18 | F92: =Fábrica!F92*'Mark Up '!$B$3 -> 7941.78 | G92: =Fábrica!G92*'Mark Up '!$B$4 -> 8801.1
B93: 11042-2 | C93: Gaveteiro Los Angeles (2 gav.;c/ pux.cava), pés metal | D93: 0,74 x 0,45 x 0,60 | E93: =Fábrica!E93*'Mark Up '!$B$2 -> 7017.78 | F93: =Fábrica!F93*'Mark Up '!$B$3 -> 9133.74 | G93: =Fábrica!G93*'Mark Up '!$B$4 -> 10214.82
A94: RHONE | B94: 11152-0 | C94: Gaveteiro Rhone (1 gav.;c/ pux.cava), pés metal (se laca brilho somente c/ VD) | D94: 0,54 x 0,47 x 0,60 | E94: =Fábrica!E94*'Mark Up '!$B$2 -> 6782.16 | F94: =Fábrica!F94*'Mark Up '!$B$3 -> 8108.1 | G94: =Fábrica!G94*'Mark Up '!$B$4 -> 8972.04
B95: 11152-2 | C95: Gaveteiro Rhone (1 gav.;c/ pux.cava), pés metal (se laca brilho somente c/ VD) | D95: 0,74 x 0,47 x 0,60 | E95: =Fábrica!E95*'Mark Up '!$B$2 -> 7512.12 | F95: =Fábrica!F95*'Mark Up '!$B$3 -> 9115.26 | G95: =Fábrica!G95*'Mark Up '!$B$4 -> 10395
A96: SICILIANO | B96: 7261-0 | C96: Gaveteiro Siciliano (1 gav.;c/ pux.cava), pés metal | D96: 0,50 x 0,45 x 0,60 | E96: =Fábrica!E96*'Mark Up '!$B$2 -> 6412.56 | F96: =Fábrica!F96*'Mark Up '!$B$3 -> 7202.58 | G96: =Fábrica!G96*'Mark Up '!$B$4 -> 7733.88
B97: 7261-2 | C97: Gaveteiro Siciliano (1 gav.;c/ pux.cava), pés metal | D97: 0,70 x 0,45 x 0,60 | E97: =Fábrica!E97*'Mark Up '!$B$2 -> 6962.34 | F97: =Fábrica!F97*'Mark Up '!$B$3 -> 7918.68 | G97: =Fábrica!G97*'Mark Up '!$B$4 -> 8583.96
A98: TÓQUIO | B98: 11032-0 | C98: Gaveteiro toquio (2 gav.;c/ puxador), pés metal | D98: 0,50 x 0,45 x 0,60 | E98: =Fábrica!E98*'Mark Up '!$B$2 -> 5710.32 | F98: =Fábrica!F98*'Mark Up '!$B$3 -> 7313.46 | G98: =Fábrica!G98*'Mark Up '!$B$4 -> 8177.4
B99: 11032-2 | C99: Gaveteiro toquio (2 gav.;c/ puxador), pés metal | D99: 0,70 x 0,45 x 0,60 | E99: =Fábrica!E99*'Mark Up '!$B$2 -> 6135.36 | F99: =Fábrica!F99*'Mark Up '!$B$3 -> 8486.94 | G99: =Fábrica!G99*'Mark Up '!$B$4 -> 9526.44
A100: TRENTO | B100: 10742-6 | C100: Gaveteiro Trento (1 gav. c/ pux.), pés mad. (se laca brilho somente c/ VD) | D100: 0,54 Ø 0,61 | E100: =Fábrica!E100*'Mark Up '!$B$2 -> 6042.96 | F100: =Fábrica!F100*'Mark Up '!$B$3 -> 7267.26 | G100: =Fábrica!G100*'Mark Up '!$B$4 -> 7941.78
C101: COMPLEMENTOS - LANÇAMENTOS
A102: *Qualquer móvel com ou sem vidro comum pintado e colado no tampo permanecerá o mesmo valor;
A103: *Informar no pedido quando for com ou sem vidro;
E104: COLUNA 1 | F104: COLUNA 2 | G104: COLUNA 3
...

Sheet Fábrica
A1: LANÇAMENTOS 2023
A2: 09 de Janeiro de 2023
C3: APARADORES - LANÇAMENTOS
A4: *Qualquer móvel com ou sem vidro comum pintado e colado no tampo permanecerá o mesmo valor;
A5: *Informar no pedido quando for com ou sem vidro;
E6: COLUNA 1 | F6: COLUNA 2 | G6: COLUNA 3
A7: COLEÇÃO | B7: REF | C7: DESCRIÇÃO | D7: COMP X PROF X ALT | E7: TODO LACA PADRÃO | F7: TODO: - AMÊNDOA - CARVALHO - IMBUIA | G7: TODO NOGUEIRA OU TODO LOURO FREIJÓ E BASE METAL EM LACA PADRÃO
F8: TAMPO: - LACA PADRÃO - AMÊNDOA - IMBUIA - CARVALHO C/ BASE: - AMÊNDOA - IMBUIA - CARVALHO - LOURO FREIJÓ - NOGUEIRA - LACA METALIZADA PADRÃO
G9: CARVALHO N 109 METALIZADO CARVALHO ÔNIX METALIZADO
G10: CONCRETO
G11: TODO METALIZADO: - BRONZE - CHUMBO - NEW GOLDEN - ÔNIX METALIZADO - N 109 METALIZADO
A13: BADEN | B13: 10984-1 | C13: Aparador Baden ,tp e bandeja canto garrafa, pés metal (se laca brilho somente c/ VD) | D13: 1,40 x 0,40 x 0,76 | E13: 2014 | F13: 2083 | G13: 2409
B14: 10984-2 | C14: Aparador Baden ,tp e bandeja canto garrafa, pés metal (se laca brilho somente c/ VD) | D14: 1,60 x 0,40 x 0,76 | E14: 2068 | F14: 2163 | G14: 2532
B15: 10984-3 | C15: Aparador Baden ,tp e bandeja canto garrafa, pés metal (se laca brilho somente c/ VD) | D15: 1,80 x 0,40 x 0,76 | E15: 2238 | F15: 2314 | G15: 2722
B16: 10984-4 | C16: Aparador Baden ,tp e bandeja canto garrafa, pés metal (se laca brilho somente c/ VD) | D16: 2,00 x 0,40 x 0,76 | E16: 2373 | F16: 2485 | G16: 2935
A17: BRUXELAS | B17: 10504-1 | C17: Aparador Bruxelas (tp oblongo), pés metal (se laca brilho somente c/ VD) | D17: 1,35 x 0,45 x 0,76 | E17: 1694 | F17: 1726 | G17: 1842
B18: 10504-2 | C18: Aparador Bruxelas (tp oblongo), pés metal (se laca brilho somente c/ VD) | D18: 1,60 x 0,45 x 0,76 | E18: 1768 | F18: 1826 | G18: 1946
B19: 10504-3 | C19: Aparador Bruxelas (tp oblongo), pés metal (se laca brilho somente c/ VD) | D19: 1,80 x 0,45 x 0,76 | E19: 1868 | F19: 1922 | G19: 2073
B20: 10504-4 | C20: Aparador Bruxelas (tp oblongo), pés metal (se laca brilho somente c/ VD) | D20: 2,00 x 0,45 x 0,76 | E20: 1942 | F20: 2062 | G20: 2319
A21: GRANADA | B21: 11034-1 | C21: Aparador Granada (tp oblongo), pés mad. (se laca brilho somente c/ VD) | D21: 1,46 x 0,45 x 0,76 | E21: 1481 | F21: 1581 | G21: 1833
B22: 11034-2 | C22: Aparador Granada (tp oblongo), pés mad. (se laca brilho somente c/ VD) | D22: 1,66 x 0,45 x 0,76 | E22: 1592 | F22: 1708 | G22: 1957
B23: 11034-3 | C23: Aparador Granada (tp oblongo), pés mad. (se laca brilho somente c/ VD) | D23: 1,86 x 0,45 x 0,76 | E23: 1660 | F23: 1793 | G23: 2073
B24: 11034-4 | C24: Aparador Granada (tp oblongo), pés mad. (se laca brilho somente c/ VD) | D24: 2,06 x 0,45 x 0,76 | E24: 1805 | F24: 1953 | G24: 2256
A25: MADAGASCAR | B25: 10484-1 | C25: Aparador Madagascar (tp oblongo), pés metal; (com tampo sobreposto) | D25: 1,40 x 0,41 x 0,76 | E25: 1671 | F25: 1765 | G25: 1967
B26: 10484-2 | C26: Aparador Madagascar (tp oblongo), pés metal; (com tampo sobreposto) | D26: 1,60 x 0,41 x 0,76 | E26: 1787 | F26: 2011 | G26: 2137
B27: 10484-3 | C27: Aparador Madagascar (tp oblongo), pés metal; (com tampo sobreposto) | D27: 1,80 x 0,41 x 0,76 | E27: 1878 | F27: 2125 | G27: 2237
B28: 10484-4 | C28: Aparador Madagascar (tp oblongo), pés metal; (com tampo sobreposto) | D28: 2,00 x 0,41 x 0,76 | E28: 1945 | F28: 2209 | G28: 2327
A29: MARACATU | B29: 11294-1 | C29: Aparador Maracatu, c/ 3 gavetas (se laca brilho somente c/ VD) | D29: 1,51 x 0,46 x 0,78 | E29: 2595 | F29: 2829 | G29: 3327
B30: 11294-2 | C30: Aparador Maracatu, c/ 3 gavetas (se laca brilho somente c/ VD) | D30: 1,71 x 0,46 x 0,78 | E30: 2882 | F30: 3132 | G30: 3703
B31: 11294-3 | C31: Aparador Maracatu, c/ 3 gavetas (se laca brilho somente c/ VD) | D31: 1,91 x 0,46 x 0,78 | E31: 3233 | F31: 3484 | G31: 4035
B32: 11294-4 | C32: Aparador Maracatu, c/ 3 gavetas (se laca brilho somente c/ VD) | D32: 2,11 x 0,46 x 0,78 | E32: 3366 | F32: 3677 | G32: 4354
A33: PALERMO | B33: 10634-1 | C33: Aparador Palermo (tp oblongo, c/ 3 gav.) pés metal (se laca brilho somente c/ VD) | D33: 1,41 x 0,46 x 0,77 | E33: 2409 | F33: 2745 | G33: 3089
B34: 10634-2 | C34: Aparador Palermo (tp oblongo, c/ 3 gav.) pés metal (se laca brilho somente c/ VD) | D34: 1,61 x 0,46 x 0,77 | E34: 2503 | F34: 2831 | G34: 3215
B35: 10634-3 | C35: Aparador Palermo (tp oblongo, c/ 3 gav.) pés metal (se laca brilho somente c/ VD) | D35: 1,81 x 0,46 x 0,77 | E35: 2638 | F35: 3007 | G35: 3438
B36: 10634-4 | C36: Aparador Palermo (tp oblongo, c/ 3 gav.) pés metal (se laca brilho somente c/ VD) | D36: 2,01 x 0,46 x 0,77 | E36: 2811 | F36: 3155 | G36: 3665
A37: PRINCETON | B37: 10644-1 | C37: Aparador Princeton ( c/ 3 gavetas), pés metal | D37: 1,40 x 0,45 x 0,76 | E37: 2374 | F37: 2610 | G37: 2878
B38: 10644-2 | C38: Aparador Princeton ( c/ 3 gavetas), pés metal | D38: 1,60 x 0,45 x 0,76 | E38: 2545 | F38: 2813 | G38: 3109
B39: 10644-3 | C39: Aparador Princeton ( c/ 3 gavetas), pés metal | D39: 1,80 x 0,45 x 0,76 | E39: 2713 | F39: 3030 | G39: 3358
B40: 10644-4 | C40: Aparador Princeton ( c/ 3 gavetas), pés metal | D40: 2,00 x 0,45 x 0,76 | E40: 2873 | F40: 3228 | G40: 3577
C41: BUFFET - LANÇAMENTOS
A42: *Qualquer móvel com ou sem vidro comum pintado e colado no tampo permanecerá o mesmo valor;
A43: *Informar no pedido quando for com ou sem vidro;
E44: COLUNA 1 | F44: COLUNA 2 | G44: COLUNA 3
A45: COLEÇÃO | B45: REF | C45: DESCRIÇÃO | D45: COMP X PROF X ALT | E45: TODO LACA PADRÃO | F45: TODO: - AMÊNDOA - CARVALHO - IMBUIA | G45: TODO NOGUEIRA OU TODO LOURO FREIJÓ E BASE METAL EM LACA PADRÃO
F46: CORPO: - LACA PADRÃO - AMÊNDOA - IMBUIA - CARVALHO C/ BASE OU PORTAS: - AMÊNDOA - IMBUIA - CARVALHO - LOURO FREIJÓ - NOGUEIRA - LACA METALIZADA PADRÃO
G47: CARVALHO N 109 METALIZADO CARVALHO ÔNIX METALIZADO
G48: CONCRETO
G49: TODO METALIZADO: - BRONZE - CHUMBO - NEW GOLDEN - ÔNIX METALIZADO - N 109 METALIZADO
A51: BADEN | B51: 10670-10 | C51: Buffet Baden (4 P, 1 Prat Pq, 1 Gav.),pés de metal (se laca brilho somente c/ VD) | D51: 1,80 x 0,48 x 0,76 | E51: 3675 | F51: 4699 | G51: 5610
B52: 10670-12 | C52: Buffet Baden (4 P, 1 Prat Pq, 1 Gav.),pés de metal (se laca brilho somente c/ VD) | D52: 2,00 x 0,48 x 0,76 | E52: 3879 | F52: 4973 | G52: 5819
B53: 10670-14 | C53: Buffet Baden (5 P, 2 Prat Pq, 1 Gav.),pés de metal (se laca brilho somente c/ VD) | D53: 2,25 x 0,48 x 0,76 | E53: 4162 | F53: 5322 | G53: 6282
B54: 10670-18 | C54: Buffet Baden (5 P, 2 Prat Pq, 1 Gav.),pés de metal (se laca brilho somente c/ VD) | D54: 2,50 x 0,48 x 0,76 | E54: 4441 | F54: 5507 | G54: 6449
A55: LIVERPOOL | B55: 10710-10 | C55: Buffet Liverpool (4 P, 1 Prat Pq, 1 Gav.), pés de mad. (laca somente c/ VD) | D55: 1,80 x 0,47 x 0,76 | E55: 4215 | F55: 5140 | G55: 5958
B56: 10710-12 | C56: Buffet Liverpool (4 P, 1 Prat Pq, 1 Gav.), pés de mad. (laca somente c/ VD) | D56: 2,00 x 0,47 x 0,76 | E56: 4604 | F56: 5507 | G56: 6457
B57: 10710-15 | C57: Buffet Liverpool (5 P, 2 Prat Pq, 1 Gav.), pés de mad. (laca somente c/ VD) | D57: 2,25 x 0,47 x 0,76 | E57: 4973 | F57: 5924 | G57: 6843
B58: 10710-18 | C58: Buffet Liverpool (5 P, 2 Prat Pq, 1 Gav.), pés de mad. (laca somente c/ VD) | D58: 2,50 x 0,47 x 0,76 | E58: 5167 | F58: 6268 | G58: 7161
A59: PALERMO | B59: 10630-10 | C59: Buffet Palermo (4 P, 1 Prat Pq, 1 Gav.) , pés de metal (somente s/ VD) | D59: 1,80 x 0,50 x 0,76 | E59: 4435 | F59: 5931 | G59: 6688
B60: 10630-12 | C60: Buffet Palermo (4 P, 1 Prat Pq, 1 Gav.) , pés de metal (somente s/ VD) | D60: 2,00 x 0,50 x 0,76 | E60: 4597 | F60: 6193 | G60: 7041
B61: 10630-14 | C61: Buffet Palermo (5 P, 2 Prat Pq, 1 Gav.) , pés de metal (somente s/ VD) | D61: 2,25 x 0,50 x 0,76 | E61: 4943 | F61: 6624 | G61: 7426
B62: 10630-18 | C62: Buffet Palermo (5 P, 2 Prat Pq, 1 Gav.) , pés de metal (somente s/ VD) | D62: 2,50 x 0,50 x 0,76 | E62: 5123 | F62: 6778 | G62: 7660
C63: BUFFET - LANÇAMENTOS
A64: *Qualquer móvel com ou sem vidro comum pintado e colado no tampo permanecerá o mesmo valor;
A65: *Informar no pedido quando for com ou sem vidro;
E66: COLUNA 1 | F66: COLUNA 2 | G66: COLUNA 3
A67: COLEÇÃO | B67: REF | C67: DESCRIÇÃO | D67: COMP X PROF X ALT | E67: TODO LACA PADRÃO | F67: TODO: - AMÊNDOA - CARVALHO - IMBUIA | G67: TODO NOGUEIRA OU TODO LOURO FREIJÓ E BASE METAL EM LACA PADRÃO
F68: CORPO: - LACA PADRÃO - AMÊNDOA - IMBUIA - CARVALHO C/ BASE OU PORTAS: - AMÊNDOA - IMBUIA - CARVALHO - LOURO FREIJÓ - NOGUEIRA - LACA METALIZADA PADRÃO
G69: CARVALHO N 109 METALIZADO CARVALHO ÔNIX METALIZADO
G70: CONCRETO
G71: TODO METALIZADO: - BRONZE - CHUMBO - NEW GOLDEN - ÔNIX METALIZADO - N 109 METALIZADO
A73: PRINCETON | B73: 10650-10 | C73: Buffet Princeton (4 P, 1 Prat Pq, 1Gav.) ,pés de metal (Somente Laminado) | D73: 1,80 x 0,47 x 0,78 | E73: X | F73: 5765 | G73: 6483
B74: 10650-12 | C74: Buffet Princeton (4 P, 1 Prat Pq, 1Gav.) ,pés de metal (Somente Laminado) | D74: 2,00 x 0,47 x 0,78 | E74: X | F74: 5884 | G74: 6666
B75: 10650-14 | C75: Buffet Princeton (5 P, 2 Prat Pq, 1Gav.) ,pés de metal (Somente Laminado) | D75: 2,25 x 0,47 x 0,78 | E75: X | F75: 6465 | G75: 7193
B76: 10650-18 | C76: Buffet Princeton (5 P, 2 Prat Pq, 1Gav.) ,pés de metal (Somente Laminado) | D76: 2,50 x 0,47 x 0,78 | E76: X | F76: 6755 | G76: 7351
A77: RHONE | B77: 11155-2 | C77: Balcão Rhone (1 prateleira), pés metal (se laca brilho somente c/ VD) | D77: 1,25 x 0,36 x 1,03 | E77: 2610 | F77: 3199 | G77: 3771
A78: STANFORD | B78: 10690-10 | C78: Buffet Stanford, Pé de Metal (4 P, 1 Prat Pq, 1 Gav.) | D78: 1,80 x 0,47 x 0,78 | E78: 3727 | F78: 4393 | G78: 4747
B79: 10690-12 | C79: Buffet Stanford, Pé de Metal (4 P, 1 Prat Pq, 1 Gav.) | D79: 2,00 x 0,47 x 0,78 | E79: 3854 | F79: 4636 | G79: 4936
B80: 10690-15 | C80: Buffet Stanford, Pé de Metal (5 P, 2 Prat Pq, 1 Gav.) | D80: 2,25 x 0,47 x 0,78 | E80: 3987 | F80: 5029 | G80: 5426
B81: 10690-18 | C81: Buffet Stanford, Pé de Metal (5 P, 2 Prat Pq, 1 Gav.) | D81: 2,50 x 0,47 x 0,78 | E81: 4412 | F81: 5378 | G81: 6008
C82: GAVETEIROS - LANÇAMENTOS
A83: *Qualquer móvel com ou sem vidro comum pintado e colado no tampo permanecerá o mesmo valor;
A84: *Informar no pedido quando for com ou sem vidro;
E85: COLUNA 1 | F85: COLUNA 2 | G85: COLUNA 3
A86: COLEÇÃO | B86: REF | C86: DESCRIÇÃO | D86: COMP X PROF X ALT | E86: TODO LACA PADRÃO | F86: TODO: - AMÊNDOA - CARVALHO - IMBUIA | G86: TODO NOGUEIRA OU TODO LOURO FREIJÓ E BASE METAL EM LACA PADRÃO
F87: CORPO: - LACA PADRÃO - AMÊNDOA - IMBUIA - CARVALHO C/ BASE - AMÊNDOA - IMBUIA - CARVALHO - LOURO FREIJÓ - NOGUEIRA - LACA METALIZADA PADRÃO
G88: CARVALHO N 109 METALIZADO CARVALHO ÔNIX METALIZADO
G89: CONCRETO
G90: TODO METALIZADO: - BRONZE - CHUMBO - NEW GOLDEN - ÔNIX METALIZADO - N 109 METALIZADO
A92: LOS ANGELES | B92: 11042-0 | C92: Gaveteiro Los Angeles (2 gav.;c/ pux.cava), pés metal | D92: 0,54 x 0,45 x 0,60 | E92: 1339 | F92: 1719 | G92: 1905
B93: 11042-2 | C93: Gaveteiro Los Angeles (2 gav.;c/ pux.cava), pés metal | D93: 0,74 x 0,45 x 0,60 | E93: 1519 | F93: 1977 | G93: 2211
A94: RHONE | B94: 11152-0 | C94: Gaveteiro Rhone (1 gav.;c/ pux.cava), pés metal (se laca brilho somente c/ VD) | D94: 0,54 x 0,47 x 0,60 | E94: 1468 | F94: 1755 | G94: 1942
B95: 11152-2 | C95: Gaveteiro Rhone (1 gav.;c/ pux.cava), pés metal (se laca brilho somente c/ VD) | D95: 0,74 x 0,47 x 0,60 | E95: 1626 | F95: 1973 | G95: 2250
A96: SICILIANO | B96: 7261-0 | C96: Gaveteiro Siciliano (1 gav.;c/ pux.cava), pés metal | D96: 0,50 x 0,45 x 0,60 | E96: 1388 | F96: 1559 | G96: 1674
B97: 7261-2 | C97: Gaveteiro Siciliano (1 gav.;c/ pux.cava), pés metal | D97: 0,70 x 0,45 x 0,60 | E97: 1507 | F97: 1714 | G97: 1858
A98: TÓQUIO | B98: 11032-0 | C98: Gaveteiro toquio (2 gav.;c/ puxador), pés metal | D98: 0,50 x 0,45 x 0,60 | E98: 1236 | F98: 1583 | G98: 1770
B99: 11032-2 | C99: Gaveteiro toquio (2 gav.;c/ puxador), pés metal | D99: 0,70 x 0,45 x 0,60 | E99: 1328 | F99: 1837 | G99: 2062
A100: TRENTO | B100: 10742-6 | C100: Gaveteiro Trento (1 gav. c/ pux.), pés mad. (se laca brilho somente c/ VD) | D100: 0,54 Ø 0,61 | E100: 1308 | F100: 1573 | G100: 1719
C101: COMPLEMENTOS - LANÇAMENTOS
A102: *Qualquer móvel com ou sem vidro comum pintado e colado no tampo permanecerá o mesmo valor;
A103: *Informar no pedido quando for com ou sem vidro;
E104: COLUNA 1 | F104: COLUNA 2 | G104: COLUNA 3
...
