Workbook

Sheet Inf. Gerais

Sheet Fernando.Motta
A5: TABELA 06/2022 - LINHA FERNANDO MOTTA | J5: 0.08
F6: 4.42
A7: BANCO LINN | B7: SUPREMA NOG/CAST/PTO | C7: BANCO
C8: LINN
A9: TECIDO | B9: MEDIDA (LxPxA): 160 X 50 x 48
A10: LINHA 400 | B10: =I10*$F$6 -> 12482.08 | H10: LINHA 400 | I10: 2824 | N10: LINHA 400 | O10: 2615
A11: LINHA 600 | B11: =I11*$F$6 -> 12623.52 | H11: LINHA 600 | I11: 2856 | N11: LINHA 600 | O11: 2644
A12: LINHA 800 | B12: =I12*$F$6 -> 12760.54 | H12: LINHA 800 | I12: 2887 | N12: LINHA 800 | O12: 2673
A13: LINHA 1000 | B13: =I13*$F$6 -> 12906.4 | H13: LINHA 1000 | I13: 2920 | N13: LINHA 1000 | O13: 2704
A14: LINHA 1500 | B14: =I14*$F$6 -> 13043.42 | H14: LINHA 1500 | I14: 2951 | N14: LINHA 1500 | O14: 2732
A15: LINHA 2000 | B15: =I15*$F$6 -> 13184.86 | H15: LINHA 2000 | I15: 2983 | N15: LINHA 2000 | O15: 2762
A16: COURO NATURAL | B16: =I16*$F$6 -> 15425.8 | H16: COURO NATURAL | I16: 3490 | N16: COURO NATURAL | O16: 5269
A17: TECIDO | B17: MEDIDA (LxPxA): 180 X 50 x 48 | O17: 180
A18: LINHA 400 | B18: =I18*$F$6 -> 12689.82 | H18: LINHA 400 | I18: 2871 | N18: LINHA 400 | O18: 2658
A19: LINHA 600 | B19: =I19*$F$6 -> 12844.52 | H19: LINHA 600 | I19: 2906 | N19: LINHA 600 | O19: 2691
A20: LINHA 800 | B20: =I20*$F$6 -> 13008.06 | H20: LINHA 800 | I20: 2943 | N20: LINHA 800 | O20: 2725
A21: LINHA 1000 | B21: =I21*$F$6 -> 13180.44 | H21: LINHA 1000 | I21: 2982 | N21: LINHA 1000 | O21: 2761
A22: LINHA 1500 | B22: =I22*$F$6 -> 13330.72 | H22: LINHA 1500 | I22: 3016 | N22: LINHA 1500 | O22: 2793
A23: LINHA 2000 | B23: =I23*$F$6 -> 13494.26 | H23: LINHA 2000 | I23: 3053 | N23: LINHA 2000 | O23: 2827
A24: COURO NATURAL | B24: =I24*$F$6 -> 16641.3 | H24: COURO NATURAL | I24: 3765 | N24: COURO NATURAL | O24: 5562
A25: TECIDO | B25: MEDIDA (LxPxA): 200 X 50 x 48 | O25: 200
A26: LINHA 400 | B26: =I26*$F$6 -> 13211.38 | H26: LINHA 400 | I26: 2989 | N26: LINHA 400 | O26: 2768
A27: LINHA 600 | B27: =I27*$F$6 -> 13405.86 | H27: LINHA 600 | I27: 3033 | N27: LINHA 600 | O27: 2808
A28: LINHA 800 | B28: =I28*$F$6 -> 13587.08 | H28: LINHA 800 | I28: 3074 | N28: LINHA 800 | O28: 2846
A29: LINHA 1000 | B29: =I29*$F$6 -> 13772.72 | H29: LINHA 1000 | I29: 3116 | N29: LINHA 1000 | O29: 2885
A30: LINHA 1500 | B30: =I30*$F$6 -> 13953.94 | H30: LINHA 1500 | I30: 3157 | N30: LINHA 1500 | O30: 2923
A31: LINHA 2000 | B31: =I31*$F$6 -> 14152.84 | H31: LINHA 2000 | I31: 3202 | N31: LINHA 2000 | O31: 2965
A32: COURO NATURAL | B32: =I32*$F$6 -> 18241.34 | H32: COURO NATURAL | I32: 4127 | N32: COURO NATURAL | O32: 6089
A33: TECIDO | B33: MEDIDA (LxPxA): 220 X 50 x 48 | O33: 220
A34: LINHA 400 | B34: =I34*$F$6 -> 13419.12 | H34: LINHA 400 | I34: 3036 | N34: LINHA 400 | O34: 2811
A35: LINHA 600 | B35: =I35*$F$6 -> 13816.92 | H35: LINHA 600 | I35: 3126 | N35: LINHA 600 | O35: 2894
A36: LINHA 800 | B36: =I36*$F$6 -> 14024.66 | H36: LINHA 800 | I36: 3173 | N36: LINHA 800 | O36: 2938
A37: LINHA 1000 | B37: =I37*$F$6 -> 14223.56 | H37: LINHA 1000 | I37: 3218 | N37: LINHA 1000 | O37: 2980
A38: LINHA 1500 | B38: =I38*$F$6 -> 14440.14 | H38: LINHA 1500 | I38: 3267 | N38: LINHA 1500 | O38: 3025
A39: LINHA 2000 | B39: =I39*$F$6 -> 14652.3 | H39: LINHA 2000 | I39: 3315 | N39: LINHA 2000 | O39: 3069
A40: COURO NATURAL | B40: =I40*$F$6 -> 19474.52 | H40: COURO NATURAL | I40: 4406 | N40: COURO NATURAL | O40: 6586
A42: MESA LINN | B42: OPÇÃO TAMPO | C42: PÉ | D42: MESA
C43: SUPREMA NOGUEIRA/ CAST. OU PRETO | D43: LINN | I43: SUPREMA NOG/CAST/PTO | O43: SUPREMA NOG/CAST/PTO
A44: MEDIDA (LxPxA):
A45: 180X100X76 | B45: WALNUT SEM VIDRO | C45: =I45*$F$6 -> 22157.46 | H45: 180X100X76 | I45: 5013 | N45: 180X100X76 | O45: 4642
B46: WALNUT COM TS | C46: =I46*$F$6 -> 25242.62 | I46: 5711 | O46: 5288
A47: 200X110X76 | B47: WALNUT SEM VIDRO | C47: =I47*$F$6 -> 22935.38 | H47: 200X110X76 | I47: 5189 | N47: 200X110X76 | O47: 4805
B48: WALNUT COM TS | C48: =I48*$F$6 -> 26648.18 | I48: 6029 | O48: 5582
A49: 220X110X76 | B49: WALNUT SEM VIDRO | C49: =I49*$F$6 -> 23854.74 | H49: 220X110X76 | I49: 5397 | N49: 220X110X76 | O49: 4997
B50: WALNUT COM TS | C50: =I50*$F$6 -> 27938.82 | I50: 6321 | O50: 5853
A51: 240X110X76 | B51: WALNUT SEM VIDRO | C51: =I51*$F$6 -> 24778.52 | H51: 240X110X76 | I51: 5606 | N51: 240X110X76 | O51: 5191
B52: WALNUT COM TS | C52: =I52*$F$6 -> 29238.3 | I52: 6615 | O52: 6125
A53: 260X115X76 | B53: WALNUT SEM VIDRO | C53: =I53*$F$6 -> 30201.86 | H53: 260X115X76 | I53: 6833 | N53: 260X115X76 | O53: 6327
B54: WALNUT COM TS | C54: =I54*$F$6 -> 35956.7 | I54: 8135 | O54: 7532
A55: 280X120X76 | B55: WALNUT SEM VIDRO | C55: =I55*$F$6 -> 33216.3 | H55: 280X120X76 | I55: 7515 | N55: 280X120X76 | O55: 6958
B56: WALNUT COM TS | C56: =I56*$F$6 -> 39678.34 | I56: 8977 | O56: 8312
A57: 300X120X76 | B57: WALNUT SEM VIDRO | C57: =I57*$F$6 -> 34789.82 | H57: 300X120X76 | I57: 7871 | N57: 300X120X76 | O57: 7288
B58: WALNUT COM TS | C58: =I58*$F$6 -> 41733.64 | I58: 9442 | O58: 8743
A60: APARADOR LINN | B60: OPÇÃO TAMPO | C60: GAVETAS | E60: APARADOR | I60: OPÇÃO TAMPO | J60: GAVETAS | O60: OPÇÃO TAMPO | P60: GAVETAS
C61: WALNUT | D61: TS | E61: LINN | J61: WALNUT | K61: TS | P61: WALNUT | Q61: TS
A63: MEDIDA (LxPxA): | E63: PÉ SUPREMA
A64: 180X45X78 | B64: WALNUT SEM VIDRO | C64: =J64*$F$6 -> 22250.28 | D64: =K64*$F$6 -> 22568.52 | E64: NOG/CAST/PRETO | H64: 180X45X78 | I64: WALNUT SEM VIDRO | J64: 5034 | K64: 5106 | N64: 180X45X78 | O64: WALNUT SEM VIDRO | P64: 4661 | Q64: 4728 | R64: 4661
A65: 200X45X78 | B65: WALNUT SEM VIDRO | C65: =J65*$F$6 -> 23372.96 | D65: =K65*$F$6 -> 23713.3 | H65: 200X45X78 | I65: WALNUT SEM VIDRO | J65: 5288 | K65: 5365 | N65: 200X45X78 | O65: WALNUT SEM VIDRO | P65: 4896 | Q65: 4968 | R65: 4896
A66: 220X45X78 | B66: WALNUT SEM VIDRO | C66: =J66*$F$6 -> 24402.82 | D66: =K66*$F$6 -> 24827.14 | H66: 220X45X78 | I66: WALNUT SEM VIDRO | J66: 5521 | K66: 5617 | N66: 220X45X78 | O66: WALNUT SEM VIDRO | P66: 5112 | Q66: 5201 | R66: 5112
A67: 240X45X78 | B67: WALNUT SEM VIDRO | C67: =J67*$F$6 -> 25905.62 | D67: =K67*$F$6 -> 26356.46 | H67: 240X45X78 | I67: WALNUT SEM VIDRO | J67: 5861 | K67: 5963 | N67: 240X45X78 | O67: WALNUT SEM VIDRO | P67: 5427 | Q67: 5521 | R67: 5427
A68: 260X45X78 | B68: WALNUT SEM VIDRO | C68: =J68*$F$6 -> 27465.88 | D68: =K68*$F$6 -> 27943.24 | H68: 260X45X78 | I68: WALNUT SEM VIDRO | J68: 6214 | K68: 6322 | N68: 260X45X78 | O68: WALNUT SEM VIDRO | P68: 5754 | Q68: 5854 | R68: 5754
A70: BALCÃO LINN | B70: CAIXA E TAMPO | C70: PORTAS | I70: CAIXA E TAMPO | J70: PORTAS | O70: CAIXA E TAMPO | P70: PORTAS
C71: WALNUT | D71: TS | E71: BALCÃO | J71: WALNUT | K71: TS | P71: WALNUT | Q71: TS
E72: LINN
A73: MEDIDA (LxPxA): | E73: PÉ SUPREMA
A74: 200X50X78 | B74: WALNUT SEM VIDRO | C74: =J74*$F$6 -> 33706.92 | D74: =K74*$F$6 -> 35222.98 | E74: NOG/CAST/PRETO | H74: 200X50X78 | I74: WALNUT SEM VIDRO | J74: 7626 | K74: 7969 | N74: 200X50X78 | O74: WALNUT SEM VIDRO | P74: 7061 | Q74: 7379 | R74: 7061
A75: 220X50X78 | B75: WALNUT SEM VIDRO | C75: =J75*$F$6 -> 35678.24 | D75: =K75*$F$6 -> 37349 | H75: 220X50X78 | I75: WALNUT SEM VIDRO | J75: 8072 | K75: 8450 | N75: 220X50X78 | O75: WALNUT SEM VIDRO | P75: 7474 | Q75: 7824 | R75: 7474
A76: 240X50X78 | B76: WALNUT SEM VIDRO | C76: =J76*$F$6 -> 37035.18 | D76: =K76*$F$6 -> 38869.48 | H76: 240X50X78 | I76: WALNUT SEM VIDRO | J76: 8379 | K76: 8794 | N76: 240X50X78 | O76: WALNUT SEM VIDRO | P76: 7758 | Q76: 8143 | R76: 7758
A77: 260X50X78 | B77: WALNUT SEM VIDRO | C77: =J77*$F$6 -> 39338 | D77: =K77*$F$6 -> 41344.68 | H77: 260X50X78 | I77: WALNUT SEM VIDRO | J77: 8900 | K77: 9354 | N77: 260X50X78 | O77: WALNUT SEM VIDRO | P77: 8241 | Q77: 8661 | R77: 8241
A79: BALCÃO BAR LINN | B79: CAIXA | C79: PORTAS | E79: BALCÃO BAR | I79: CAIXA | J79: PORTAS | O79: CAIXA | P79: PORTAS
C80: WALNUT | D80: TS | E80: LINN | J80: WALNUT | K80: TS | P80: WALNUT | Q80: TS
E81: PÉ SUPREMA
A82: MEDIDA (LxPxA): | E82: NOG/CAST/PRETO
A83: 120 X 50 X 170 | B83: WALNUT | C83: =J83*$F$6 -> 32641.7 | D83: =K83*$F$6 -> 34798.66 | I83: WALNUT | J83: 7385 | K83: 7873 | O83: WALNUT | P83: 6838 | Q83: 7290 | R83: 6838
A87: MESA CENTRO LINN | B87: OPÇÃO TAMPO | C87: PÉ | D87: MESA CENTRO
C88: SUPREMA NOGUEIRA/ CAST. OU PRETO | D88: LINN | I88: SUPREMA NOG/CAST/PTO | O88: SUPREMA NOG/CAST/PTO
A89: MEDIDA (LxPxA):
A90: 120X60X25 | B90: WALNUT SEM VIDRO | C90: =J90*$F$6 -> 9419.02 | H90: 120X60X?? | I90: WALNUT SEM VIDRO | J90: 2131 | N90: 120X60X?? | O90: WALNUT SEM VIDRO | P90: 1973
B91: WALNUT COM TS | C91: =J91*$F$6 -> 10099.7 | I91: WALNUT COM TS | J91: 2285 | O91: WALNUT COM TS | P91: 2116
A92: 140X70X25 | B92: WALNUT SEM VIDRO | C92: =J92*$F$6 -> 10440.04 | H92: 140X70X ?? | I92: WALNUT SEM VIDRO | J92: 2362 | N92: 140X70X ?? | O92: WALNUT SEM VIDRO | P92: 2187
B93: WALNUT COM TS | C93: =J93*$F$6 -> 11496.42 | I93: WALNUT COM TS | J93: 2601 | O93: WALNUT COM TS | P93: 2408
A94: 160X70X25 | B94: WALNUT SEM VIDRO | C94: =J94*$F$6 -> 10665.46 | H94: 160X70X ?? | I94: WALNUT SEM VIDRO | J94: 2413 | N94: 160X70X ?? | O94: WALNUT SEM VIDRO | P94: 2234
B95: WALNUT COM TS | C95: =J95*$F$6 -> 11934 | I95: WALNUT COM TS | J95: 2700 | O95: WALNUT COM TS | P95: 2500
A96: 180X90X25 | B96: WALNUT SEM VIDRO | C96: =J96*$F$6 -> 11757.2 | H96: 180X90X ?? | I96: WALNUT SEM VIDRO | J96: 2660 | N96: 180X90X ?? | O96: WALNUT SEM VIDRO | P96: 2463
B97: WALNUT COM TS | C97: =J97*$F$6 -> 12482.08 | I97: WALNUT COM TS | J97: 2824 | O97: WALNUT COM TS | P97: 2615
A98: 100X100X25 | B98: WALNUT SEM VIDRO | C98: =J98*$F$6 -> 10285.34 | H98: 100X100X ? | I98: WALNUT SEM VIDRO | J98: 2327 | N98: 100X100X ? | O98: WALNUT SEM VIDRO | P98: 2155
B99: WALNUT COM TS | C99: =J99*$F$6 -> 11894.22 | I99: WALNUT COM TS | J99: 2691 | O99: WALNUT COM TS | P99: 2492
A100: 120X120X25 | B100: WALNUT SEM VIDRO | C100: =J100*$F$6 -> 11841.18 | H100: 120X120X ? | I100: WALNUT SEM VIDRO | J100: 2679 | N100: 120X120X ? | O100: WALNUT SEM VIDRO | P100: 2481
B101: WALNUT COM TS | C101: =J101*$F$6 -> 14157.26 | I101: WALNUT COM TS | J101: 3203 | O101: WALNUT COM TS | P101: 2966
A103: MESA APOIO LINN | B103: OPÇÃO TAMPO | C103: PÉ | D103: MESA APOIO
C104: SUPREMA NOGUEIRA/ CASTANHO OU PRETO | D104: LINN | F104: MESA APOIO | I104: SUPREMA NOG/CAST/PTO | O104: SUPREMA NOG/CAST/PTO
A105: MEDIDA (LxPxA):
A108: 60X60X60 | B108: WALNUT SEM VIDRO | C108: =J108*$F$6 -> 8225.62 | H108: 120X60X?? | I108: WALNUT SEM VIDRO | J108: 1861 | N108: 120X60X?? | O108: WALNUT SEM VIDRO | P108: 1723
B109: WALNUT COM TS | C109: =J109*$F$6 -> 8809.06 | I109: WALNUT COM TS | J109: 1993 | O109: WALNUT COM TS | P109: 1845
A111: CARRINHO BAR LINN | B111: BANDEJA SUPERIOR E INFERIOR | C111: ESTRUTURA | E111: CARRINHO BAR | H111: BANDEJA SUPERIOR E INFERIOR | J111: ESTRUTURA WALNUT NATURAL | K111: ESTRUTURA SUPREMA PRETO | N111: BANDEJA SUPERIOR E INFERIOR | P111: ESTRUTURA WALNUT NATURAL | Q111: ESTRUTURA SUPREMA PRETO
C112: WALNUT NATURAL | D112: SUPREMA PRETO | E112: LINN | F112: CARRINHO BAR
A113: MEDIDA (LxPxA):
F115: RODAS SEMPRE WALNUT NATURAL
A116: 105x60x75 | B116: MACIÇO | C116: =J116*$F$6 -> 14563.9 | D116: =K116*$F$6 -> 12760.54 | H116: ?? | I116: WALNUT SEM VIDRO | J116: 3295 | K116: 2887 | N116: ?? | O116: WALNUT SEM VIDRO | P116: 3051 | Q116: 2673
B117: TS | D117: =K117*$F$6 -> 0 | I117: TS | O117: TS
...

Sheet Luia.Mantelli
A5: TABELA 06/2022 - LINHA LUIA MANTELLI
A7: POLTRONA IDEM | B7: LOURO FREIJO NATURAL OU EBANIZADO | C7: A- 74 P-63 L-76
A8: ARES | C8: POLTRONA
A9: TECIDO | C9: IDEM
A10: LINHA 400 | B10: =J10*Fernando.Motta!$F$6 -> 5083 | I10: LINHA 400 | J10: 1150
E11: Opção de Acabamento Natural ou Preto, com ampla variedade de revestimentos. Acompanha almofadas revestidas no tecido do assento. Assento e encosto no mesmo revestimento.
A13: LINHA 600 | B13: =J13*Fernando.Motta!$F$6 -> 5268.64 | I13: linha 600 | J13: 1192
A16: LINHA 800 | B16: =J16*Fernando.Motta!$F$6 -> 5595.72 | I16: LINHA 800 | J16: 1266
A19: LINHA 1000 | B19: =J19*Fernando.Motta!$F$6 -> 5706.22 | I19: LINHA 1000 | J19: 1291
A22: LINHA 1500 | B22: =J22*Fernando.Motta!$F$6 -> 6112.86 | I22: LINHA 1500 | J22: 1383
A25: LINHA 2000 | B25: =J25*Fernando.Motta!$F$6 -> 6696.3 | I25: LINHA 2000 | J25: 1515
A28: COURO NATURAL | B28: =J28*Fernando.Motta!$F$6 -> 11337.3 | I28: COURO NATURAL | J28: 2565
A32: BANQUETA IDEM | B32: LOURO FREIJO NATURAL OU EBANIZADO | C32: A- 87 P-47 L-49
A33: ARES | C33: BANQUETA
A34: TECIDO | C34: IDEM
A35: LINHA 400 | B35: =J35*Fernando.Motta!$F$6 -> 3597.88 | I35: LINHA 400 | J35: 814
E36: Opção de Acabamento Natural ou Preto, com ampla variedade de revestimentos.
A38: LINHA 600 | B38: =J38*Fernando.Motta!$F$6 -> 3664.18 | I38: LINHA 600 | J38: 829
A41: LINHA 800 | B41: =J41*Fernando.Motta!$F$6 -> 3779.1 | I41: LINHA 800 | J41: 855
A44: LINHA 1000 | B44: =J44*Fernando.Motta!$F$6 -> 3818.88 | I44: LINHA 1000 | J44: 864
A47: LINHA 1500 | B47: =J47*Fernando.Motta!$F$6 -> 3960.32 | I47: LINHA 1500 | J47: 896
A50: LINHA 2000 | B50: =J50*Fernando.Motta!$F$6 -> 4168.06 | I50: LINHA 2000 | J50: 943
A53: COURO NATURAL | B53: =J53*Fernando.Motta!$F$6 -> 6510.66 | I53: COURO NATURAL | J53: 1473
B57: MESA X | C57: LOURO FREIJO | D57: 1800 x 1000 x H 750 | E57: =I57*Fernando.Motta!$F$6 -> 16278.86 | F57: Pés em madeira maciça e tampo em MDF revestido em lâmina Louro Freijó. Opção de Acabamento Natural ou Preto. Detalhe e fixação dos pés em Latão polido com proteção em verniz. | I57: 3683
D58: 2000 x 1100 x H 750 | E58: =I58*Fernando.Motta!$F$6 -> 17728.62 | I58: 4011
D59: 2200 x 1100 x H 750 | E59: =I59*Fernando.Motta!$F$6 -> 18325.32 | I59: 4146
D60: 2400 x 1100 x H 750 | E60: =I60*Fernando.Motta!$F$6 -> 18992.74 | I60: 4297
D61: 2600 x 1150 x H 750 | E61: =I61*Fernando.Motta!$F$6 -> 19611.54 | I61: 4437
D62: 2800 x 1200 x H 750 | E62: =I62*Fernando.Motta!$F$6 -> 24738.74 | I62: 5597
D63: 3000 x 1200 x H 750 | E63: =I63*Fernando.Motta!$F$6 -> 25733.24 | I63: 5822
B65: MESA REDONDA TRAMA | C65: LOURO FREIJO | D65: Ø 1100 x H 750 | E65: =I65*Fernando.Motta!$F$6 -> 13511.94 | F65: Pés em madeira maciça e tampo em MDF revestido em lâmina Louro Freijó. Opção de Acabamento Natural ou Preto. | I65: 3057
D66: Ø 1200 X H 750 | E66: =I66*Fernando.Motta!$F$6 -> 14378.26 | I66: 3253
D67: Ø 1400 X H 750 | E67: =I67*Fernando.Motta!$F$6 -> 16345.16 | I67: 3698
D68: Ø 1600 X H 750 | E68: =I68*Fernando.Motta!$F$6 -> 19262.36 | I68: 4358
D69: Ø 1800 X H 750 | E69: =I69*Fernando.Motta!$F$6 -> 21865.74 | I69: 4947
B71: APARADOR X | C71: LOURO FREIJO | D71: 1800 x 480 x H 750 | E71: =I71*Fernando.Motta!$F$6 -> 21180.64 | F71: Pés em madeira maciça e caixa em MDF revestido em lâmina Louro Freijó. Opção de Acabamento Natural ou Preto. Puxador, detalhe e fixação dos pés em Latão polido com proteção em verniz. | I71: 4792
D72: 2000 x 480 x H 750 | E72: =I72*Fernando.Motta!$F$6 -> 22776.26 | I72: 5153
D73: 2200 x 480 x H 750 | E73: =I73*Fernando.Motta!$F$6 -> 24212.76 | I73: 5478
D74: 2400 x 480 x H 750 | E74: =I74*Fernando.Motta!$F$6 -> 25534.34 | I74: 5777
D75: 2600 x 480 x H 750 | E75: =I75*Fernando.Motta!$F$6 -> 27015.04 | I75: 6112
B77: BUFFET X | C77: LOURO FREIJO | D77: 2000 x 480 x H 750 | E77: =I77*Fernando.Motta!$F$6 -> 40942.46 | F77: Pés em madeira maciça e caixa em MDF revestido em lâmina Louro Freijó. Opção de Acabamento Natural ou Preto. Puxador, detalhe e fixação dos pés em Latão polido com proteção em verniz. Portas com sistema de abertura invísivel. | I77: 9263
D78: 2200 x 480 x H 750 | E78: =I78*Fernando.Motta!$F$6 -> 42763.5 | I78: 9675
D79: 2400 x 480 x H 750 | E79: =I79*Fernando.Motta!$F$6 -> 44474.04 | I79: 10062
D80: 2600 x 480 x H 750 | E80: =I80*Fernando.Motta!$F$6 -> 46547.02 | I80: 10531
B82: BALCAO BAR X | C82: LOURO FREIJO | D82: 120 x 50 x 140 | E82: =I82*Fernando.Motta!$F$6 -> 47523.84 | F82: Pés em madeira maciça e caixa em MDF revestido em lâmina Louro Freijó. Opção de Acabamento Natural ou Preto. Puxador, detalhe e fixação dos pés em Latão polido com proteção em verniz. Portas com sistema de abertura invísivel. | I82: 10752
B90: MESA CENTRO X | C90: LOURO FREIJO | D90: 1100 x 1100 X H 350 | E90: =I90*Fernando.Motta!$F$6 -> 24332.1 | F90: Pés em madeira maciça e quadro em MDF revestido em lâmina Louro Freijó. Opção de Acabamento Natural ou Preto. Dobradiças e detalhe de fixação dos pés em Latão polido com proteção em verniz. Vidro Incolor de 8mm encaixados | I90: 5505
D91: 1400 x 1400 X H 350 | E91: =I91*Fernando.Motta!$F$6 -> 24986.26 | I91: 5653
D92: 1600 x 600 X H 350 | E92: =I92*Fernando.Motta!$F$6 -> 25512.24 | I92: 5772
D93: 1800 x 900 X H 350 | E93: =I93*Fernando.Motta!$F$6 -> 26029.38 | I93: 5889
B97: MESA LATERAL X | C97: LOURO FREIJO | D97: Ø 500 x H 500 | E97: =I97*Fernando.Motta!$F$6 -> 5206.76 | F97: Pés em madeira maciça e tampo em MDF revestido em lâmina Louro Freijó. Opção de Acabamento Natural ou Preto. Detalhe e fixação dos pés em Latão polido com proteção em verniz. | I97: 1178
D98: Ø 600 x H 500 | E98: =I98*Fernando.Motta!$F$6 -> 5582.46 | I98: 1263
D99: Ø 700 x H 500 | E99: =I99*Fernando.Motta!$F$6 -> 6139.38 | I99: 1389
D100: Ø 800 x H 500 | E100: =I100*Fernando.Motta!$F$6 -> 6669.78 | I100: 1509
D101: Ø 500 x H 600 | E101: =I101*Fernando.Motta!$F$6 -> 5264.22 | I101: 1191
D102: Ø 600 x H 600 | E102: =I102*Fernando.Motta!$F$6 -> 5635.5 | I102: 1275
D103: Ø 700 x H 600 | E103: =I103*Fernando.Motta!$F$6 -> 6192.42 | I103: 1401
D104: 900 x 500 x H 600 OVAL | E104: =I104*Fernando.Motta!$F$6 -> 6669.78 | I104: 1509
B106: MESA LATERAL TRAMA | C106: LOURO FREIJO | D106: Ø 600 x H 500 | E106: =I106*Fernando.Motta!$F$6 -> 6515.08 | F106: Pés em madeira maciça e tampo em MDF revestido em lâmina Louro Freijó. Opção de Acabamento Natural ou Preto. | I106: 1474
D107: Ø 700 x H 500 | E107: =I107*Fernando.Motta!$F$6 -> 7010.12 | I107: 1586
D108: Ø 700 x H 600 | E108: =I108*Fernando.Motta!$F$6 -> 7067.58 | I108: 1599
D109: Ø 800 x H 600 | E109: =I109*Fernando.Motta!$F$6 -> 7558.2 | I109: 1710

Sheet Daniel.Kroth
A5: TABELA 06/2022 - LINHA DANIEL KROTH
A6: POLTRONA BRISE | B6: SUPREMA NOG/CAST/PTO | C6: LACA FOSCA | D6: LACA BRILHO OU MET./ SUP NAT OU ROSE NAT | E6: A-79 P-80 L-65
E7: POLTRONA
A8: TECIDO | E8: BRISE
A9: LINHA 400 | B9: =J9*Fernando.Motta!$F$6 -> 5418.92 | C9: =K9*Fernando.Motta!$F$6 -> 8367.06 | D9: =L9*Fernando.Motta!$F$6 -> 10245.56 | I9: LINHA 400 | J9: 1226 | K9: 1893 | L9: 2318 | P9: 1026 | Q9: 1502 | R9: 1795
B10: #REF! | C10: #REF! | D10: #REF!
B11: #REF! | C11: #REF! | D11: #REF!
A12: LINHA 600 | B12: =J12*Fernando.Motta!$F$6 -> 5538.26 | C12: =K12*Fernando.Motta!$F$6 -> 8486.4 | D12: =L12*Fernando.Motta!$F$6 -> 10369.32 | I12: LINHA 600 | J12: 1253 | K12: 1920 | L12: 2346 | P12: 1072 | Q12: 1537 | R12: 1829
B13: #REF! | C13: #REF! | D13: #REF!
B14: #REF! | C14: #REF! | D14: #REF!
A15: LINHA 800 | B15: =J15*Fernando.Motta!$F$6 -> 5754.84 | C15: =K15*Fernando.Motta!$F$6 -> 8702.98 | D15: =L15*Fernando.Motta!$F$6 -> 10585.9 | I15: LINHA 800 | J15: 1302 | K15: 1969 | L15: 2395 | P15: 1128 | Q15: 1569 | R15: 1863
B16: #REF! | C16: #REF! | D16: #REF!
B17: #REF! | C17: #REF! | D17: #REF!
A18: LINHA 1000 | B18: =J18*Fernando.Motta!$F$6 -> 5825.56 | C18: =K18*Fernando.Motta!$F$6 -> 8778.12 | D18: =L18*Fernando.Motta!$F$6 -> 10656.62 | I18: LINHA 1000 | J18: 1318 | K18: 1986 | L18: 2411 | P18: 1183 | Q18: 1617 | R18: 1896
B19: #REF! | C19: #REF! | D19: #REF!
B20: #REF! | C20: #REF! | D20: #REF!
A21: LINHA 1500 | B21: =J21*Fernando.Motta!$F$6 -> 6090.76 | C21: =K21*Fernando.Motta!$F$6 -> 9043.32 | D21: =L21*Fernando.Motta!$F$6 -> 10921.82 | I21: LINHA 1500 | J21: 1378 | K21: 2046 | L21: 2471 | P21: 1238 | Q21: 1672 | R21: 1930
B22: #REF! | C22: #REF! | D22: #REF!
B23: #REF! | C23: #REF! | D23: #REF!
A24: LINHA 2000 | B24: =J24*Fernando.Motta!$F$6 -> 6479.72 | C24: =K24*Fernando.Motta!$F$6 -> 9427.86 | D24: =L24*Fernando.Motta!$F$6 -> 11306.36 | I24: LINHA 2000 | J24: 1466 | K24: 2133 | L24: 2558 | P24: 1294 | Q24: 1728 | R24: 1980
B25: #REF! | C25: #REF! | D25: #REF!
B26: #REF! | C26: #REF! | D26: #REF!
A27: COURO NATURAL | B27: =J27*Fernando.Motta!$F$6 -> 13193.7 | C27: =K27*Fernando.Motta!$F$6 -> 16062.28 | D27: =L27*Fernando.Motta!$F$6 -> 17940.78 | I27: COURO NATURAL | J27: 2985 | K27: 3634 | L27: 4059 | P27: 3956 | Q27: 4432 | R27: 4950
B28: #REF! | C28: #REF! | D28: #REF!
B29: #REF! | C29: #REF! | D29: #REF!
A31: BANCO BRISE | B31: SUPREMA NOG/CAST/PTO | C31: SUPREMA NAT/ROSE NAT | E31: A-42 P-45 L-65
E32: BANCO
A33: TECIDO | E33: BRISE
A34: LINHA 400 | B34: =J34*Fernando.Motta!$F$6 -> 2594.54 | C34: =K34*Fernando.Motta!$F$6 -> 2903.94 | I34: LINHA 400 | J34: 587 | K34: 657 | P34: 502 | Q34: 562
B35: #REF! | C35: #REF!
B36: #REF! | C36: #REF!
A37: LINHA 600 | B37: =J37*Fernando.Motta!$F$6 -> 2638.74 | C37: =K37*Fernando.Motta!$F$6 -> 2956.98 | I37: LINHA 600 | J37: 597 | K37: 669 | P37: 514 | Q37: 575
B38: #REF! | C38: #REF!
B39: #REF! | C39: #REF!
A40: LINHA 800 | B40: =J40*Fernando.Motta!$F$6 -> 2713.88 | C40: =K40*Fernando.Motta!$F$6 -> 3040.96 | I40: LINHA 800 | J40: 614 | K40: 688 | P40: 524 | Q40: 587
B41: #REF! | C41: #REF!
B42: #REF! | C42: #REF!
A43: LINHA 1000 | B43: =J43*Fernando.Motta!$F$6 -> 2740.4 | C43: =K43*Fernando.Motta!$F$6 -> 3067.48 | I43: LINHA 1000 | J43: 620 | K43: 694 | P43: 536 | Q43: 643
B44: #REF! | C44: #REF!
B45: #REF! | C45: #REF!
A46: LINHA 1500 | B46: =J46*Fernando.Motta!$F$6 -> 2837.64 | C46: =K46*Fernando.Motta!$F$6 -> 3177.98 | I46: LINHA 1500 | J46: 642 | K46: 719 | P46: 548 | Q46: 658
B47: #REF! | C47: #REF!
B48: #REF! | C48: #REF!
A49: LINHA 2000 | B49: =J49*Fernando.Motta!$F$6 -> 2974.66 | C49: =K49*Fernando.Motta!$F$6 -> 3332.68 | I49: LINHA 2000 | J49: 673 | K49: 754 | P49: 557 | Q49: 626
B50: #REF! | C50: #REF!
B51: #REF! | C51: #REF!
A52: COURO NATURAL | B52: =J52*Fernando.Motta!$F$6 -> 4128.28 | C52: =K52*Fernando.Motta!$F$6 -> 5529.42 | I52: COURO NATURAL | J52: 934 | K52: 1251 | P52: 858 | Q52: 963
B53: #REF! | C53: #REF!
B54: #REF! | C54: #REF!
A56: MESA APOIO BRISE | B56: OPÇÃO DETALHE INTERNO TAMPO | C56: ACABAMENTO PÉ E BORDA TAMPO | G56: MESA APOIO | J56: OPÇÃO DETALHE INTERNO TAMPO | K56: ACABAMENTO PÉ E BORDA TAMPO | P56: OPÇÃO DETALHE INTERNO TAMPO | Q56: ACABAMENTO PÉ E BORDA TAMPO
C57: CARVALHO NOGUEIRA/ CASTANHO OU PRETO/NATURAL OU ROSE NATURAL | D57: WALNUT NATURAL | E57: LACA FOSCA | F57: LACA BRILHO/METALIZADA | G57: BRISE | K57: CARVALHO NOGUEIRA/ CASTANHO OU PRETO | L57: WALNUT NATURAL | M57: LACA FOSCA | N57: LACA BRILHO | Q57: CARVALHO NOGUEIRA/ CASTANHO OU PRETO | R57: WALNUT NATURAL | S57: LACA FOSCA | T57: LACA BRILHO
A58: MEDIDAS
A59: Ø x A
A61: 54X50 | B61: CARVALHO C/ VIDRO INCOLOR | C61: =K61*Fernando.Motta!$F$6 -> 4645.42 | D61: =L61*Fernando.Motta!$F$6 -> 4915.04 | E61: =M61*Fernando.Motta!$F$6 -> 5233.28 | F61: =N61*Fernando.Motta!$F$6 -> 5657.6 | I61: 54x50 | J61: CARVALHO C/ VIDRO INCOLOR | K61: 1051 | L61: 1112 | M61: 1184 | N61: 1280 | P61: CARVALHO C/ VIDRO INCOLOR | Q61: 1234 | R61: 1369 | S61: 1325 | T61: 1467
B62: WALNUT C/ VIDRO INCOLOR | C62: =K62*Fernando.Motta!$F$6 -> 4751.5 | D62: =L62*Fernando.Motta!$F$6 -> 5021.12 | E62: =M62*Fernando.Motta!$F$6 -> 5339.36 | F62: =N62*Fernando.Motta!$F$6 -> 5763.68 | J62: WALNUT C/ VIDRO INCOLOR | K62: 1075 | L62: 1136 | M62: 1208 | N62: 1304 | P62: WALNUT C/ VIDRO INCOLOR | Q62: 1318 | R62: 1454 | S62: 1408 | T62: 1550
B63: LACA FOSCA C/ VIDRO INCOLOR | C63: =K63*Fernando.Motta!$F$6 -> 4503.98 | D63: =L63*Fernando.Motta!$F$6 -> 4773.6 | E63: =M63*Fernando.Motta!$F$6 -> 5096.26 | F63: =N63*Fernando.Motta!$F$6 -> 5520.58 | J63: LACA FOSCA C/ VIDRO INCOLOR | K63: 1019 | L63: 1080 | M63: 1153 | N63: 1249 | P63: LACA FOSCA C/ VIDRO INCOLOR | Q63: 1165 | R63: 1301 | S63: 1256 | T63: 1398
B64: LACA BRILHO/METAL. C/ VIDRO INCOLOR | C64: =K64*Fernando.Motta!$F$6 -> 4618.9 | D64: =L64*Fernando.Motta!$F$6 -> 4888.52 | E64: =M64*Fernando.Motta!$F$6 -> 5211.18 | F64: =N64*Fernando.Motta!$F$6 -> 5635.5 | J64: LACA BRILHO/METAL. C/ VIDRO INCOLOR | K64: 1045 | L64: 1106 | M64: 1179 | N64: 1275 | P64: LACA BRILHO/METAL. C/ VIDRO INCOLOR | Q64: 1196 | R64: 1331 | S64: 1286 | T64: 1428
A65: 64X60 | B65: CARVALHO C/ VIDRO INCOLOR | C65: =K65*Fernando.Motta!$F$6 -> 5136.04 | D65: =L65*Fernando.Motta!$F$6 -> 5525 | E65: =M65*Fernando.Motta!$F$6 -> 5604.56 | F65: =N65*Fernando.Motta!$F$6 -> 6059.82 | I65: 64X60 | J65: CARVALHO C/ VIDRO INCOLOR | K65: 1162 | L65: 1250 | M65: 1268 | N65: 1371 | P65: CARVALHO C/ VIDRO INCOLOR | Q65: 1293 | R65: 1436 | S65: 1380 | T65: 1526
B66: WALNUT C/ VIDRO INCOLOR | C66: =K66*Fernando.Motta!$F$6 -> 5290.74 | D66: =L66*Fernando.Motta!$F$6 -> 5679.7 | E66: =M66*Fernando.Motta!$F$6 -> 5759.26 | F66: =N66*Fernando.Motta!$F$6 -> 6214.52 | J66: WALNUT C/ VIDRO INCOLOR | K66: 1197 | L66: 1285 | M66: 1303 | N66: 1406 | P66: WALNUT C/ VIDRO INCOLOR | Q66: 1387 | R66: 1530 | S66: 1473 | T66: 1620
B67: LACA FOSCA C/ VIDRO INCOLOR | C67: =K67*Fernando.Motta!$F$6 -> 4981.34 | D67: =L67*Fernando.Motta!$F$6 -> 5370.3 | E67: =M67*Fernando.Motta!$F$6 -> 5449.86 | F67: =N67*Fernando.Motta!$F$6 -> 5905.12 | J67: LACA FOSCA C/ VIDRO INCOLOR | K67: 1127 | L67: 1215 | M67: 1233 | N67: 1336 | P67: LACA FOSCA C/ VIDRO INCOLOR | Q67: 1222 | R67: 1364 | S67: 1309 | T67: 1455
B68: LACA BRILHO/METAL. C/ VIDRO INCOLOR | C68: =K68*Fernando.Motta!$F$6 -> 5144.88 | D68: =L68*Fernando.Motta!$F$6 -> 5533.84 | E68: =M68*Fernando.Motta!$F$6 -> 5613.4 | F68: =N68*Fernando.Motta!$F$6 -> 6068.66 | J68: LACA BRILHO/METAL. C/ VIDRO INCOLOR | K68: 1164 | L68: 1252 | M68: 1270 | N68: 1373 | P68: LACA BRILHO/METAL. C/ VIDRO INCOLOR | Q68: 1255 | R68: 1398 | S68: 1343 | T68: 1487
A70: MESA CENTRO | B70: OPÇÃO DETALHE INTERNO TAMPO | C70: ACABAMENTO PÉ E BORDA TAMPO | G70: MESA CENTRO | J70: OPÇÃO DETALHE INTERNO TAMPO | K70: ACABAMENTO PÉ E BORDA TAMPO | P70: OPÇÃO DETALHE INTERNO TAMPO | Q70: ACABAMENTO PÉ E BORDA TAMPO
A71: BRISE | C71: CARVALHO NOGUEIRA/ CASTANHO OU PRETO/NATURAL OU ROSE NATURAL | D71: WALNUT NATURAL | E71: LACA FOSCA | F71: LACA BRILHO/METALIZADA | G71: BRISE | K71: CARVALHO NOGUEIRA/ CASTANHO OU PRETO | L71: WALNUT NATURAL | M71: LACA FOSCA | N71: LACA BRILHO | Q71: CARVALHO NOGUEIRA/ CASTANHO OU PRETO | R71: WALNUT NATURAL | S71: LACA FOSCA | T71: LACA BRILHO
A72: MEDIDAS
A73: Ø x A
A75: 74X33 | B75: CARVALHO C/ VIDRO INCOLOR | C75: =K75*Fernando.Motta!$F$6 -> 5436.6 | D75: =L75*Fernando.Motta!$F$6 -> 5776.94 | E75: =M75*Fernando.Motta!$F$6 -> 5799.04 | F75: =N75*Fernando.Motta!$F$6 -> 6179.16 | I75: 74x33 | J75: CARVALHO C/ VIDRO INCOLOR | K75: 1230 | L75: 1307 | M75: 1312 | N75: 1398 | P75: CARVALHO C/ VIDRO INCOLOR | Q75: 1398 | R75: 1520 | S75: 1483 | T75: 1612
B76: WALNUT C/ VIDRO INCOLOR | C76: =K76*Fernando.Motta!$F$6 -> 5657.6 | D76: =L76*Fernando.Motta!$F$6 -> 5993.52 | E76: =M76*Fernando.Motta!$F$6 -> 6015.62 | F76: =N76*Fernando.Motta!$F$6 -> 6395.74 | J76: WALNUT C/ VIDRO INCOLOR | K76: 1280 | L76: 1356 | M76: 1361 | N76: 1447 | P76: WALNUT C/ VIDRO INCOLOR | Q76: 1504 | R76: 1625 | S76: 1588 | T76: 1718
B77: LACA FOSCA C/ VIDRO INCOLOR | C77: =K77*Fernando.Motta!$F$6 -> 5308.42 | D77: =L77*Fernando.Motta!$F$6 -> 5644.34 | E77: =M77*Fernando.Motta!$F$6 -> 5666.44 | F77: =N77*Fernando.Motta!$F$6 -> 6050.98 | J77: LACA FOSCA C/ VIDRO INCOLOR | K77: 1201 | L77: 1277 | M77: 1282 | N77: 1369 | P77: LACA FOSCA C/ VIDRO INCOLOR | Q77: 1374 | R77: 1495 | S77: 1457 | T77: 1588
A78: Diâmetro Vidro Ø 70 | B78: LACA BRILHO/METAL. C/ VIDRO INCOLOR | C78: =K78*Fernando.Motta!$F$6 -> 5529.42 | D78: =L78*Fernando.Motta!$F$6 -> 5865.34 | E78: =M78*Fernando.Motta!$F$6 -> 5891.86 | F78: =N78*Fernando.Motta!$F$6 -> 6271.98 | J78: LACA BRILHO/METAL. C/ VIDRO INCOLOR | K78: 1251 | L78: 1327 | M78: 1333 | N78: 1419 | P78: LACA BRILHO/METAL. C/ VIDRO INCOLOR | Q78: 1435 | R78: 1557 | S78: 1519 | T78: 1649
A79: 84X33 | B79: CARVALHO C/ VIDRO INCOLOR | C79: =K79*Fernando.Motta!$F$6 -> 5918.38 | D79: =L79*Fernando.Motta!$F$6 -> 6325.02 | E79: =M79*Fernando.Motta!$F$6 -> 6210.1 | F79: =N79*Fernando.Motta!$F$6 -> 6616.74 | I79: 84x33 | J79: CARVALHO C/ VIDRO INCOLOR | K79: 1339 | L79: 1431 | M79: 1405 | N79: 1497 | P79: CARVALHO C/ VIDRO INCOLOR | Q79: 1461 | R79: 1581 | S79: 1557 | T79: 1694
B80: WALNUT C/ VIDRO INCOLOR | C80: =K80*Fernando.Motta!$F$6 -> 6201.26 | D80: =L80*Fernando.Motta!$F$6 -> 6612.32 | E80: =M80*Fernando.Motta!$F$6 -> 6497.4 | F80: =N80*Fernando.Motta!$F$6 -> 6904.04 | J80: WALNUT C/ VIDRO INCOLOR | K80: 1403 | L80: 1496 | M80: 1470 | N80: 1562 | P80: WALNUT C/ VIDRO INCOLOR | Q80: 1577 | R80: 1698 | S80: 1675 | T80: 1810
B81: LACA FOSCA C/ VIDRO INCOLOR | C81: =K81*Fernando.Motta!$F$6 -> 5781.36 | D81: =L81*Fernando.Motta!$F$6 -> 6192.42 | E81: =M81*Fernando.Motta!$F$6 -> 6077.5 | F81: =N81*Fernando.Motta!$F$6 -> 6484.14 | J81: LACA FOSCA C/ VIDRO INCOLOR | K81: 1308 | L81: 1401 | M81: 1375 | N81: 1467 | P81: LACA FOSCA C/ VIDRO INCOLOR | Q81: 1428 | R81: 1552 | S81: 1527 | T81: 1663
A82: Diâmetro Vidro Ø 80 | B82: LACA BRILHO/METAL. C/ VIDRO INCOLOR | C82: =K82*Fernando.Motta!$F$6 -> 6073.08 | D82: =L82*Fernando.Motta!$F$6 -> 6484.14 | E82: =M82*Fernando.Motta!$F$6 -> 6369.22 | F82: =N82*Fernando.Motta!$F$6 -> 6775.86 | J82: LACA BRILHO/METAL. C/ VIDRO INCOLOR | K82: 1374 | L82: 1467 | M82: 1441 | N82: 1533 | P82: LACA BRILHO/METAL. C/ VIDRO INCOLOR | Q82: 1495 | R82: 1616 | S82: 1591 | T82: 1728
A83: 94X33 | B83: CARVALHO C/ VIDRO INCOLOR | C83: =K83*Fernando.Motta!$F$6 -> 6820.06 | D83: =L83*Fernando.Motta!$F$6 -> 7310.68 | E83: =M83*Fernando.Motta!$F$6 -> 7836.66 | F83: =N83*Fernando.Motta!$F$6 -> 8667.62 | I83: 94x33 | J83: CARVALHO C/ VIDRO INCOLOR | K83: 1543 | L83: 1654 | M83: 1773 | N83: 1961 | P83: CARVALHO C/ VIDRO INCOLOR | Q83: 1646 | R83: 1723 | S83: 1696 | T83: 1849
B84: WALNUT C/ VIDRO INCOLOR | C84: =K84*Fernando.Motta!$F$6 -> 7182.5 | D84: =L84*Fernando.Motta!$F$6 -> 7673.12 | E84: =M84*Fernando.Motta!$F$6 -> 8199.1 | F84: =N84*Fernando.Motta!$F$6 -> 9030.06 | J84: WALNUT C/ VIDRO INCOLOR | K84: 1625 | L84: 1736 | M84: 1855 | N84: 2043 | P84: WALNUT C/ VIDRO INCOLOR | Q84: 1729 | R84: 1821 | S84: 1805 | T84: 1944
B85: LACA FOSCA C/ VIDRO INCOLOR | C85: =K85*Fernando.Motta!$F$6 -> 7120.62 | D85: =L85*Fernando.Motta!$F$6 -> 7611.24 | E85: =M85*Fernando.Motta!$F$6 -> 8132.8 | F85: =N85*Fernando.Motta!$F$6 -> 8968.18 | J85: LACA FOSCA C/ VIDRO INCOLOR | K85: 1611 | L85: 1722 | M85: 1840 | N85: 2029 | P85: LACA FOSCA C/ VIDRO INCOLOR | Q85: 1652 | R85: 1729 | S85: 1702 | T85: 1856
A86: Diâmetro Vidro Ø 90 | B86: LACA BRILHO/METAL. C/ VIDRO INCOLOR | C86: =K86*Fernando.Motta!$F$6 -> 7712.9 | D86: =L86*Fernando.Motta!$F$6 -> 8203.52 | E86: =M86*Fernando.Motta!$F$6 -> 8729.5 | F86: =N86*Fernando.Motta!$F$6 -> 9560.46 | J86: LACA BRILHO/METAL. C/ VIDRO INCOLOR | K86: 1745 | L86: 1856 | M86: 1975 | N86: 2163 | P86: LACA BRILHO/METAL. C/ VIDRO INCOLOR | Q86: 1742 | R86: 1819 | S86: 1791 | T86: 1945
A87: 104X33 | B87: CARVALHO C/ VIDRO INCOLOR | C87: =K87*Fernando.Motta!$F$6 -> 7403.5 | D87: =L87*Fernando.Motta!$F$6 -> 7982.52 | E87: =M87*Fernando.Motta!$F$6 -> 8327.28 | F87: =N87*Fernando.Motta!$F$6 -> 9184.76 | I87: 104x33 | J87: CARVALHO C/ VIDRO INCOLOR | K87: 1675 | L87: 1806 | M87: 1884 | N87: 2078 | P87: CARVALHO C/ VIDRO INCOLOR | Q87: 1790 | R87: 1881 | S87: 1795 | T87: 1953
B88: WALNUT C/ VIDRO INCOLOR | C88: =K88*Fernando.Motta!$F$6 -> 7849.92 | D88: =L88*Fernando.Motta!$F$6 -> 8433.36 | E88: =M88*Fernando.Motta!$F$6 -> 8773.7 | F88: =N88*Fernando.Motta!$F$6 -> 9631.18 | J88: WALNUT C/ VIDRO INCOLOR | K88: 1776 | L88: 1908 | M88: 1985 | N88: 2179 | P88: WALNUT C/ VIDRO INCOLOR | Q88: 1892 | R88: 1981 | S88: 1895 | T88: 2052
B89: LACA FOSCA C/ VIDRO INCOLOR | C89: =K89*Fernando.Motta!$F$6 -> 7606.82 | D89: =L89*Fernando.Motta!$F$6 -> 8190.26 | E89: =M89*Fernando.Motta!$F$6 -> 8530.6 | F89: =N89*Fernando.Motta!$F$6 -> 9388.08 | J89: LACA FOSCA C/ VIDRO INCOLOR | K89: 1721 | L89: 1853 | M89: 1930 | N89: 2124 | P89: LACA FOSCA C/ VIDRO INCOLOR | Q89: 1776 | R89: 1866 | S89: 1779 | T89: 1938
A90: Diâmetro Vidro Ø 100 | B90: LACA BRILHO/METAL. C/ VIDRO INCOLOR | C90: =K90*Fernando.Motta!$F$6 -> 8238.88 | D90: =L90*Fernando.Motta!$F$6 -> 8822.32 | E90: =M90*Fernando.Motta!$F$6 -> 9162.66 | F90: =N90*Fernando.Motta!$F$6 -> 10020.14 | J90: LACA BRILHO/METAL. C/ VIDRO INCOLOR | K90: 1864 | L90: 1996 | M90: 2073 | N90: 2267 | P90: LACA BRILHO/METAL. C/ VIDRO INCOLOR | Q90: 1871 | R90: 1961 | S90: 1875 | T90: 2034

Sheet Fabricio.Ronca
A7: TABELA 06/2022 - LINHA FABRICIO RONCCA
A8: POLTRONA SILLA | B8: SUPREMA NOG/CAST/PTO | C8: LACA FOSCA | D8: LACA BRILHO OU METALIZADO/ SUP NAT OU ROSE NAT | E8: A- 74 P- 71 L- 85
E9: POLTRONA
A10: TECIDO | E10: SILLA
A11: LINHA 400 | B11: =J11*Fernando.Motta!$F$6 -> 8605.74 | C11: =K11*Fernando.Motta!$F$6 -> 11514.1 | D11: =L11*Fernando.Motta!$F$6 -> 14029.08 | I11: LINHA 400 | J11: 1947 | K11: 2605 | L11: 3174
B12: #REF! | C12: #REF! | D12: #REF!
B13: #REF! | C13: #REF! | D13: #REF! | E13: ROLINHO:
A14: LINHA 600 | B14: =J14*Fernando.Motta!$F$6 -> 8725.08 | C14: =K14*Fernando.Motta!$F$6 -> 11633.44 | D14: =L14*Fernando.Motta!$F$6 -> 14148.42 | E14: QUALQUER TECIDO/COURO EM LINHA | I14: LINHA 600 | J14: 1974 | K14: 2632 | L14: 3201
B15: #REF! | C15: #REF! | D15: #REF!
B16: #REF! | C16: #REF! | D16: #REF! | E16: DETALHE:
A17: LINHA 800 | B17: =J17*Fernando.Motta!$F$6 -> 8937.24 | C17: =K17*Fernando.Motta!$F$6 -> 11845.6 | D17: =L17*Fernando.Motta!$F$6 -> 14360.58 | E17: LACA FOSCA/ LACA BRILHO OU METALIZADA | I17: LINHA 800 | J17: 2022 | K17: 2680 | L17: 3249
B18: #REF! | C18: #REF! | D18: #REF!
B19: #REF! | C19: #REF! | D19: #REF!
A20: LINHA 1000 | B20: =J20*Fernando.Motta!$F$6 -> 9007.96 | C20: =K20*Fernando.Motta!$F$6 -> 11916.32 | D20: =L20*Fernando.Motta!$F$6 -> 14435.72 | I20: LINHA 1000 | J20: 2038 | K20: 2696 | L20: 3266
B21: #REF! | C21: #REF! | D21: #REF!
B22: #REF! | C22: #REF! | D22: #REF!
A23: LINHA 1500 | B23: =J23*Fernando.Motta!$F$6 -> 9268.74 | C23: =K23*Fernando.Motta!$F$6 -> 12177.1 | D23: =L23*Fernando.Motta!$F$6 -> 14692.08 | I23: LINHA 1500 | J23: 2097 | K23: 2755 | L23: 3324
B24: #REF! | C24: #REF! | D24: #REF!
B25: #REF! | C25: #REF! | D25: #REF!
A26: LINHA 2000 | B26: =J26*Fernando.Motta!$F$6 -> 9648.86 | C26: =K26*Fernando.Motta!$F$6 -> 12557.22 | D26: =L26*Fernando.Motta!$F$6 -> 15072.2 | I26: LINHA 2000 | J26: 2183 | K26: 2841 | L26: 3410
B27: #REF! | C27: #REF! | D27: #REF!
B28: #REF! | C28: #REF! | D28: #REF!
A29: COURO NATURAL | B29: =J29*Fernando.Motta!$F$6 -> 13507.52 | C29: =K29*Fernando.Motta!$F$6 -> 16415.88 | D29: =L29*Fernando.Motta!$F$6 -> 18930.86 | I29: COURO NATURAL | J29: 3056 | K29: 3714 | L29: 4283
B30: #REF! | C30: #REF! | D30: #REF!
B31: #REF! | C31: #REF! | D31: #REF!
A33: BANCO SILLA | B33: TAMPO | I33: BANCO SILLA | J33: TAMPO
B34: CARVALHO NOG/CAST/PTO/NAT/ROSE NAT | C34: WALNUT NATURAL | D34: LACA FOSCA | E34: LACA BRILHO OU METALIZADA | F34: BANCO | J34: CARVALHO NOG/CAST/PTO/NAT/ROSE NAT | K34: WALNUT NATURAL | L34: LACA FOSCA | M34: LACA BRILHO OU METALIZADA/ SUP NAT OU ROSE NAT
F35: SILLA
A36: TECIDO | B36: MEDIDA: | C36: 140X45x56 | I36: TECIDO | J36: MEDIDA: | K36: 140X45x48
A37: LINHA 400 | B37: =J37*Fernando.Motta!$F$6 -> 9264.32 | C37: =K37*Fernando.Motta!$F$6 -> 9653.28 | D37: =L37*Fernando.Motta!$F$6 -> 10979.28 | E37: =M37*Fernando.Motta!$F$6 -> 10820.16 | G37: LINHA 400 | I37: LINHA 400 | J37: 2096 | K37: 2184 | L37: 2484 | M37: 2448
A38: LINHA 600 | B38: =J38*Fernando.Motta!$F$6 -> 9326.2 | C38: =K38*Fernando.Motta!$F$6 -> 9715.16 | D38: =L38*Fernando.Motta!$F$6 -> 11041.16 | E38: =M38*Fernando.Motta!$F$6 -> 10886.46 | F38: PÉ SUPREMA: | I38: LINHA 600 | J38: 2110 | K38: 2198 | L38: 2498 | M38: 2463
A39: LINHA 800 | B39: =J39*Fernando.Motta!$F$6 -> 9441.12 | C39: =K39*Fernando.Motta!$F$6 -> 9830.08 | D39: =L39*Fernando.Motta!$F$6 -> 11156.08 | E39: =M39*Fernando.Motta!$F$6 -> 10996.96 | F39: NOG/CAST/PTO/ | I39: LINHA 800 | J39: 2136 | K39: 2224 | L39: 2524 | M39: 2488
A40: LINHA 1000 | B40: =J40*Fernando.Motta!$F$6 -> 9476.48 | C40: =K40*Fernando.Motta!$F$6 -> 9865.44 | D40: =L40*Fernando.Motta!$F$6 -> 11191.44 | E40: =M40*Fernando.Motta!$F$6 -> 11036.74 | F40: ROSE NAT/NAT | I40: LINHA 1000 | J40: 2144 | K40: 2232 | L40: 2532 | M40: 2497
A41: LINHA 1500 | B41: =J41*Fernando.Motta!$F$6 -> 9613.5 | C41: =K41*Fernando.Motta!$F$6 -> 10002.46 | D41: =L41*Fernando.Motta!$F$6 -> 11332.88 | E41: =M41*Fernando.Motta!$F$6 -> 11173.76 | F41: LINHA 1500 | I41: LINHA 1500 | J41: 2175 | K41: 2263 | L41: 2564 | M41: 2528
A42: LINHA 2000 | B42: =J42*Fernando.Motta!$F$6 -> 9816.82 | C42: =K42*Fernando.Motta!$F$6 -> 10205.78 | D42: =L42*Fernando.Motta!$F$6 -> 11531.78 | E42: =M42*Fernando.Motta!$F$6 -> 11377.08 | F42: DETALHE: | I42: LINHA 2000 | J42: 2221 | K42: 2309 | L42: 2609 | M42: 2574
A43: COURO NATURAL | B43: =J43*Fernando.Motta!$F$6 -> 11858.86 | C43: =K43*Fernando.Motta!$F$6 -> 12247.82 | D43: =L43*Fernando.Motta!$F$6 -> 13573.82 | E43: =M43*Fernando.Motta!$F$6 -> 13414.7 | F43: LATÃO/ LACA FOSCA | I43: COURO NAT | J43: 2683 | K43: 2771 | L43: 3071 | M43: 3035
B44: MEDIDA: | C44: 160X45x56 | F44: LC BRILHO/ METALIZADA
A45: LINHA 400 | B45: =J45*Fernando.Motta!$F$6 -> 9759.36 | C45: =K45*Fernando.Motta!$F$6 -> 10205.78 | D45: =L45*Fernando.Motta!$F$6 -> 11527.36 | E45: =M45*Fernando.Motta!$F$6 -> 11452.22 | I45: LINHA 400 | J45: 2208 | K45: 2309 | L45: 2608 | M45: 2591
A46: LINHA 600 | B46: =J46*Fernando.Motta!$F$6 -> 9830.08 | C46: =K46*Fernando.Motta!$F$6 -> 10272.08 | D46: =L46*Fernando.Motta!$F$6 -> 11593.66 | E46: =M46*Fernando.Motta!$F$6 -> 11518.52 | F46: LINHA 600 | I46: LINHA 600 | J46: 2224 | K46: 2324 | L46: 2623 | M46: 2606
A47: LINHA 800 | B47: =J47*Fernando.Motta!$F$6 -> 9949.42 | C47: =K47*Fernando.Motta!$F$6 -> 10391.42 | D47: =L47*Fernando.Motta!$F$6 -> 11717.42 | E47: =M47*Fernando.Motta!$F$6 -> 11637.86 | I47: LINHA 800 | J47: 2251 | K47: 2351 | L47: 2651 | M47: 2633
A48: LINHA 1000 | B48: =J48*Fernando.Motta!$F$6 -> 9989.2 | C48: =K48*Fernando.Motta!$F$6 -> 10431.2 | D48: =L48*Fernando.Motta!$F$6 -> 11757.2 | E48: =M48*Fernando.Motta!$F$6 -> 11682.06 | I48: LINHA 1000 | J48: 2260 | K48: 2360 | L48: 2660 | M48: 2643
A49: LINHA 1500 | B49: =J49*Fernando.Motta!$F$6 -> 10135.06 | C49: =K49*Fernando.Motta!$F$6 -> 10581.48 | D49: =L49*Fernando.Motta!$F$6 -> 11903.06 | E49: =M49*Fernando.Motta!$F$6 -> 11827.92 | I49: LINHA 1500 | J49: 2293 | K49: 2394 | L49: 2693 | M49: 2676
A50: LINHA 2000 | B50: =J50*Fernando.Motta!$F$6 -> 10351.64 | C50: =K50*Fernando.Motta!$F$6 -> 10793.64 | D50: =L50*Fernando.Motta!$F$6 -> 12119.64 | E50: =M50*Fernando.Motta!$F$6 -> 12040.08 | I50: LINHA 2000 | J50: 2342 | K50: 2442 | L50: 2742 | M50: 2724
A51: COURO NATURAL | B51: =J51*Fernando.Motta!$F$6 -> 12530.7 | C51: =K51*Fernando.Motta!$F$6 -> 12972.7 | D51: =L51*Fernando.Motta!$F$6 -> 14294.28 | E51: =M51*Fernando.Motta!$F$6 -> 14219.14 | I51: COURO NAT | J51: 2835 | K51: 2935 | L51: 3234 | M51: 3217
B52: MEDIDA: | C52: 180X45x56 | J52: MEDIDA: | K52: 180X45x48
A53: LINHA 400 | B53: =J53*Fernando.Motta!$F$6 -> 10170.42 | C53: =K53*Fernando.Motta!$F$6 -> 10669.88 | D53: =L53*Fernando.Motta!$F$6 -> 12017.98 | E53: =M53*Fernando.Motta!$F$6 -> 12026.82 | F53: LINHA 400 | I53: LINHA 400 | J53: 2301 | K53: 2414 | L53: 2719 | M53: 2721
A54: LINHA 600 | B54: =J54*Fernando.Motta!$F$6 -> 10245.56 | C54: =K54*Fernando.Motta!$F$6 -> 10745.02 | D54: =L54*Fernando.Motta!$F$6 -> 12093.12 | E54: =M54*Fernando.Motta!$F$6 -> 12101.96 | I54: LINHA 600 | J54: 2318 | K54: 2431 | L54: 2736 | M54: 2738
A55: LINHA 800 | B55: =J55*Fernando.Motta!$F$6 -> 10382.58 | C55: =K55*Fernando.Motta!$F$6 -> 10877.62 | D55: =L55*Fernando.Motta!$F$6 -> 12230.14 | E55: =M55*Fernando.Motta!$F$6 -> 12238.98 | I55: LINHA 800 | J55: 2349 | K55: 2461 | L55: 2767 | M55: 2769
A56: LINHA 1000 | B56: =J56*Fernando.Motta!$F$6 -> 10426.78 | C56: =K56*Fernando.Motta!$F$6 -> 10926.24 | D56: =L56*Fernando.Motta!$F$6 -> 12274.34 | E56: =M56*Fernando.Motta!$F$6 -> 12283.18 | I56: LINHA 1000 | J56: 2359 | K56: 2472 | L56: 2777 | M56: 2779
A57: LINHA 1500 | B57: =J57*Fernando.Motta!$F$6 -> 10594.74 | C57: =K57*Fernando.Motta!$F$6 -> 11089.78 | D57: =L57*Fernando.Motta!$F$6 -> 12442.3 | E57: =M57*Fernando.Motta!$F$6 -> 12446.72 | I57: LINHA 1500 | J57: 2397 | K57: 2509 | L57: 2815 | M57: 2816
A58: LINHA 2000 | B58: =J58*Fernando.Motta!$F$6 -> 10833.42 | C58: =K58*Fernando.Motta!$F$6 -> 11332.88 | D58: =L58*Fernando.Motta!$F$6 -> 12680.98 | E58: =M58*Fernando.Motta!$F$6 -> 12689.82 | I58: LINHA 2000 | J58: 2451 | K58: 2564 | L58: 2869 | M58: 2871
A59: COURO NATURAL | B59: =J59*Fernando.Motta!$F$6 -> 13286.52 | C59: =K59*Fernando.Motta!$F$6 -> 13781.56 | D59: =L59*Fernando.Motta!$F$6 -> 15134.08 | E59: =M59*Fernando.Motta!$F$6 -> 15138.5 | I59: COURO NAT | J59: 3006 | K59: 3118 | L59: 3424 | M59: 3425
A61: BANCO SILLA | B61: TAMPO
B62: CARVALHO NOG/CAST/PTO/NAT/ROSE NAT | C62: WALNUT NATURAL | D62: LACA FOSCA | E62: LACA BRILHO/ METALIZADA | F62: BANCO
F63: SILLA
A64: TECIDO | B64: MEDIDA: | C64: 200X45x56 | J64: MEDIDA: | K64: 200X45x48
A65: LINHA 400 | B65: =J65*Fernando.Motta!$F$6 -> 10789.22 | C65: =K65*Fernando.Motta!$F$6 -> 11341.72 | D65: =L65*Fernando.Motta!$F$6 -> 12703.08 | E65: =M65*Fernando.Motta!$F$6 -> 12791.48 | F65: PÉ SUPREMA: | I65: LINHA 400 | J65: 2441 | K65: 2566 | L65: 2874 | M65: 2894
A66: LINHA 600 | B66: =J66*Fernando.Motta!$F$6 -> 10873.2 | C66: =K66*Fernando.Motta!$F$6 -> 11425.7 | D66: =L66*Fernando.Motta!$F$6 -> 12787.06 | E66: =M66*Fernando.Motta!$F$6 -> 12875.46 | F66: NOG/CAST/PTO/ | I66: LINHA 600 | J66: 2460 | K66: 2585 | L66: 2893 | M66: 2913
A67: LINHA 800 | B67: =J67*Fernando.Motta!$F$6 -> 11023.48 | C67: =K67*Fernando.Motta!$F$6 -> 11575.98 | D67: =L67*Fernando.Motta!$F$6 -> 12937.34 | E67: =M67*Fernando.Motta!$F$6 -> 13025.74 | F67: ROSE NAT/NAT | I67: LINHA 800 | J67: 2494 | K67: 2619 | L67: 2927 | M67: 2947
A68: LINHA 1000 | B68: =J68*Fernando.Motta!$F$6 -> 11076.52 | C68: =K68*Fernando.Motta!$F$6 -> 11624.6 | D68: =L68*Fernando.Motta!$F$6 -> 12990.38 | E68: =M68*Fernando.Motta!$F$6 -> 13078.78 | F68: LINHA 1500 | I68: LINHA 1000 | J68: 2506 | K68: 2630 | L68: 2939 | M68: 2959
A69: LINHA 1500 | B69: =J69*Fernando.Motta!$F$6 -> 11262.16 | C69: =K69*Fernando.Motta!$F$6 -> 11810.24 | D69: =L69*Fernando.Motta!$F$6 -> 13171.6 | E69: =M69*Fernando.Motta!$F$6 -> 13260 | F69: DETALHE: | I69: LINHA 1500 | J69: 2548 | K69: 2672 | L69: 2980 | M69: 3000
A70: LINHA 2000 | B70: =J70*Fernando.Motta!$F$6 -> 11527.36 | C70: =K70*Fernando.Motta!$F$6 -> 12079.86 | D70: =L70*Fernando.Motta!$F$6 -> 13441.22 | E70: =M70*Fernando.Motta!$F$6 -> 13529.62 | F70: LATÃO/ LACA FOSCA | I70: LINHA 2000 | J70: 2608 | K70: 2733 | L70: 3041 | M70: 3061
A71: COURO NATURAL | B71: =J71*Fernando.Motta!$F$6 -> 14250.08 | C71: =K71*Fernando.Motta!$F$6 -> 14798.16 | D71: =L71*Fernando.Motta!$F$6 -> 16163.94 | E71: =M71*Fernando.Motta!$F$6 -> 16252.34 | F71: LC BRILHO/ METALIZADA | I71: COURO NAT | J71: 3224 | K71: 3348 | L71: 3657 | M71: 3677
B72: MEDIDA: | C72: 220X45x56 | J72: MEDIDA: | K72: 220X45x48
A73: LINHA 400 | B73: =J73*Fernando.Motta!$F$6 -> 11169.34 | C73: =K73*Fernando.Motta!$F$6 -> 11774.88 | D73: =L73*Fernando.Motta!$F$6 -> 13180.44 | E73: =M73*Fernando.Motta!$F$6 -> 13352.82 | I73: LINHA 400 | J73: 2527 | K73: 2664 | L73: 2982 | M73: 3021
A74: LINHA 600 | B74: =J74*Fernando.Motta!$F$6 -> 11271 | C74: =K74*Fernando.Motta!$F$6 -> 11876.54 | D74: =L74*Fernando.Motta!$F$6 -> 13282.1 | E74: =M74*Fernando.Motta!$F$6 -> 13454.48 | I74: LINHA 600 | J74: 2550 | K74: 2687 | L74: 3005 | M74: 3044
A75: LINHA 800 | B75: =J75*Fernando.Motta!$F$6 -> 11452.22 | C75: =K75*Fernando.Motta!$F$6 -> 12057.76 | D75: =L75*Fernando.Motta!$F$6 -> 13463.32 | E75: =M75*Fernando.Motta!$F$6 -> 13631.28 | I75: LINHA 800 | J75: 2591 | K75: 2728 | L75: 3046 | M75: 3084
A76: LINHA 1000 | B76: =J76*Fernando.Motta!$F$6 -> 11514.1 | C76: =K76*Fernando.Motta!$F$6 -> 12115.22 | D76: =L76*Fernando.Motta!$F$6 -> 13520.78 | E76: =M76*Fernando.Motta!$F$6 -> 13693.16 | I76: LINHA 1000 | J76: 2605 | K76: 2741 | L76: 3059 | M76: 3098
A77: LINHA 1500 | B77: =J77*Fernando.Motta!$F$6 -> 11735.1 | C77: =K77*Fernando.Motta!$F$6 -> 12336.22 | D77: =L77*Fernando.Motta!$F$6 -> 13741.78 | E77: =M77*Fernando.Motta!$F$6 -> 13914.16 | I77: LINHA 1500 | J77: 2655 | K77: 2791 | L77: 3109 | M77: 3148
A78: LINHA 2000 | B78: =J78*Fernando.Motta!$F$6 -> 12053.34 | C78: =K78*Fernando.Motta!$F$6 -> 12658.88 | D78: =L78*Fernando.Motta!$F$6 -> 14064.44 | E78: =M78*Fernando.Motta!$F$6 -> 14236.82 | I78: LINHA 2000 | J78: 2727 | K78: 2864 | L78: 3182 | M78: 3221
A79: COURO NATURAL | B79: =J79*Fernando.Motta!$F$6 -> 15319.72 | C79: =K79*Fernando.Motta!$F$6 -> 15925.26 | D79: =L79*Fernando.Motta!$F$6 -> 17330.82 | E79: =M79*Fernando.Motta!$F$6 -> 17503.2 | I79: COURO NAT | J79: 3466 | K79: 3603 | L79: 3921 | M79: 3960
A81: APARADOR SILLA | B81: GAVETAS E TAMPO | C81: PÉ | E81: APARADOR | I81: APARADOR SILLA | J81: GAVETAS E TAMPO | K81: PÉ | L81: PÉ
A82: AYLA | C82: SUPREMA NOG/CAST/PTO/NAT/ROSE NAT | E82: SILLA | I82: AYLA | K82: SUPREMA NOG/CAST/PTO/NAT/ROSE NAT | L82: SUPREMA
A84: LXPXA | E84: DETALHE CENTRAL: | I84: LXPXA
A85: 160X45X83 3 GAVETAS | B85: CARVALHO COM TS | C85: =K85*Fernando.Motta!$F$6 -> 15465.58 | E85: LATÃO/ LACA FOSCA | J85: CARVALHO COM TS | K85: 3499 | L85: 1768
B86: WALNUT COM TS | C86: =K86*Fernando.Motta!$F$6 -> 16632.46 | E86: LC BRILHO/ METALIZADA | J86: WALNUT COM TS | K86: 3763
B87: LACA FOSCA C/ TS | C87: =K87*Fernando.Motta!$F$6 -> 16725.28 | J87: LACA FOSCA C/ TS | K87: 3784
B88: LACA BRILHO/MET. C/ TS | C88: =K88*Fernando.Motta!$F$6 -> 18435.82 | J88: LACA BRILHO/MET. C/ TS | K88: 4171 | L88: 1828
A89: 180X45X83 3 GAVETAS | B89: CARVALHO COM TS | C89: =K89*Fernando.Motta!$F$6 -> 16084.38 | J89: CARVALHO COM TS | K89: 3639 | L89: 1869
B90: WALNUT COM TS | C90: =K90*Fernando.Motta!$F$6 -> 17419.22 | J90: WALNUT COM TS | K90: 3941
B91: LACA FOSCA C/ TS | C91: =K91*Fernando.Motta!$F$6 -> 17392.7 | J91: LACA FOSCA C/ TS | K91: 3935
B92: LACA BRILHO/MET. C/ TS | C92: =K92*Fernando.Motta!$F$6 -> 19271.2 | J92: LACA BRILHO/MET. C/ TS | K92: 4360 | L92: 1935
A93: 200X45X83 3 GAVETAS | B93: CARVALHO COM TS | C93: =K93*Fernando.Motta!$F$6 -> 17052.36 | J93: CARVALHO COM TS | K93: 3858 | L93: 1929
B94: WALNUT COM TS | C94: =K94*Fernando.Motta!$F$6 -> 18559.58 | J94: WALNUT COM TS | K94: 4199
B95: LACA FOSCA C/ TS | C95: =K95*Fernando.Motta!$F$6 -> 18400.46 | J95: LACA FOSCA C/ TS | K95: 4163
B96: LACA BRILHO/MET. C/ TS | C96: =K96*Fernando.Motta!$F$6 -> 20438.08 | J96: LACA BRILHO/MET. C/ TS | K96: 4624 | L96: 2002
A97: 220X45X83 4 GAVETAS | B97: CARVALHO COM TS | C97: =K97*Fernando.Motta!$F$6 -> 18639.14 | J97: CARVALHO COM TS | K97: 4217 | L97: 1929
B98: WALNUT COM TS | C98: =K98*Fernando.Motta!$F$6 -> 20243.6 | J98: WALNUT COM TS | K98: 4580
B99: LACA FOSCA C/ TS | C99: =K99*Fernando.Motta!$F$6 -> 20013.76 | J99: LACA FOSCA C/ TS | K99: 4528
B100: LACA BRILHO/MET. C/ TS | C100: =K100*Fernando.Motta!$F$6 -> 22219.34 | J100: LACA BRILHO/MET. C/ TS | K100: 5027 | L100: 2002
A104: DESK SILLA | B104: GAVETAS E TAMPO | C104: PÉ | E104: DESK | I104: APARADOR SILLA | J104: GAVETAS E TAMPO | K104: PÉ | L104: PÉ
A105: AYLA | C105: SUPREMA NOG/CAST/PTO/NAT/ROSE NAT | E105: SILLA | I105: AYLA | K105: SUPREMA NOG/CAST/PTO/NAT/ROSE NAT | L105: SUPREMA
A107: LXPXA | E107: DETALHE CENTRAL: | I107: LXPXA
A108: 160X45X83 | B108: CARVALHO COM TS | C108: =K108*Fernando.Motta!$F$6 -> 12442.3 | E108: LATÃO/ LACA FOSCA | I108: 160X45X78 | J108: CARVALHO COM TS | K108: 2815 | L108: 1869
B109: WALNUT COM TS | C109: =K109*Fernando.Motta!$F$6 -> 13114.14 | E109: LC BRILHO/ METALIZADA | J109: WALNUT COM TS | K109: 2967
B110: LACA FOSCA C/ TS | C110: =K110*Fernando.Motta!$F$6 -> 13383.76 | J110: LACA FOSCA C/ TS | K110: 3028
B111: LACA BRILHO/MET. C/ TS | C111: =K111*Fernando.Motta!$F$6 -> 14488.76 | J111: LACA BRILHO/MET. C/ TS | K111: 3278 | L111: 1935
A112: 180X45X83 | B112: CARVALHO COM TS | C112: =K112*Fernando.Motta!$F$6 -> 12924.08 | I112: 180X45X78 | J112: CARVALHO COM TS | K112: 2924 | L112: 1929
B113: WALNUT COM TS | C113: =K113*Fernando.Motta!$F$6 -> 13653.38 | J113: WALNUT COM TS | K113: 3089
B114: LACA FOSCA C/ TS | C114: =K114*Fernando.Motta!$F$6 -> 14024.66 | J114: LACA FOSCA C/ TS | K114: 3173
...
